﻿<?xml version="1.0" encoding="UTF-8"?>
<window>
	<controls>
		<control type="image">
			<width>1920</width>
			<height>1080</height>
			<aspectratio>stretch</aspectratio>
			<texture colordiffuse="ff000000">white.jpg</texture>
		</control>
		<control type="list" id="1">
			<description>REQUIRED: The list of images</description>
			<width>1920</width>
			<height>1080</height>
			<orientation>horizontal</orientation>
			<scrolltime>0</scrolltime>
			<pagecontrol>2</pagecontrol>
			<itemlayout/>
			<focusedlayout width="1920" height="1080"/>
		</control>
		<control type="image">
			<width>1920</width>
			<height>1080</height>
			<aspectratio>keep</aspectratio>
			<texture>$INFO[Container(1).ListItem.Icon]</texture>
			<fadetime>500</fadetime>
		</control>
		<control type="scrollbar" id="2">
			<description>REQUIRED: It's the default control, which is going to be focused on window init.</description>
			<bottom>0</bottom>
			<height>5</height>
			<width>1920</width>
			<orientation>horizontal</orientation>
			<showonepage>false</showonepage>
			<texturesliderbackground colordiffuse="50000000">white.jpg</texturesliderbackground>
			<texturesliderbar colordiffuse="Highlight">white.jpg</texturesliderbar>
			<texturesliderbarfocus colordiffuse="Highlight">white.jpg</texturesliderbarfocus>
			<animation effect="fade" time="300" start="100" end="0" condition="System.IdleTime(2)">Conditional</animation>
		</control>
	</controls>
</window>