<?xml version="1.0" encoding="UTF-8"?>
<window>
	<onload condition="System.HasAddon(script.favourites)">RunScript(script.favourites)</onload>
	<onload condition="System.HasAddon(script.skinshortcuts)">RunScript(script.skinshortcuts,type=buildxml&amp;mainmenuID=300&amp;options=noGroups)</onload>
<!--    <include>ClearWidgetNavProperties2</include> -->
	<onunload>ClearProperty(SkinHelper.WidgetContainer,home)</onunload>
	<defaultcontrol always="true">300</defaultcontrol>
	<controls>
		<control type="list" id="9988">
			<description>hidden container for playlist background</description>
			<posx>-20</posx>
			<posy>-20</posy>
			<width>1</width>
			<height>1</height>
			<visible>true</visible>
			<onup>50</onup>
			<ondown>50</ondown>
			<onleft>50</onleft>
			<onright>50</onright>
			<autoscroll>true</autoscroll>
			<scrolltime>10000</scrolltime>
			<itemlayout width="1" height="1">
			</itemlayout>
			<focusedlayout height="1" width="1">
			</focusedlayout>
			<content>$INFO[Container(300).ListItem.Property(backgroundPlaylist)]</content>
		</control>
		<control type="multiimage">
			<visible>![Player.HasVideo + Skin.HasSetting(Show_Player)]</visible>
			<include>Dimensions_Fullscreen</include>
			<fadetime>400</fadetime>
			<imagepath background="true">$VAR[HomeBackground]</imagepath>
			<include>MultiImageTime</include>
		</control>
		<control type="visualisation">
			<visible>Player.HasAudio + Skin.HasSetting(Show_Player)</visible>
			<include>Dimensions_Fullscreen</include>
		</control>
		<control type="videowindow">
			<visible>Player.HasVideo + Skin.HasSetting(Show_Player)</visible>
			<include>Dimensions_Fullscreen</include>
		</control>
		<control type="group" description="Content">
			<animation effect="fade" start="0" end="100" time="1000" condition="Window.Previous(Startup.xml)">Conditional</animation>
			<animation effect="fade" start="0" end="100" time="200" condition="!Window.Previous(Startup.xml)">Conditional</animation>
			<include condition="Skin.HasSetting(VerticalHome)">Vertical_Home_Layout</include>
			<include condition="!Skin.HasSetting(VerticalHome)">Horizontal_Home_Layout</include>
			<include>Time</include>
			<include condition="[!Skin.HasSetting(Home_DefaultBG) + Skin.HasSetting(Enable.FanartTitle) + !Skin.HasSetting(VerticalHome)]">FanartTitleHorizontal</include>
			<include condition="[!Skin.HasSetting(Home_DefaultBG) + Skin.HasSetting(Enable.FanartTitle) + Skin.HasSetting(VerticalHome)]">FanartTitleVertical</include>
			<control type="group">
				<include condition="System.HasAddon(service.library.data.provider)">PlayListStatsList</include>
			</control>
		</control>
		<include condition="Skin.HasSetting(holiday)">Holiday</include>
	</controls>
</window>