<?xml version="1.0" encoding="UTF-8"?>
<includes>
	<include name="View_501_TallList">
		<control type="group">
			<include content="BackgroundOverlay">
				<param name="parentid" value="501"/>
				<param name="overlaytop" value="60"/>
				<param name="overlayheight" value="1860"/>
			</include>
			<visible>Control.IsVisible(501)</visible>
			<include>ContentFade</include>
           
			<control type="list" id="501">
				<viewtype label="$LOCALIZE[32060]">Tall List</viewtype>
				<posx>710</posx>
                <posy>105</posy>
                <height>949</height>
				<width>1210</width>
				<pagecontrol>6501</pagecontrol>
				<onleft condition="!Skin.HasSetting(KioskMode.Enabled)">9000</onleft>
                <onleft condition="Skin.HasSetting(KioskMode.Enabled)">noop</onleft>
                <oninfo condition="ListItem.IsCollection + !String.Contains(System.BuildVersion,19.0)">ActivateWindow(1127)</oninfo>
				<onright>6501</onright>
				<onup>501</onup>
				<ondown>501</ondown>
				<preloaditems>4</preloaditems>
                <visible>!Skin.HasSetting(hide.talllistview)</visible>
                <include condition="!Skin.HasSetting(Show.MoreItems.List)" content="List_Layout">
                    <param name="id">501</param>
                    <param name="ListLabelFont">font16</param>
                    <param name="ListLabel2Font">ListDetails</param>
                    <param name="itemheight">72</param>
                    <param name="BGposy">15</param>
                </include>
                <include condition="Skin.HasSetting(Show.MoreItems.List)" content="List_Layout">
                    <param name="id">501</param>
                    <param name="ListLabelFont">ListDetails</param>
                    <param name="ListLabel2Font">ListDetails</param>
                    <param name="itemheight">52</param>
                    <param name="BGposy">5</param>
                </include>
			</control>

			<control type="scrollbar" id="6501">
				<animation effect="slide" start="0,0" end="-8,0" time="150">Focus</animation>
				<animation effect="slide" start="-8,0" end="0,0" time="300">UnFocus</animation>
				<posx>20r</posx>
				<posy>351</posy>
				<width>36</width>
				<height>700</height>
				<texturesliderbackground></texturesliderbackground>
				<texturesliderbar></texturesliderbar>
				<texturesliderbarfocus></texturesliderbarfocus>
				<textureslidernib border="18">OSD/ScrollbarNibNF.png</textureslidernib>
				<textureslidernibfocus border="18">OSD/ScrollbarNibFO.png</textureslidernibfocus>
				<showonepage>false</showonepage>
				<orientation>vertical</orientation>
				<onleft>501</onleft>
				<onright condition="!Skin.HasSetting(KioskMode.Enabled)">9000</onright>
                <onright condition="Skin.HasSetting(KioskMode.Enabled)">501</onright>
			</control>

			<include content="PanelTemplateTall">
				<param name="top">270</param>
				<param name="left">605</param>
				<param name="height">353</param>
				<param name="width">650</param>
                <param name="plotgrouptop">60</param>
				<param name="heading">$VAR[panelheading]</param>
				<param name="subheading">$VAR[panelsubheading]</param>
				<param name="plot">$VAR[Plots]</param>
				<param name="footer">$VAR[panelfooter]</param>
				<param name="visibility">Container.content(addons)</param>
			</include>

			<include content="PanelTemplateTall">
				<param name="top">258</param>
				<param name="left">605</param>
				<param name="height">303</param>
				<param name="width">650</param>
                <param name="plotgrouptop">150</param>
                <param name="footertop">485</param>
                <param name="flagstop">989</param>
				<param name="heading">$VAR[panelheading]</param>
				<param name="subheading">$VAR[panelsubheading]</param>
				<param name="plot">$VAR[Plots]</param>
				<param name="footer">$VAR[panelfooter]</param>
				<param name="visibility">Container.Content(episodes)</param>
			</include>

			<include content="PanelTemplateTall">
				<param name="top">118</param>
				<param name="left">605</param>
				<param name="height">595</param>
				<param name="width">650</param>
                <param name="plotgrouptop">150</param>
                <param name="footertop">845</param>
                <param name="flagstop">1005</param>
				<param name="heading">$VAR[panelheading]</param>
				<param name="subheading">$VAR[panelsubheading]</param>
				<param name="plot">$VAR[Plots]</param>
				<param name="footer">$VAR[panelfooter]</param>
				<param name="visibility">Container.Content(games) | Container.content(movies) | Container.Content(musicvideos)</param>
			</include>
            
            <include content="PanelTemplateTall">
				<param name="top">118</param>
				<param name="left">605</param>
				<param name="height">645</param>
				<param name="width">650</param>
                <param name="plotgrouptop">150</param>
                <param name="footertop">845</param>
                <param name="flagstop">1005</param>
				<param name="heading">$VAR[panelheading]</param>
				<param name="subheading">$VAR[panelsubheading]</param>
				<param name="plot">$VAR[Plots]</param>
				<param name="footer">$VAR[panelfooter]</param>
				<param name="visibility">Container.Content(images)</param>
			</include>
            
			<include content="PanelTemplateTall">
				<param name="top">108</param>
				<param name="left">605</param>
				<param name="height">565</param>
				<param name="width">650</param>
				<param name="heading">$VAR[panelheading]</param>
				<param name="subheading">$VAR[panelsubheading]</param>
                <param name="subheading2">$VAR[panelsubheading2]</param>
                <param name="plotgrouptop">220</param>
                <param name="footertop">815</param>
                <param name="subheading2_visible">!String.IsEmpty(Window(Home).Property(NextAired.NextDate))</param>
				<param name="plot">$VAR[Plots]</param>
				<param name="footer">$VAR[panelfooter]</param>
				<param name="visibility">Container.content(tvshows) | Container.Content(seasons)</param>
			</include>            
			<include content="PanelTemplateTall">
				<param name="top">118</param>
				<param name="left">605</param>
				<param name="height">410</param>
				<param name="width">650</param>
                <param name="plotgrouptop">150</param>
                <param name="footertop">845</param>
				<param name="heading">$VAR[panelheading]</param>
				<param name="subheading">$VAR[panelsubheading]</param>
				<param name="footer">$VAR[panelfooter]</param>
				<param name="visibility">Container.content(sets)</param>
			</include>
			<include content="PanelTemplateTall">
				<param name="top">118</param>
				<param name="left">605</param>
				<param name="height">545</param>
				<param name="width">650</param>
                <param name="plotgrouptop">150</param>
                <param name="footertop">845</param>
				<param name="heading">$VAR[panelheading]</param>
				<param name="subheading">$VAR[panelsubheading]</param>
				<param name="plot">$VAR[Plots]</param>
				<param name="subcontent_label">$INFO[ListItem.Label]$INFO[ListItem.Year,  (,)]</param>
				<param name="subcontent_path">$INFO[ListItem.FolderPath]</param>
				<param name="subcontent_visible">String.IsEmpty(ListItem.Property(Artist_Description))</param>
				<param name="subcontent_image_visible">false</param>
				<param name="footer">$VAR[panelfooter]</param>
				<param name="visibility">Container.content(artists)</param>
			</include>
			<include content="PanelTemplateTall">
				<param name="top">118</param>
				<param name="left">605</param>
				<param name="height">545</param>
				<param name="width">650</param>
                <param name="plotgrouptop">150</param>
                <param name="footertop">845</param>
				<param name="heading">$VAR[panelheading]</param>
				<param name="subheading">$VAR[panelsubheading]</param>
				<param name="plot">$VAR[Plots]</param>
				<param name="subcontent_label">$INFO[ListItem.TrackNumber,,. ]$INFO[ListItem.Label]$INFO[ListItem.Duration,  (,)]</param>
				<param name="subcontent_path">$INFO[ListItem.FolderPath]</param>
				<param name="subcontent_sortby" value="track" />
				<param name="subcontent_sortorder" value="ascending" />
				<param name="subcontent_visible">String.IsEmpty(ListItem.Property(Album_Description))</param>
				<param name="subcontent_image_visible">false</param>
				<param name="footer">$VAR[panelfooter]</param>
				<param name="visibility">Container.content(albums)</param>
			</include>
			<control type="group" description="501 MediaInfo">
				<posx>20</posx>
				<posy>100</posy>
				<width>560</width>
				<control type="label">
					<top>60</top>
                    <height>45</height>
					<align>center</align>
					<label>$VAR[listmediaheader]</label>
					<textcolor>Highlight</textcolor>
				</control>
				<include content="ShadowedImage">
                    <param name="top">0</param>
                    <param name="left">0</param>
					<param name="width">560</param>
					<param name="height">890</param>
					<param name="texture">$VAR[ThumbType]</param>
				</include>
				<control type="label">
					<top>780</top>
					<height>45</height>
					<align>center</align>
					<label>$VAR[listmediafooter]</label>
					<textcolor>Highlight</textcolor>
				</control>
			</control>
            <include content="MediaFlags">
				<param name="top">1005</param>
				<param name="left">20</param>
				<param name="width">560</param>
				<param name="visibility">true</param>
                <param name="showratingbadge">false</param>
            </include>
		</control>
	</include>

</includes>
