<?xml version="1.0" encoding="UTF-8"?>
<includes>

	<include name="View_52_BigList">
		<include content="BackgroundOverlay">
			<param name="parentid" value="52"/>
		</include>
		<control type="group" description="Large Infolist2">
			<visible>Control.IsVisible(52)</visible>
			<include>ContentFade</include>
			<control type="list" id="52">
				<viewtype label="$LOCALIZE[31999]">biglist</viewtype>
				<posx>880</posx>
				<posy>40</posy>
				<width>1040</width>
				<height>1040</height>
				<pagecontrol>62</pagecontrol>
                <onleft condition="!Skin.HasSetting(KioskMode.Enabled)">9000</onleft>
                <onleft condition="Skin.HasSetting(KioskMode.Enabled)">noop</onleft>
                <oninfo condition="ListItem.IsCollection + !String.Contains(System.BuildVersion,19.0)">ActivateWindow(1127)</oninfo>
				<onright>62</onright>
				<onup>52</onup>
				<ondown>52</ondown>
				<preloaditems>4</preloaditems>
				<visible>!Skin.HasSetting(hide.biglistview)</visible>
				<itemlayout height="104" width="1040" condition="Container.Content() | Container.Content(files) | Container.Content(playlists) | Container.Content(Tags) | Container.Content(Actors) | Container.Content(Directors) | Container.Content(Years) | Container.Content(Countries) | Container.Content(roles) | [Container.Content(genres) + Window.IsActive(MyVideoNav.xml) + String.IsEmpty(skin.string(moviegenreiconsResource.path))] | [Container.Content(genres) + Window.IsActive(MyMusicNav.xml) + String.IsEmpty(skin.string(musicgenreiconsResource.path))] | [Container.Content(studios) + String.IsEmpty(skin.string(studiosResource.path))]">
					<include content="52_layout">
						<param name="left">90</param>
						<param name="width">1120</param>
						<param name="imgwidth">60</param>
						<param name="image">$VAR[Square]</param>
						<param name="isfocused">false</param>
					</include>
				</itemlayout>
				<focusedlayout height="104" width="1040" condition="Container.Content() | Container.Content(files) | Container.Content(playlists) | Container.Content(Tags) | Container.Content(Actors) | Container.Content(Directors) | Container.Content(Years) | Container.Content(Countries) | Container.Content(roles) | [Container.Content(genres) + Window.IsActive(MyVideoNav.xml) + String.IsEmpty(skin.string(moviegenreiconsResource.path))] | [Container.Content(genres) + Window.IsActive(MyMusicNav.xml) + String.IsEmpty(skin.string(musicgenreiconsResource.path))] | [Container.Content(studios) + String.IsEmpty(skin.string(studiosResource.path))]">
					<include content="52_layout">
						<param name="left">90</param>
						<param name="width">1120</param>
						<param name="imgwidth">60</param>
						<param name="image">$VAR[Square]</param>
						<param name="isfocused">true</param>
					</include>
				</focusedlayout>
				<itemlayout height="104" width="1040" condition="Container.Content(episodes) | Container.Content(movies) | Container.Content(tvshows) | Container.Content(seasons) | Container.Content(sets)">
					<include content="52_layout">
						<param name="left">90</param>
						<param name="width">1120</param>
						<param name="imgwidth">60</param>
						<param name="isfocused">false</param>
					</include>
				</itemlayout>
				<focusedlayout height="104" width="1040" condition="Container.Content(episodes) | Container.Content(movies) | Container.Content(tvshows) | Container.Content(seasons) | Container.Content(sets)">
					<include content="52_layout">
						<param name="left">90</param>
						<param name="width">1120</param>
						<param name="imgwidth">60</param>
						<param name="isfocused">true</param>
					</include>
				</focusedlayout>
				<itemlayout height="104" width="1040" condition="Container.Content(musicvideos) | Container.Content(artists) | Container.Content(albums) | Container.Content(songs) | Container.Content(addons)">
					<include content="52_layout">
						<param name="left">90</param>
						<param name="width">1120</param>
						<param name="imgwidth">60</param>
						<param name="isfocused">false</param>
						<param name="image">$VAR[Square]</param>
					</include>
				</itemlayout>
				<focusedlayout height="104" width="1040" condition="Container.Content(musicvideos) | Container.Content(artists) | Container.Content(albums) | Container.Content(songs) | Container.Content(addons)">
					<include content="52_layout">
						<param name="left">90</param>
						<param name="width">1120</param>
						<param name="imgwidth">60</param>
						<param name="isfocused">true</param>
						<param name="image">$VAR[Square]</param>
					</include>
				</focusedlayout>
				<itemlayout height="104" width="1040" condition="Container.Content(images)">
					<include content="52_layout">
						<param name="left">90</param>
						<param name="width">1120</param>
                        <param name="imgwidth">60</param>
						<param name="isfocused">false</param>
					</include>
				</itemlayout>
				<focusedlayout height="104" width="1040" condition="Container.Content(images)">
					<include content="52_layout">
						<param name="left">90</param>
						<param name="width">1120</param>
                        <param name="imgwidth">60</param>
						<param name="isfocused">true</param>
					</include>
				</focusedlayout>
				<itemlayout height="104" width="1040" condition="![container.content(episodes) | container.content(addons) | container.content(artists) | container.content(albums) | container.content(songs) | Container.Content(images) | Container.Content(musicvideos) | container.content(movies) | container.content(sets) | container.content(TVshows) | container.content(seasons)]">
					<include content="52_layout">
						<param name="left">90</param>
						<param name="width">1120</param>
						<param name="imgwidth">60</param>
						<param name="isfocused">false</param>
						<param name="image">$VAR[Square]</param>
					</include>
				</itemlayout>
				<focusedlayout height="104" width="1040" condition="![container.content(episodes) | container.content(addons) | container.content(artists) | container.content(albums) | container.content(songs) | Container.Content(images) | Container.Content(musicvideos) | container.content(movies) | container.content(sets) | container.content(TVshows) | container.content(seasons)]">
					<include content="52_layout">
						<param name="left">90</param>
						<param name="width">1120</param>
						<param name="imgwidth">60</param>
						<param name="image">$VAR[Square]</param>
						<param name="isfocused">true</param>
					</include>
				</focusedlayout>
			</control>

			<control type="scrollbar" id="62">
				<animation effect="slide" start="0,0" end="-8,0" time="150">Focus</animation>
				<animation effect="slide" start="-8,0" end="0,0" time="300">UnFocus</animation>
				<posx>21r</posx>
				<posy>60</posy>
				<width>36</width>
				<height>1120</height>
				<texturesliderbackground></texturesliderbackground>
				<texturesliderbar></texturesliderbar>
				<texturesliderbarfocus></texturesliderbarfocus>
				<textureslidernib border="18">OSD/ScrollbarNibNF.png</textureslidernib>
				<textureslidernibfocus border="18">OSD/ScrollbarNibFO.png</textureslidernibfocus>
				<showonepage>false</showonepage>
				<orientation>vertical</orientation>
				<onleft>52</onleft>
				<onright>noop</onright>
			</control>
            
			<include content="PanelTemplate52">
				<param name="visibility">![Container.Content(artists) | Container.Content(albums)]</param>
			</include>
			<include content="PanelTemplate52">
                <param name="plotheight">360</param>
				<param name="subcontent_label">$INFO[ListItem.Label]$INFO[ListItem.Year,  (,)]</param>
				<param name="subcontent_path">$INFO[ListItem.FolderPath]</param>
				<param name="subcontent_visible">String.IsEmpty(ListItem.Property(Artist_Description))</param>
				<param name="subcontent_image_visible">false</param>
				<param name="visibility">Container.content(artists)</param>
			</include>
			<include content="PanelTemplate52">
                <param name="plotheight">360</param>
				<param name="subcontent_label">$INFO[ListItem.TrackNumber,,. ]$INFO[ListItem.Label]$INFO[ListItem.Duration,  (,)]</param>
				<param name="subcontent_path">$INFO[ListItem.FolderPath]</param>
				<param name="subcontent_sortby" value="track" />
				<param name="subcontent_sortorder" value="ascending" />
				<param name="subcontent_visible">String.IsEmpty(ListItem.Property(Album_Description))</param>
				<param name="subcontent_image_visible">false</param>
				<param name="visibility">Container.content(albums)</param>
			</include>
		</control>
	</include>
    
</includes>
