<?xml version="1.0" encoding="UTF-8"?>
<includes>

	<expression name="56_FanartViewInfo">[[container.content(albums) | container.content(artists)] + Skin.HasSetting(56_Music_Info)] | 
	                                      [container.content(episodes) + Skin.HasSetting(56_Episodes_Info)] | 
										  [[container.content(MusicVideos) | container.content(movies) | container.content(sets) | container.content(tvshows) | container.content(seasons)] + Skin.HasSetting(56_Posters_Info)]</expression>

    <expression name="56_FanartViewGallery">[[container.content(albums) | container.content(artists)] + Skin.HasSetting(56_Music_Gallery)] | 
	                                         [container.content(episodes) + Skin.HasSetting(56_Episodes_Gallery)] | 
											 [[container.content(MusicVideos) | container.content(movies) | container.content(sets) | container.content(tvshows) | container.content(seasons)] + Skin.HasSetting(56_Posters_Gallery)]</expression>
	
	<include name="FocusSquare">
	    <focusposition>2</focusposition>
	</include>
	
	<include name="FocusPoster">
	    <focusposition>4</focusposition>
	</include>
	
	<include name="MovieFanartThumbDimensions">
		<posx>15</posx>
		<posy>15</posy>
		<width>210</width>
		<height>312</height>
	</include>
	<include name="MovieFanartThumbDimensionsGallery">
		<posx>-10</posx>
		<posy>15</posy>
		<width>280</width>
		<height>416</height>
	</include>
	<include name="MovieFanartBG">
		<bordersize>-12</bordersize>
		<texture>thumbs/PosterBG_NF.png</texture>
	</include>
	<include name="MovieFanartThumb">
		<texture background="true">$VAR[Poster]</texture>
		<aspectratio aligny="top">scale</aspectratio>
	</include>
	<include name="MovieFanartReflection">
		<posx>15</posx>
		<posy>330</posy>
		<width>210</width>
		<height>312</height>
		<colordiffuse>229e9e9e</colordiffuse>
		<texture background="true" flipy="true">$VAR[Poster]</texture>
		<aspectratio aligny="top">scale</aspectratio>
	</include>
	
	<include name="SquareFanartThumbDimensions">
		<posx>15</posx>
		<width>297</width>
		<height>297</height>
	</include>
	<include name="SquareFanartThumb">
		<texture background="true">$VAR[Square]</texture>
		<aspectratio aligny="top">keep</aspectratio>
	</include>
	<include name="SquareFanartReflection">
		<posx>15</posx>
		<posy>300</posy>
		<width>297</width>
		<height>297</height>
		<colordiffuse>339e9e9e</colordiffuse>
		<texture background="true" flipy="true">$VAR[Square]</texture>
		<aspectratio aligny="top">keep</aspectratio>
	</include>
	
	<include name="EpisodeFanartThumbDimensions">
		<posx>12</posx>
		<posy>12</posy>
		<width>390</width>
		<height>267</height>
	</include>
	<include name="EpisodeFanartReflection">
		<posx>12</posx>
		<posy>73</posy>
		<width>390</width>
		<height>267</height>
		<colordiffuse>339e9e9e</colordiffuse>
		<texture background="true" flipy="true">$VAR[Episode]</texture>
		<aspectratio aligny="top">scale</aspectratio>
	</include>
	<include name="EpisodeFanartThumb">
		
		<texture background="true">$VAR[Episode]</texture>
		<aspectratio aligny="top">scale</aspectratio>
	</include>
	
	<include name="Fanart_Gallery">
	    <control type="group" description="Gallery">
		    <visible>!String.IsEmpty(Window.Property(gallery))</visible>
		    <animation effect="fade" delay="200" time="300">Visible</animation>
			<animation effect="fade" time="100">Hidden</animation>
			<!-- Poster icon and overlay -->
			<control type="group" description="Thumb">
			    <posx>40</posx>
			    <posy>624</posy>
			    <visible>[container.content(movies) | container.content(sets) | container.content(tvshows) | container.content(seasons) | container.content(episodes)]</visible>
			    <control type="image">
				    <include>MovieFanartThumbDimensionsGallery</include>
					<include>MovieFanartBG</include>
			    </control>
			    <control type="image">
				    <include>Icon_Fade</include>
				    <include>MovieFanartThumbDimensionsGallery</include>
					<include>MovieFanartThumb</include>
			    </control>
			    <control type="image">
				    <posx>190</posx>
				    <posy>291</posy>
				    <width>33</width>
				    <height>33</height>
				    <texture>$VAR[Overlay]</texture>
				    <visible>!Skin.HasSetting(ShowTopRightOverlays)</visible>
			    </control>
			    <include condition="Skin.HasSetting(ShowTopRightOverlays)" content="TopRightOverlayGallery"></include>
			</control>
			<!-- Square icon, no overlay -->
			<control type="group" description="Thumb">
			    <posx>0</posx>
			    <posy>644</posy>
			    <visible>![container.content(movies) | container.content(sets) | container.content(tvshows) | container.content(seasons) | container.content(episodes)]</visible>
			    <control type="image">
			        <include>Icon_Fade</include>
					<include>SquareFanartThumbDimensions</include>
					<include>SquareFanartThumb</include>
				</control>
			</control>
			<!-- Media info -->
		    <control type="group" description="Media info">
			    <posx>330</posx>
			    <posy>554</posy>
			    <control type="label" description="Title Label">
				    <posy>72</posy>
				    <width>1360</width>
				    <height>60</height>
				    <textcolor>$VAR[LabelTextColor]</textcolor>
				    <shadowcolor>Black</shadowcolor>
				    <font>InfoTitle</font>
				    <scroll>false</scroll>
				    <label>[B]$INFO[ListItem.Label][/B]</label>
			    </control>
			    <control type="label" description="Details">
    				<posy>135</posy>
				    <height>33</height>
				    <width>1200</width>
				    <font>Details</font>
				    <shadowcolor>Black</shadowcolor>
				    <label>$VAR[panelsubheading]</label>
			    </control>
			    <control type="label" description="Next Episode">
			        <posy>171</posy>
			        <height>33</height>
			        <width>1200</width>
			        <font>Details</font>
			        <label>$VAR[panelsubheading2]</label>
                    <visible>!String.IsEmpty(Window(Home).Property(NextAired.NextDate)) | [Container.Content(movies) | Container.Content(episodes)]</visible>
			    </control>                        
			    <control type="label" description="Genre">
				    <posy>207</posy>
				    <height>33</height>
				    <width>1200</width>
				    <font>Details</font>
				    <shadowcolor>Black</shadowcolor>
				    <label>$INFO[ListItem.Genre]</label>
			    </control>
			    <control type="textbox" description="Plot itself">
				    <posy>256</posy>
				    <width>1500</width>
				    <height>165</height>
				    <align>left</align>
				    <shadowcolor></shadowcolor>
				    <label>$VAR[Plots]</label>
                    <autoscroll delay="3000" time="3000" repeat="10000">Skin.HasSetting(AutoScroll)</autoscroll>
			    </control>
				<control type="panel">
                    <posy>256</posy>
				    <width>1400</width>
				    <height>165</height>
					<visible>[ListItem.IsCollection + String.IsEmpty(ListItem.Plot)]</visible>
                    <visible>!ListItem.IsParentFolder</visible>
                    <orientation>horizontal</orientation>
                    <focusedlayout height="40" width="700">
                    </focusedlayout>
                    <itemlayout height="40" width="700">
                        <control type="image">
                            <top>5</top>
                            <width>30</width>
                            <height>30</height>
                            <texture>$VAR[Overlay]</texture>
                        </control>
                        <control type="label">
                            <left>40</left>
                            <height>40</height>
                            <width>620</width>
                            <aligny>center</aligny>
                            <label>$INFO[ListItem.Label][COLOR $VAR[HighlightColor]]$INFO[ListItem.Year,  (,)][/COLOR]</label>
                            <font>ListDetails</font>
                            <scrollspeed>25</scrollspeed>
                        </control>
                    </itemlayout>
                    <content sortby="year" sortorder="ascending">videodb://movies/sets/$INFO[ListItem.DBID]/?setid=$INFO[ListItem.DBID]</content>
                </control>
			    <control type="group" description="Flags">
    				<posy>460</posy>
				    <control type="grouplist" description="Flags">
					    <visible>!ListItem.IsParentFolder</visible>
					    <width>660</width>
					    <height>120</height>
					    <itemgap>30</itemgap>
					    <orientation>horizontal</orientation>
					    <align>left</align>
					    <include content="MediaFlagItems">
					        <param name="diffuse">$VAR[LabelTextColor]</param>
					    </include>
				    </control>
			    </control>
			</control>
		</control>
	</include>
	
	<include name="TopRightOverlayFanart">
	    <param name="isFocused">false</param>
		<definition>
		    <control type="group">
			    <visible>String.IsEqual(ListItem.DBType,movie) | String.IsEqual(ListItem.DBType,set) | String.IsEqual(ListItem.DBType,tvshow) | String.IsEqual(ListItem.DBType,episode) | 
				         String.IsEqual(ListItem.DBType,season) | String.IsEqual(ListItem.DBType,musicvideo)</visible>
			    <!-- Overlay for normal icons -->
			    <control type="image">
				    <visible>!$PARAM[isFocused]</visible>
				    <visible>!Integer.IsGreater(ListItem.Property(UnWatchedEpisodes),0) + !ListItem.IsResumable</visible>
				    <texture background="true">$VAR[TopRightOverlay]</texture>
				    <posx>86r</posx>
				    <posy>15</posy>
				    <height>72</height>
				    <width>72</width>
			    </control>
			    <control type="image">
				    <visible>$PARAM[isFocused]</visible>
				    <visible>!Integer.IsGreater(ListItem.Property(UnWatchedEpisodes),0) + !ListItem.IsResumable</visible>
				    <texture background="true">$VAR[TopRightOverlay]</texture>
				    <posx>86r</posx>
				    <posy>15</posy>
				    <height>72</height>
				    <width>72</width>
				    <colordiffuse>$VAR[HighlightColor]</colordiffuse>
			    </control>
			    <!-- Unwatched episode count for normal icons -->
			    <control type="group">
				    <visible>!ListItem.IsParentFolder + [Container.content(tvshows) | container.content(seasons)]</visible>
				    <visible>Integer.IsGreater(ListItem.Property(UnWatchedEpisodes),0) + !Skin.HasSetting(Hide_Episode_Marks)</visible>
				    <control type="image">
				        <visible>!$PARAM[isFocused]</visible>
				        <texture background="true">overlays/toprightempty2.png</texture>
				        <posx>93r</posx>
				        <posy>15</posy>
				        <height>82</height>
				        <width>82</width>
			        </control>
				    <control type="image">
				        <visible>$PARAM[isFocused]</visible>
				        <texture background="true">overlays/toprightempty2.png</texture>
				        <posx>93r</posx>
				        <posy>15</posy>
				        <height>82</height>
				        <width>82</width>
					    <colordiffuse>$VAR[HighlightColor]</colordiffuse>
			        </control>
				    <control type="label" description="l2">
					    <visible>$PARAM[isFocused] + Integer.IsGreater(ListItem.Property(UnWatchedEpisodes),99)</visible>
					    <posx>85r</posx>
				        <posy>-262</posy>
					    <height>$PARAM[itemheight]</height>
					    <width>100</width>
					    <font>ListDetailsSmall</font>
					    <align>center</align>
					    <shadowcolor></shadowcolor>
					    <label>$VAR[UnwatchedEpisodes]</label>
					    <textcolor>$VAR[HighlightColor]</textcolor>
					    <colordiffuse>$VAR[HighlightColor]</colordiffuse>
				    </control>
				    <control type="label" description="l2">
					    <visible>!$PARAM[isFocused] + Integer.IsGreater(ListItem.Property(UnWatchedEpisodes),99)</visible>
					    <posx>85r</posx>
				        <posy>-262</posy>
					    <height>$PARAM[itemheight]</height>
					    <width>100</width>
					    <font>ListDetailsSmall</font>
					    <align>center</align>
					    <label>$VAR[UnwatchedEpisodes]</label>
					    <textcolor>White2</textcolor>
				    </control>
				    <control type="label" description="l2">
					    <visible>!$PARAM[isFocused] + !Integer.IsGreater(ListItem.Property(UnWatchedEpisodes),99)</visible>
					    <posx>86r</posx>
				        <posy>-262</posy>
					    <height>$PARAM[itemheight]</height>
					    <width>100</width>
					    <font>ListDetailsSmall</font>
					    <align>center</align>
					    <label>$VAR[UnwatchedEpisodes]</label>
					    <textcolor>White2</textcolor>
				    </control>
				    <control type="label" description="l2">
					    <visible>$PARAM[isFocused] + !Integer.IsGreater(ListItem.Property(UnWatchedEpisodes),99)</visible>
					    <posx>86r</posx>
				        <posy>-262</posy>
					    <height>$PARAM[itemheight]</height>
					    <width>100</width>
					    <font>ListDetailsSmall</font>
					    <align>center</align>
					    <shadowcolor></shadowcolor>
					    <label>$VAR[UnwatchedEpisodes]</label>
					    <textcolor>$VAR[HighlightColor]</textcolor>
					    <colordiffuse>$VAR[HighlightColor]</colordiffuse>
				    </control>
			    </control>
			    <!-- In-progress percent for normal icons -->
			    <control type="group">
				    <visible>Integer.IsGreater(ListItem.PercentPlayed,0) + !Skin.HasSetting(Hide_InProgress_Marks)</visible>
				    <control type="image">
				        <visible>!$PARAM[isFocused]</visible>
				        <texture background="true">$VAR[TopRightInProgress]</texture>
				        <posx>86r</posx>
				        <posy>15</posy>
				        <height>72</height>
				        <width>72</width>
			        </control>
				    <control type="image">
				        <visible>$PARAM[isFocused]</visible>
				        <texture background="true" colordiffuse="$VAR[HighlightColor]">$VAR[TopRightInProgress]</texture>
				        <posx>86r</posx>
				        <posy>15</posy>
				        <height>72</height>
				        <width>72</width>
			        </control>
			    </control>
			</control>	
		</definition>
	</include>
	
	<include name="TopRightOverlayGallery">
		<definition>
			<control type="group">
			    <visible>String.IsEqual(ListItem.DBType,movie) | String.IsEqual(ListItem.DBType,set) | String.IsEqual(ListItem.DBType,tvshow) | String.IsEqual(ListItem.DBType,episode) | 
				         String.IsEqual(ListItem.DBType,season) | String.IsEqual(ListItem.DBType,musicvideo)</visible>
			
			    <!-- Overlay for normal icons -->
			    <control type="image">
				    <visible>!Integer.IsGreater(ListItem.Property(UnWatchedEpisodes),0) + !ListItem.IsResumable</visible>
				    <texture background="true">$VAR[TopRightOverlay]</texture>
				    <posx>1682r</posx>
				    <posy>15</posy>
				    <height>72</height>
				    <width>72</width>
				    <colordiffuse>$VAR[HighlightColor]</colordiffuse>
			    </control>
			    <!-- Unwatched episode count for normal icons -->
			    <control type="group">
				    <visible>!ListItem.IsParentFolder + [Container.content(tvshows) | container.content(seasons)]</visible>
				    <visible>Integer.IsGreater(ListItem.Property(UnWatchedEpisodes),0) + !Skin.HasSetting(Hide_Episode_Marks)</visible>
				    <control type="image">
				        <texture background="true">overlays/toprightempty2.png</texture>
				        <posx>1692r</posx>
				        <posy>15</posy>
				        <height>82</height>
				        <width>82</width>
					    <colordiffuse>$VAR[HighlightColor]</colordiffuse>
			        </control>
				    <control type="label" description="l2">
					    <visible>Integer.IsGreater(ListItem.Property(UnWatchedEpisodes),99)</visible>
					    <posx>1684r</posx>
				        <posy>-378</posy>
					    <height>$PARAM[itemheight]</height>
					    <width>100</width>
					    <font>ListDetailsSmall</font>
					    <align>center</align>
					    <label>$VAR[UnwatchedEpisodes]</label>
					    <textcolor>$VAR[HighlightColor]</textcolor>
					    <colordiffuse>$VAR[HighlightColor]</colordiffuse>
				    </control>
				    <control type="label" description="l2">
					    <visible>!Integer.IsGreater(ListItem.Property(UnWatchedEpisodes),99)</visible>
					    <posx>1684r</posx>
				        <posy>-378</posy>
					    <height>$PARAM[itemheight]</height>
					    <width>100</width>
					    <font>ListDetailsSmall</font>
					    <align>center</align>
					    <label>$VAR[UnwatchedEpisodes]</label>
					    <textcolor>$VAR[HighlightColor]</textcolor>
					    <colordiffuse>$VAR[HighlightColor]</colordiffuse>
				    </control>
			    </control>
			    <!-- In-progress percent for normal icons -->
			    <control type="group">
				    <visible>Integer.IsGreater(ListItem.PercentPlayed,0) + !Skin.HasSetting(Hide_InProgress_Marks)</visible>
				    <control type="image">
				        <texture background="true" colordiffuse="$VAR[HighlightColor]">$VAR[TopRightInProgress]</texture>
				        <posx>1682r</posx>
				        <posy>15</posy>
				        <height>72</height>
				        <width>72</width>
			        </control>
			    </control>
			</control>	
		</definition>
	</include>
	
	<include name="View_56_Fanart">
	    <param name="focusposition">2</param>
		<definition>
		    <control type="group">
			    <visible>Control.IsVisible(56)</visible>
			    <control type="group" description="background">
				    <include>VignetteFade</include>
				    <control type="image">
    					<animation effect="slide" easing="out" start="0,0" end="0,-500" time="300" delay="0" center="120,350" reversible="true" condition="!String.IsEmpty(Window.Property(gallery))">Conditional</animation>
	    				<posy>1088</posy>
		    			<width>1920</width>
			    		<height>534</height>
				    	<aspectratio>stretch</aspectratio>
					    <texture border="0,30,0,30">OSD/OSDBackground.png</texture>
				    </control>
				    <control type="image">
    					<visible>Window.IsActive(MyPics.xml) | [String.IsEmpty(Window.Property(gallery)) + ![$EXP[56_FanartViewInfo]]]</visible>
					    <animation effect="fade" start="100" end="0" time="100" delay="0">Hidden</animation>
					    <animation effect="fade" start="0" end="100" time="200" delay="0">Visible</animation>
					    <width>1920</width>
					    <height>1080</height>
					    <texture>common/VignetteStage.png</texture>
				    </control>
				    <control type="image">
					    <visible>!Window.IsActive(MyPics.xml) + String.IsEmpty(Window.Property(gallery)) + [$EXP[56_FanartViewInfo]]</visible>
					    <animation effect="fade" start="100" end="0" time="100" delay="0">Hidden</animation>
					    <animation effect="fade" start="0" end="100" time="200" delay="0">Visible</animation>
					    <width>1920</width>
					    <height>1080</height>
					    <texture>common/VignetteInfo.png</texture>
					    <colordiffuse>DDFFFFFF</colordiffuse>
				    </control>
			    </control>
			    <control type="group" description="Scrolling items">
				     <include>ContentFade</include>
				    <control type="fixedlist" id="56">
    					<animation effect="slide" easing="out" start="0,0" end="0,800" time="350" delay="0" center="120,350" reversible="true" condition="!String.IsEmpty(Window.Property(gallery))">Conditional</animation>
				    <!--	<animation effect="slide" easing="out" start="0,0" end="0,36" time="0" reversible="true" condition="$EXP[56_FanartViewInfo]">Conditional</animation> -->
					    <visible>[$EXP[Exp_View_56] + Skin.HasSetting(Enable.NewViewSelector)] | [!Skin.HasSetting(hide.fanartview) + !Skin.HasSetting(Enable.NewViewSelector)]</visible>
	    				<posy>609</posy>
		    			<width>1920</width>
			    		<height>471</height>
				    	<onleft>56</onleft>
					    <onright>56</onright>
					    <onup condition="String.IsEmpty(Window.Property(gallery)) + !Skin.HasSetting(KioskMode.Enabled)">9000</onup>
                        <onup condition="String.IsEmpty(Window.Property(gallery)) + Skin.HasSetting(KioskMode.Enabled)">noop</onup>
                        <oninfo condition="ListItem.IsCollection + !String.Contains(System.BuildVersion,19.0)">ActivateWindow(1127)</oninfo>
					    <onup condition="!String.IsEmpty(Window.Property(gallery))">ClearProperty(gallery)</onup>
					    <ondown condition="$EXP[56_FanartViewGallery]">SetProperty(gallery,true)</ondown>
                        <ondown condition="![$EXP[56_FanartViewGallery]] + !Control.IsVisible(616)">66</ondown>
						<ondown condition="![$EXP[56_FanartViewGallery]] + Control.IsVisible(616)">616</ondown>
					    <viewtype label="$LOCALIZE[20445]">list</viewtype>
					    <pagecontrol>66</pagecontrol>
					    <orientation>horizontal</orientation>
					    <scrolltime>250</scrolltime>
					    <focusposition>$PARAM[focusposition]</focusposition>
					    <movement>0</movement>
					    <preloaditems>4</preloaditems>
					    <itemlayout height="339" width="240" condition="container.content(movies) | container.content(sets) | container.content(tvshows) | container.content(seasons)">
						    <control type="image">
							    <include>MovieFanartThumbDimensions</include>
								<include>MovieFanartThumb</include>
						    </control>
						    <control type="image">
    							<include>MovieFanartReflection</include>
						    </control>
						    <include condition="Skin.HasSetting(ShowTopRightOverlays)" content="TopRightOverlayFanart">
    	                        <param name="isFocused">false</param>
	    					</include>	
						    <control type="image">
							    <posx>190</posx>
							    <posy>291</posy>
							    <width>33</width>
							    <height>33</height>
							    <texture>$VAR[Overlay]</texture>
							    <visible>!Skin.HasSetting(ShowTopRightOverlays)</visible>
						    </control>
					    </itemlayout>
					    <focusedlayout height="339" width="240" condition="container.content(movies) | container.content(sets) | container.content(tvshows) | container.content(seasons)">
						    <control type="group">
							    <animation effect="zoom" easing="out" start="100" end="118" time="350" delay="0" center="120,243">Focus</animation>
							    <animation effect="zoom" easing="in" start="118" end="100" time="250" delay="0" center="120,243">UnFocus</animation>
							    <control type="image">
								    <include>MovieFanartThumbDimensions</include>
									<include>MovieFanartThumb</include>
							    </control>
							    <control type="image">
								    <include>MovieFanartReflection</include>
							    </control>
							    <control type="image">
								    <posx>190</posx>
								    <posy>291</posy>
								    <width>33</width>
								    <height>33</height>
								    <texture>$VAR[Overlay]</texture>
								    <visible>!Skin.HasSetting(ShowTopRightOverlays)</visible>
							    </control>
							    <include condition="Skin.HasSetting(ShowTopRightOverlays)" content="TopRightOverlayFanart">
	                                <param name="isFocused">true</param>
						        </include>
						    </control>
					    </focusedlayout>
					    <itemlayout height="291" width="464" condition="container.content(episodes)">
						    <control type="image">
    							<include>EpisodeFanartThumb</include>
						    </control>
						    <control type="group">
							    <visible>!String.IsEmpty(ListItem.Episode)</visible>
							    <posy>210</posy>
							    <control type="image">
    								<posx>2</posx>
								    <width>410</width>
								    <height>70</height>
								    <bordersize>9</bordersize>
								    <texture>img/OverlayStripe.png</texture>
							    </control>
							    <control type="label">
								    <posx>30</posx>
								    <width>300</width>
								    <height>70</height>
								    <font>font24_title</font>
								    <label>$LOCALIZE[31973] $INFO[ListItem.Season,,.]$INFO[ListItem.Episode]</label>
							    </control>
							    <control type="image" description="Watched Overlay">
    								<posx>357</posx>
								    <width>33</width>
								    <height>70</height>
								    <texture>$VAR[Overlay]</texture>
								    <aspectratio>keep</aspectratio>
								    <visible>!Skin.HasSetting(ShowTopRightOverlays)</visible>
							    </control>
							    <control type="image">
								    <include>EpisodeFanartReflection</include>
							    </control>
						    </control>
						    <control type="image">
				                <texture background="true">$VAR[TopRightOverlay]</texture>
				                <posx>134r</posx>
				                <posy>12</posy>
				                <height>72</height>
				                <width>72</width>
							    <visible>Skin.HasSetting(ShowTopRightOverlays)</visible>
			                </control>
					    </itemlayout>
					    <focusedlayout height="291" width="464" condition="container.content(episodes)">
						    <control type="group">
							    <animation effect="zoom" easing="out" start="100" end="120" time="350" delay="0" center="207,144">Focus</animation>
							    <animation effect="zoom" easing="in" start="120" end="100" time="250" delay="0" center="207,144">UnFocus</animation>
							    <control type="image">
								    <include>EpisodeFanartThumb</include>
							    </control>
							    <control type="group">
								    <visible>!String.IsEmpty(ListItem.Episode)</visible>
								    <posy>210</posy>
								    <control type="image">
    									<posx>2</posx>
									    <width>410</width>
									    <height>70</height>
									    <bordersize>9</bordersize>
									    <texture>img/OverlayStripe.png</texture>
								    </control>
								    <control type="label">
									    <posx>30</posx>
									    <width>300</width>
									    <height>70</height>
									    <font>font24_title</font>
									    <textcolor>$VAR[LabelTextColor]</textcolor>
									    <label>$LOCALIZE[31973] $INFO[ListItem.Season,,.]$INFO[ListItem.Episode]</label>
								    </control>
								    <control type="image" description="Watched Overlay">
									    <posx>357</posx>
									    <width>33</width>
									    <height>70</height>
									    <texture>$VAR[Overlay]</texture>
									    <aspectratio>keep</aspectratio>
									    <visible>!Skin.HasSetting(ShowTopRightOverlays)</visible>
								    </control>
								    <control type="image">
									    <include>EpisodeFanartReflection</include>
								    </control>
							    </control>
							    <control type="image">
				                    <texture background="true">$VAR[TopRightOverlay]</texture>
				                    <posx>134r</posx>
				                    <posy>12</posy>
				                    <height>72</height>
				                    <width>72</width>
								    <visible>Skin.HasSetting(ShowTopRightOverlays)</visible>
			                    </control>
						    </control>
					    </focusedlayout>
					    <itemlayout height="344" width="344" condition="![container.content(movies) | container.content(sets) | container.content(tvshows) | container.content(seasons) | container.content(episodes)]">
						    <control type="image">
							    <include>SquareFanartThumbDimensions</include>
								<include>SquareFanartThumb</include>
						    </control>
						    <control type="image">
							    <include>SquareFanartReflection</include>
						    </control>
					    </itemlayout>
					    <focusedlayout height="344" width="344" condition="![container.content(movies) | container.content(sets) | container.content(tvshows) | container.content(seasons) | container.content(episodes)]">
						    <control type="group">
							    <animation effect="zoom" easing="out" start="100" end="110" time="350" delay="0" center="162,345">Focus</animation>
							    <animation effect="zoom" easing="in" start="110" end="100" time="250" delay="0" center="162,345">UnFocus</animation>
							    <control type="image">
								    <include>SquareFanartThumbDimensions</include>
									<include>SquareFanartThumb</include>
							    </control>
							    <control type="image">
								    <include>SquareFanartReflection</include>
							    </control>
						    </control>
					    </focusedlayout>
				    </control>
                
				    <include>Fanart_Gallery</include>
				
				    <control type="scrollbar" id="66">
					    <animation effect="slide" start="0,0" end="0,-3" time="150">Focus</animation>
					    <visible>String.IsEmpty(Window.Property(gallery))</visible>
					    <posx>90</posx>
					    <posy>1056</posy>
					    <width>1750</width>
					    <height>36</height>
					    <texturesliderbackground></texturesliderbackground>
					    <texturesliderbar></texturesliderbar>
					    <texturesliderbarfocus></texturesliderbarfocus>
					    <textureslidernib border="18">OSD/ScrollbarNibNF.png</textureslidernib>
					    <textureslidernibfocus border="18" colordiffuse="$VAR[HighlightColor]">OSD/ScrollbarNibFO.png</textureslidernibfocus>
					    <showonepage>true</showonepage>
					    <orientation>horizontal</orientation>
					    <onup>56</onup>
					    <onright>noop</onright>
                        <visible>!Skin.HasSetting(Show.JumpToLetter) | ![String.IsEqual(Container.SortMethod,$LOCALIZE[551]) | String.IsEqual(Container.SortMethod,$LOCALIZE[556]) | String.IsEqual(Container.SortMethod,$LOCALIZE[561]) | String.IsEqual(Container.SortMethod,$LOCALIZE[558]) | String.IsEqual(Container.SortMethod,$LOCALIZE[557])]</visible>
				    </control>
                    <!-- Alpahbet Strip without addon -->
                    <control type="button" id="66">
                        <visible>Control.IsVisible(56)</visible>
                        <visible>String.IsEmpty(Window.Property(gallery))</visible>
                        <visible>Skin.HasSetting(Show.JumpToLetter) + !Skin.HasSetting(Show.EHJumpToLetter) + [String.IsEqual(Container.SortMethod,$LOCALIZE[551]) | String.IsEqual(Container.SortMethod,$LOCALIZE[556]) | String.IsEqual(Container.SortMethod,$LOCALIZE[561]) | String.IsEqual(Container.SortMethod,$LOCALIZE[558]) | String.IsEqual(Container.SortMethod,$LOCALIZE[557])]</visible>
                        <font />
                        <texturefocus />
                        <texturenofocus />
                        <width>1160</width>
                        <onup>56</onup>
                        <left>395</left>
                        <height>40</height>
                        <top>1035</top>
                        <onright>SetFocus(56)</onright>
                        <onright>Action(nextletter)</onright>
                        <onright condition="!Container.HasNext | String.IsEqual(ListItem.SortLetter,Z)">Action(jumpsms2)</onright>
                        <onright condition="!Container.HasNext | String.IsEqual(ListItem.SortLetter,Z)">Action(prevletter)</onright>
                        <onright condition="!Container.HasNext | String.IsEqual(ListItem.SortLetter,Z)">Action(prevletter)</onright>
                        <onright condition="!Container.HasNext | String.IsEqual(ListItem.SortLetter,Z)">Action(prevletter)</onright>
                        <onright>SetFocus(66)</onright>
                        <onleft>SetFocus(56)</onleft>
                        <onleft>Action(prevletter)</onleft>
                        <onleft condition="!Container.HasPrevious | $EXP[Exp_SortLetterIsNumber]">Action(jumpsms9)</onleft>
                        <onleft condition="!Container.HasPrevious | $EXP[Exp_SortLetterIsNumber]">Action(nextletter)</onleft>
                        <onleft condition="!Container.HasPrevious | $EXP[Exp_SortLetterIsNumber]">Action(nextletter)</onleft>
                        <onleft condition="!Container.HasPrevious | $EXP[Exp_SortLetterIsNumber]">Action(nextletter)</onleft>
                        <onleft>SetFocus(66)</onleft>
                    </control>            

                    <control type="grouplist" id="66561">
                        <left>395</left>
                        <height>40</height>
                        <top>1035</top>
                        <width>1160</width>
                        <itemgap>0</itemgap>
                        <orientation>horizontal</orientation>
                        <animation effect="fade" start="100" end="0" time="400" condition="!Control.HasFocus(66) + !Container.Scrolling">Conditional</animation>
                        <include>AlphabetNumber</include>
                        <include content="AlphabetLetter"><param name="label" value="A" /></include>
                        <include content="AlphabetLetter"><param name="label" value="B" /></include>
                        <include content="AlphabetLetter"><param name="label" value="C" /></include>
                        <include content="AlphabetLetter"><param name="label" value="D" /></include>
                        <include content="AlphabetLetter"><param name="label" value="E" /></include>
                        <include content="AlphabetLetter"><param name="label" value="F" /></include>
                        <include content="AlphabetLetter"><param name="label" value="G" /></include>
                        <include content="AlphabetLetter"><param name="label" value="H" /></include>
                        <include content="AlphabetLetter"><param name="label" value="I" /></include>
                        <include content="AlphabetLetter"><param name="label" value="J" /></include>
                        <include content="AlphabetLetter"><param name="label" value="K" /></include>
                        <include content="AlphabetLetter"><param name="label" value="L" /></include>
                        <include content="AlphabetLetter"><param name="label" value="M" /></include>
                        <include content="AlphabetLetter"><param name="label" value="N" /></include>
                        <include content="AlphabetLetter"><param name="label" value="O" /></include>
                        <include content="AlphabetLetter"><param name="label" value="P" /></include>
                        <include content="AlphabetLetter"><param name="label" value="Q" /></include>
                        <include content="AlphabetLetter"><param name="label" value="R" /></include>
                        <include content="AlphabetLetter"><param name="label" value="S" /></include>
                        <include content="AlphabetLetter"><param name="label" value="T" /></include>
                        <include content="AlphabetLetter"><param name="label" value="U" /></include>
                        <include content="AlphabetLetter"><param name="label" value="V" /></include>
                        <include content="AlphabetLetter"><param name="label" value="W" /></include>
                        <include content="AlphabetLetter"><param name="label" value="X" /></include>
                        <include content="AlphabetLetter"><param name="label" value="Y" /></include>
                        <include content="AlphabetLetter"><param name="label" value="Z" /></include>
                        <visible>Control.IsVisible(56)</visible>
                        <visible>String.IsEmpty(Window.Property(gallery))</visible>
                        <visible>Skin.HasSetting(Show.JumpToLetter) + !Skin.HasSetting(Show.EHJumpToLetter) + [String.IsEqual(Container.SortMethod,$LOCALIZE[551]) | String.IsEqual(Container.SortMethod,$LOCALIZE[556]) | String.IsEqual(Container.SortMethod,$LOCALIZE[561]) | String.IsEqual(Container.SortMethod,$LOCALIZE[558]) | String.IsEqual(Container.SortMethod,$LOCALIZE[557])]</visible>
                    </control>                
                
			    </control>
			    <control type="group" description="item details">
				    <include>ContentFade</include>
				    <visible>!Window.IsActive(MyPics.xml) + String.IsEmpty(Window.Property(gallery)) + [$EXP[56_FanartViewInfo]]</visible>
				    <animation effect="fade" delay="200" time="300">Visible</animation>
				    <animation effect="fade" time="100">Hidden</animation>
				    <control type="group" description="Media info">
					    <posx>135</posx>
					    <posy>99</posy>
					    <control type="label" description="Title Label">
						    <posy>87</posy>
						    <width>900</width>
						    <height>60</height>
						    <textcolor>$VAR[HighlightColor]</textcolor>
						    <font>InfoTitle</font>
						    <scroll>false</scroll>
						    <label>$VAR[panelheading]</label>
					    </control>
					    <control type="label" description="Details">
						    <posy>154</posy>
						    <height>33</height>
						    <width>900</width>
						    <font>Details</font>
						    <scroll>false</scroll>
						    <label>$VAR[panelsubheading]</label>
					    </control>
					    <control type="label" description="Next Episode">
						    <posy>195</posy>
						    <height>33</height>
						    <width>900</width>
						    <font>Details</font>
						    <scroll>false</scroll>
						    <label>$VAR[panelsubheading2]</label>
                            <visible>!String.IsEmpty(Window(Home).Property(NextAired.NextDate)) | [Container.Content(movies) | Container.Content(episodes)]</visible>
					    </control>                    
					    <control type="label" description="Genre">
						    <posy>235</posy>
						    <visible>!Container.Content(Artists)</visible>
						    <height>33</height>
						    <width>900</width>
						    <font>Details</font>
						    <scroll>false</scroll>
						    <label>$INFO[ListItem.Genre]</label>
					    </control>
					    <control type="textbox" description="Plot">
						    <posy>290</posy>
						    <width>900</width>
						    <height>164</height>
						    <align>justify</align>
						    <label>$VAR[Plots]</label>
                            <autoscroll delay="3000" time="3000" repeat="10000">Skin.HasSetting(AutoScroll)</autoscroll>
					    </control>
						<!-- Movies in collection when the plot is empty -->
						<control type="panel">
                            <posy>290</posy>
						    <width>900</width>
						    <height>164</height>
							<visible>[ListItem.IsCollection + String.IsEmpty(ListItem.Plot)]</visible>
                            <visible>!ListItem.IsParentFolder</visible>
                            <orientation>vertical</orientation>
                            <focusedlayout height="40" width="900">
                            </focusedlayout>
                            <itemlayout height="40" width="900">
                                <control type="image">
                                    <top>5</top>
                                    <width>30</width>
                                    <height>30</height>
                                    <texture>$VAR[Overlay]</texture>
                                </control>
                                <control type="label">
                                    <left>40</left>
                                    <height>40</height>
                                    <width>900</width>
                                    <aligny>center</aligny>
                                    <label>$INFO[ListItem.Label][COLOR $VAR[HighlightColor]]$INFO[ListItem.Year,  (,)][/COLOR]</label>
                                    <font>ListDetails</font>
                                    <scrollspeed>25</scrollspeed>
                                </control>
                            </itemlayout>
                            <content sortby="year" sortorder="ascending">videodb://movies/sets/$INFO[ListItem.DBID]/?setid=$INFO[ListItem.DBID]</content>
                        </control>
					    <control type="group" description="Info with Fanart">
						    <visible>!String.IsEmpty(ListItem.Art(fanart))</visible>
						    <control type="image" description="BG">
							    <posx>1017</posx>
							    <posy>99</posy>
							    <width>640</width>
							    <height>360</height>
							    <texture border="8">img/WhiteRoundedST2.png</texture>
							    <aspectratio>stretch</aspectratio>
						    </control>
						    <control type="multiimage" description="FA">
							    <posx>1023</posx>
							    <posy>105</posy>
							    <width>628</width>
							    <height>348</height>
							    <include>BG.Defaults</include>
							    <imagepath background="true">$VAR[Fanart.Art]</imagepath>
							    <aspectratio aligny="top">scale</aspectratio>
						    </control>
					    </control>
				    </control>
			    </control>
			    <control type="group" description="Footer info">
				    <include>ContentFade</include>
				    <visible>String.IsEmpty(Window.Property(gallery)) + Control.IsVisible(56)</visible>
    			    <animation effect="fade" start="100" end="0" time="50" delay="0" center="120,350" reversible="false">Hidden</animation>
				    <animation effect="fade" start="0" end="100" time="450" delay="400" center="120,350" reversible="false">Visible</animation>
				    <include>FooterInfo</include>
			    </control>
		    </control>
		</definition>	
	</include>
</includes>
