<?xml version="1.0" encoding="utf-8"?>
<shortcuts>
    <shortcut>
        <defaultID>addons</defaultID>
        <label>$LOCALIZE[24001]</label>
        <label2>Common Shortcut</label2>
        <icon />
        <thumb>$VAR[Addons.Art]</thumb>
        <action>ActivateWindow(1119)</action>
    </shortcut>
	<shortcut>
		<defaultID>videos</defaultID>
		<label>$LOCALIZE[3]</label>
		<label2 />
		<icon />
		<thumb>$VAR[Videos.Art]</thumb>
		<action>ActivateWindow(videos,root)</action>
	</shortcut>
	<shortcut>
		<defaultID>movies</defaultID>
		<label>$LOCALIZE[20342]</label>
		<label2 />
		<icon />
		<thumb>$VAR[Movies.Art]</thumb>
     	<action>ActivateWindow(videos,videodb://movies/titles/,return)</action>
	</shortcut>
	<shortcut>
		<defaultID>tvshows</defaultID>
		<label>$LOCALIZE[20343]</label>
		<label2 />
		<icon />
		<thumb>$VAR[TVShows.Art]</thumb>
		<action>ActivateWindow(Videos,videodb://tvshows/titles/,return)</action>
	</shortcut>
	<shortcut>
		<defaultID>music</defaultID>
		<label>$LOCALIZE[2]</label>
		<label2 />
		<icon />
		<thumb>$VAR[Music.Art]</thumb>
		<action>ActivateWindow(Music,musicdb://,return)</action>
	</shortcut>
	<shortcut>
		<defaultID>musicvideos</defaultID>
		<label>$LOCALIZE[20389]</label>
		<label2 />
		<icon />
		<thumb>$VAR[MusicVideos.Art]</thumb>
		<action>ActivateWindow(videos,videodb://musicvideos/titles/,return)</action>
	</shortcut>
	<shortcut>
		<defaultID>tv</defaultID>
        <visible>PVR.HasTVChannels</visible>
        <label>$LOCALIZE[31500]</label>
        <thumb>$VAR[Pvr.Art]</thumb>
		<label2 />
		<icon />
		<action>ActivateWindow(TVChannels)</action>
	</shortcut>
	<shortcut>
		<defaultID>radio</defaultID>
        <visible>PVR.HasRadioChannels</visible>
        <label>$LOCALIZE[31509]</label>
        <thumb>$VAR[Radio.Art]</thumb>
		<label2 />
		<icon />
		<action>ActivateWindow(RadioChannels)</action>
	</shortcut>
    <shortcut>
		<defaultID>pictures</defaultID>
		<label>$LOCALIZE[1]</label>
		<label2 />
		<icon />
        <thumb>$VAR[Pictures.Art]</thumb>
		<action>ActivateWindow(pictures,root)</action>
	</shortcut>    
	<shortcut>
		<defaultID>games</defaultID>
		<label>$LOCALIZE[15016]</label>
		<label2 />
		<icon />
        <thumb>$VAR[Games.Art]</thumb>        
		<action>ActivateWindow(games,root)</action>
		<visible>System.GetBool(gamesgeneral.enable)</visible>
	</shortcut>
	<shortcut>
		<defaultID>favorites</defaultID>
		<label>$LOCALIZE[1036]</label>
		<label2 />
		<icon />
        <thumb>$VAR[Favourites.Art]</thumb>        
		<action>ActivateWindow(Favourites)</action>
	</shortcut>
    <shortcut>
        <defaultID>DVD</defaultID>
        <label>$LOCALIZE[427]</label>
        <icon />
        <label2 />
        <thumb>$VAR[DVD.Art]</thumb>
        <action>XBMC.PlayDVD()</action>
    </shortcut>    
    <shortcut>
        <defaultID>search</defaultID>
        <label>$LOCALIZE[137]</label>
        <label2 />
        <icon />
        <thumb>$VAR[Search.Art]</thumb>
		<action>start_search</action>
    </shortcut>
	<shortcut>
		<defaultID>weather</defaultID>
		<label>$LOCALIZE[8]</label>
		<label2 />
		<icon />
		<thumb>$VAR[Weather.Art]</thumb>
		<action>ActivateWindow(weather)</action>
	</shortcut>
	<shortcut>
		<defaultID>settings</defaultID>
		<label>$LOCALIZE[5]</label>
		<label2 />
		<icon />
		<thumb>$VAR[Settings.Art]</thumb>
		<action>ActivateWindow(settings)</action>
	</shortcut>
	<shortcut>
		<defaultID>power</defaultID>
		<label>$LOCALIZE[33060]</label>
		<label2 />
		<icon />
		<thumb>$VAR[Quit.Art]</thumb>
		<action>ActivateWindow(shutdownmenu)</action>
	</shortcut>    
</shortcuts>