<?xml version="1.0" encoding="UTF-8"?>
<window>
	<defaultcontrol always="true">50</defaultcontrol>
	<views>50,51,52,53,54,55,56</views>
	<onload>ClearProperty(gallery)</onload>
	<onunload>ClearProperty(gallery)</onunload>
	<menucontrol>9000</menucontrol>
	<controls>
		<include>DefaultBackground</include>
		<include>View_50</include>
		<include>View_51_Panel</include>
		<include>View_52_BigList</include>
		<include>View_53_Icons</include>
		<include>View_54_LowList</include>
		<include>View_55_BigPanel</include>
		<include>View_56_Fanart</include>
		<control type="group" description="Showcase trigger">
			<animation effect="slide" easing="out" start="0,0" end="0,-90" time="350" delay="0" center="120,350" reversible="true" condition="!String.IsEmpty(Window.Property(gallery))">Conditional</animation>
			<include>VignetteFade</include>
			<include>Time</include>
		</control>
		<control type="group" id="8999" description="Side menu 9000 group">
			<include>9000Commons</include>
			<include>9000NavCommons</include>
			<control type="grouplist" id="9000">
				<include>9000GrouplistParameters</include>
				<control type="label" id="9180" description="Spacer">
					<height>36</height>
					<textcolor>Highlight</textcolor>
					<align>left</align>
					<textoffsetx>10</textoffsetx>
					<include>9000ViewButtons</include>
					<label></label>
				</control>
				<control type="label" id="9181">
					<textcolor>Highlight</textcolor>
					<align>left</align>
					<textoffsetx>10</textoffsetx>
					<include>9000ViewButtons</include>
					<label>$LOCALIZE[31026]</label>
				</control>
				<control type="togglebutton" id="619">
					<include>9000SysButtons</include>
					<label>$LOCALIZE[653]</label>
					<onclick>UpdateLibrary(music)</onclick>
					<visible>!Container.Content(addons)</visible>
					<altlabel>$LOCALIZE[13353]</altlabel>
					<usealttexture>library.isscanningmusic</usealttexture>
				</control>
				<control type="radiobutton" id="16">
					<label>$LOCALIZE[589]</label>
					<include>9000SysButtons</include>
				</control>
				<control type="button" id="612">
					<include>9000SysButtons</include>
					<label>$LOCALIZE[559]</label>
					<onclick>ActivateWindow(musicplaylist)</onclick>
					<visible>Integer.IsGreater(Playlist.Length(music),0)</visible>
				</control>
				<control type="button" id="621">
					<include>9000SysButtons</include>
					<label>$LOCALIZE[21452]</label>
					<onclick>ActivateWindow(addonbrowser,addons://more/audio/,return)</onclick>
					<visible>Container.Content(addons)</visible>
				</control>
				<control type="button" id="624">
					<include>9000SysButtons</include>
					<label>$LOCALIZE[10140]</label>
					<onclick>Addon.OpenSettings($INFO[Container.PluginName])</onclick>
					<visible>!String.IsEmpty(Container.PluginName)</visible>
				</control>
				<control type="button" id="699" description="Playing">
					<enable>Player.HasMedia</enable>
					<include>9000SysButtons</include>
					<label>$LOCALIZE[16003]</label>
					<onclick>fullscreen</onclick>
				</control>
			</control>
		</control>
	</controls>
</window>