<?xml version="1.0" encoding="UTF-8"?>
<includes>

	<include name="ShelfIndicatorIcon">
		<param name="selectionlistvisible"/>
		<param name="itemid"/>
		<definition>
			<control type="button">
				<width>16</width>
				<height>16</height>
				<visible>$PARAM[selectionlistvisible]</visible>
				<visible>Integer.IsGreater(Container($PARAM[itemid]).NumItems,0) | Container($PARAM[itemid]).IsUpdating</visible>
				<visible>!Control.HasFocus($PARAM[itemid])</visible>
				<texturefocus colordiffuse="Highlight">plexbmc/circle.png</texturefocus>
				<texturenofocus colordiffuse="Grey3">plexbmc/circle.png</texturenofocus>
				<onclick>Control.SetFocus($PARAM[itemid])</onclick>
				<aligny>center</aligny>
			</control>
			<control type="button">
				<width>16</width>
				<height>16</height>
				<visible>$PARAM[selectionlistvisible]</visible>
				<visible>Integer.IsGreater(Container($PARAM[itemid]).NumItems,0) | Container($PARAM[itemid]).IsUpdating</visible>
				<visible>Control.HasFocus($PARAM[itemid])</visible>
				<texturefocus colordiffuse="Highlight">plexbmc/circle.png</texturefocus>
				<texturenofocus colordiffuse="Highlight">plexbmc/circle.png</texturenofocus>
				<aligny>center</aligny>
				<onclick>Control.SetFocus($PARAM[itemid])</onclick>
			</control>
		</definition>
	</include>

	<include name="ShelfList">
		<param name="menuvisibility"/>
		<param name="shelfvisible"/>
		<param name="shelfplex">false</param>
		<param name="selectionlistid"/>
		<param name="selectionlistlabel1"/>
		<param name="selectionlistlabel2"/>
		<param name="selectionlistlabel3"/>
		<param name="selectionlistlabel4"/>
		<param name="selectionlistlabel5"/>
		<param name="selectionlistlabel6"/>
		<param name="selectionlistvisible1">false</param>
		<param name="selectionlistvisible2">false</param>
		<param name="selectionlistvisible3">false</param>
		<param name="selectionlistvisible4">false</param>
		<param name="selectionlistvisible5">false</param>
		<param name="selectionlistvisible6">false</param>
		<param name="listitemtype1">Shelf_Posters</param>
		<param name="listitemtype2">Shelf_Posters</param>
		<param name="listitemtype3">Shelf_Posters</param>
		<param name="listitemtype4">Shelf_Posters</param>
		<param name="listitemtype5">Shelf_Posters</param>
		<param name="listitemtype6">Shelf_Posters</param>
		<param name="listitemlabel1">MoviesLabel</param>
		<param name="listitemlabel2">MoviesLabel</param>
		<param name="listitemlabel3">MoviesLabel</param>
		<param name="listitemlabel4">MoviesLabel</param>
		<param name="listitemlabel5">MoviesLabel</param>
		<param name="listitemlabel6">MoviesLabel</param>
		<param name="listitemcontent1"/>
		<param name="listitemcontent2"/>
		<param name="listitemcontent3"/>
		<param name="listitemcontent4"/>
		<param name="listitemcontent5"/>
		<param name="listitemcontent6"/>
		<param name="listitemcontenttype1">Path</param>
		<param name="listitemcontenttype2">Path</param>
		<param name="listitemcontenttype3">Path</param>
		<param name="listitemcontenttype4">Path</param>
		<param name="listitemcontenttype5">Path</param>
		<param name="listitemcontenttype6">Path</param>
		<param name="listitemsortby1"/>
		<param name="listitemsortby2"/>
		<param name="listitemsortby3"/>
		<param name="listitemsortby4"/>
		<param name="listitemsortby5"/>
		<param name="listitemsortby6"/>
		<param name="listitemsortorder1">descending</param>
		<param name="listitemsortorder2">descending</param>
		<param name="listitemsortorder3">descending</param>
		<param name="listitemsortorder4">descending</param>
		<param name="listitemsortorder5">descending</param>
		<param name="listitemsortorder6">descending</param>
		<param name="listitemlimit1">$VAR[ShelfSize]</param>
		<param name="listitemlimit2">$VAR[ShelfSize]</param>
		<param name="listitemlimit3">$VAR[ShelfSize]</param>
		<param name="listitemlimit4">$VAR[ShelfSize]</param>
		<param name="listitemlimit5">$VAR[ShelfSize]</param>
		<param name="listitemlimit6">$VAR[ShelfSize]</param>
		<param name="listitemtarget1">video</param>
		<param name="listitemtarget2">video</param>
		<param name="listitemtarget3">video</param>
		<param name="listitemtarget4">video</param>
		<param name="listitemtarget5">video</param>
		<param name="listitemtarget6">video</param>
		<definition>
			<control type="group">
				<animation effect="slide" start="0,0" end="-430,0" time="0" delay="0" reversible="true" condition="!Skin.HasSetting(VerticalHome)">conditional</animation>
				<animation effect="slide" start="0,0" end="0,-100" time="0" delay="0" reversible="true" condition="Skin.HasSetting(Shelf.DoubleHeight)">conditional</animation>
				<left>430</left>
				<top>283</top>
				<height>700</height>
				<visible>$PARAM[menuvisibility]</visible>
				<visible>$PARAM[shelfvisible]</visible>

				<control type="grouplist" id="$PARAM[selectionlistid]8">
					<height>707</height>
					<width>1920</width>
					<orientation>vertical</orientation>
					<onup>$PARAM[selectionlistid]8</onup>
					<ondown>300</ondown>
					<scrolltime>0</scrolltime>
					<include content="ShelfSubList">
						<param name="itemid">1</param>
						<param name="plex">$PARAM[shelfplex]</param>
						<param name="listitemonup">$PARAM[selectionlistid]2</param>
						<param name="listitemondown">$PARAM[selectionlistid]6</param>
						<param name="selectionlistid">$PARAM[selectionlistid]</param>
						<param name="selectionlistlabel">$PARAM[selectionlistlabel1]</param>
						<param name="listitemtype">$PARAM[listitemtype1]</param>
						<param name="listitemcontent">$PARAM[listitemcontent1]</param>
						<param name="listitemcontenttype">$PARAM[listitemcontenttype1]</param>
						<param name="listitemsortby">$PARAM[listitemsortby1]</param>
						<param name="listitemsortorder">$PARAM[listitemsortorder1]</param>
						<param name="listitemlimit">$PARAM[listitemlimit1]</param>
						<param name="listitemtarget">$PARAM[listitemtarget1]</param>
						<param name="listitemlabel">$PARAM[listitemlabel1]</param>
						<param name="listitemvisible">$PARAM[selectionlistvisible1]</param>
					</include>

					<include content="ShelfSubList">
						<param name="itemid">2</param>
						<param name="plex">$PARAM[shelfplex]</param>
						<param name="listitemonup">$PARAM[selectionlistid]3</param>
						<param name="listitemondown">$PARAM[selectionlistid]1</param>
						<param name="selectionlistid">$PARAM[selectionlistid]</param>
						<param name="selectionlistlabel">$PARAM[selectionlistlabel2]</param>
						<param name="listitemtype">$PARAM[listitemtype2]</param>
						<param name="listitemcontent">$PARAM[listitemcontent2]</param>
						<param name="listitemcontenttype">$PARAM[listitemcontenttype2]</param>
						<param name="listitemsortby">$PARAM[listitemsortby2]</param>
						<param name="listitemsortorder">$PARAM[listitemsortorder2]</param>
						<param name="listitemlimit">$PARAM[listitemlimit2]</param>
						<param name="listitemtarget">$PARAM[listitemtarget2]</param>
						<param name="listitemlabel">$PARAM[listitemlabel2]</param>
						<param name="listitemvisible">$PARAM[selectionlistvisible2]</param>
					</include>

					<include content="ShelfSubList">
						<param name="itemid">3</param>
						<param name="plex">$PARAM[shelfplex]</param>
						<param name="listitemonup">$PARAM[selectionlistid]4</param>
						<param name="listitemondown">$PARAM[selectionlistid]2</param>
						<param name="selectionlistid">$PARAM[selectionlistid]</param>
						<param name="selectionlistlabel">$PARAM[selectionlistlabel3]</param>
						<param name="listitemtype">$PARAM[listitemtype3]</param>
						<param name="listitemcontent">$PARAM[listitemcontent3]</param>
						<param name="listitemcontenttype">$PARAM[listitemcontenttype3]</param>
						<param name="listitemsortby">$PARAM[listitemsortby3]</param>
						<param name="listitemsortorder">$PARAM[listitemsortorder3]</param>
						<param name="listitemlimit">$PARAM[listitemlimit3]</param>
						<param name="listitemtarget">$PARAM[listitemtarget3]</param>
						<param name="listitemlabel">$PARAM[listitemlabel3]</param>
						<param name="listitemvisible">$PARAM[selectionlistvisible3]</param>
					</include>

					<include content="ShelfSubList">
						<param name="itemid">4</param>
						<param name="plex">$PARAM[shelfplex]</param>
						<param name="listitemonup">$PARAM[selectionlistid]5</param>
						<param name="listitemondown">$PARAM[selectionlistid]3</param>
						<param name="selectionlistid">$PARAM[selectionlistid]</param>
						<param name="selectionlistlabel">$PARAM[selectionlistlabel4]</param>
						<param name="listitemtype">$PARAM[listitemtype4]</param>
						<param name="listitemcontent">$PARAM[listitemcontent4]</param>
						<param name="listitemcontenttype">$PARAM[listitemcontenttype4]</param>
						<param name="listitemsortby">$PARAM[listitemsortby4]</param>
						<param name="listitemsortorder">$PARAM[listitemsortorder4]</param>
						<param name="listitemlimit">$PARAM[listitemlimit4]</param>
						<param name="listitemtarget">$PARAM[listitemtarget4]</param>
						<param name="listitemlabel">$PARAM[listitemlabel4]</param>
						<param name="listitemvisible">$PARAM[selectionlistvisible4]</param>
					</include>

					<include content="ShelfSubList">
						<param name="itemid">5</param>
						<param name="plex">$PARAM[shelfplex]</param>
						<param name="listitemonup">$PARAM[selectionlistid]6</param>
						<param name="listitemondown">$PARAM[selectionlistid]4</param>
						<param name="selectionlistid">$PARAM[selectionlistid]</param>
						<param name="selectionlistlabel">$PARAM[selectionlistlabel5]</param>
						<param name="listitemtype">$PARAM[listitemtype5]</param>
						<param name="listitemcontent">$PARAM[listitemcontent5]</param>
						<param name="listitemcontenttype">$PARAM[listitemcontenttype5]</param>
						<param name="listitemsortby">$PARAM[listitemsortby5]</param>
						<param name="listitemsortorder">$PARAM[listitemsortorder5]</param>
						<param name="listitemlimit">$PARAM[listitemlimit5]</param>
						<param name="listitemtarget">$PARAM[listitemtarget5]</param>
						<param name="listitemlabel">$PARAM[listitemlabel5]</param>
						<param name="listitemvisible">$PARAM[selectionlistvisible5]</param>
					</include>
					
					<include content="ShelfSubList">
						<param name="itemid">6</param>
						<param name="plex">$PARAM[shelfplex]</param>
						<param name="listitemonup">$PARAM[selectionlistid]1</param>
						<param name="listitemondown">$PARAM[selectionlistid]5</param>
						<param name="selectionlistid">$PARAM[selectionlistid]</param>
						<param name="selectionlistlabel">$PARAM[selectionlistlabel6]</param>
						<param name="listitemtype">$PARAM[listitemtype6]</param>
						<param name="listitemcontent">$PARAM[listitemcontent6]</param>
						<param name="listitemcontenttype">$PARAM[listitemcontenttype6]</param>
						<param name="listitemsortby">$PARAM[listitemsortby6]</param>
						<param name="listitemsortorder">$PARAM[listitemsortorder6]</param>
						<param name="listitemlimit">$PARAM[listitemlimit6]</param>
						<param name="listitemtarget">$PARAM[listitemtarget6]</param>
						<param name="listitemlabel">$PARAM[listitemlabel6]</param>
						<param name="listitemvisible">$PARAM[selectionlistvisible6]</param>
					</include>					

				</control>

				<control type="grouplist" id="$PARAM[selectionlistid]9" description="Selection Indicator">
					<animation effect="slide" start="0,0" end="0,160" time="0" condition="Skin.HasSetting(Shelf.DoubleHeight)">conditional</animation>
					<animation effect="slide" start="0,0" end="0,-8" time="0" condition="Integer.IsGreater(Container($PARAM[selectionlistid]8).NumItems,1)">conditional</animation>
					<animation effect="slide" start="0,0" end="0,-8" time="0" condition="Integer.IsGreater(Container($PARAM[selectionlistid]8).NumItems,2)">conditional</animation>
					<animation effect="slide" start="0,0" end="0,-8" time="0" condition="Integer.IsGreater(Container($PARAM[selectionlistid]8).NumItems,3)">conditional</animation>
					<animation effect="slide" start="0,0" end="0,-8" time="0" condition="Integer.IsGreater(Container($PARAM[selectionlistid]8).NumItems,4)">conditional</animation>
					<top>190</top>
					<left>10</left>
					<height>225</height>
					<width>16</width>
					<onup>$PARAM[selectionlistid]9</onup>
					<ondown>$PARAM[selectionlistid]9</ondown>
					<orientation>vertical</orientation>
					<scrolltime>0</scrolltime>
					<itemgap>10</itemgap>
					<include content="ShelfIndicatorIcon">
						<param name="selectionlistvisible">$PARAM[selectionlistvisible6]</param>
						<param name="itemid">$PARAM[selectionlistid]6</param>
					</include>					
					<include content="ShelfIndicatorIcon">
						<param name="selectionlistvisible">$PARAM[selectionlistvisible5]</param>
						<param name="itemid">$PARAM[selectionlistid]5</param>
					</include>
					<include content="ShelfIndicatorIcon">
						<param name="selectionlistvisible">$PARAM[selectionlistvisible4]</param>
						<param name="itemid">$PARAM[selectionlistid]4</param>
					</include>
					<include content="ShelfIndicatorIcon">
						<param name="selectionlistvisible">$PARAM[selectionlistvisible3]</param>
						<param name="itemid">$PARAM[selectionlistid]3</param>
					</include>
					<include content="ShelfIndicatorIcon">
						<param name="selectionlistvisible">$PARAM[selectionlistvisible2]</param>
						<param name="itemid">$PARAM[selectionlistid]2</param>
					</include>
					<include content="ShelfIndicatorIcon">
						<param name="selectionlistvisible">$PARAM[selectionlistvisible1]</param>
						<param name="itemid">$PARAM[selectionlistid]1</param>
					</include>
				</control>
			</control>
		</definition>
	</include>

	<include name="ShelfSubList">
		<param name="itemid"/>
		<param name="selectionlistid"/>
		<param name="selectionlistlabel"/>
		<param name="listitemtype"/>
		<param name="listitemcontent"/>
		<param name="listitemcontenttype"/>
		<param name="listitemsortby"/>
		<param name="listitemsortorder"/>
		<param name="listitemlimit"/>
		<param name="listitemtarget"/>
		<param name="listiteminclude"/>
		<param name="listitemlabel"/>
		<param name="listitemvisible"/>
		<param name="listitemonup"/>
		<param name="listitemondown"/>
		<param name="plex">false</param>
		<definition>
			<control type="group">
				<visible>$PARAM[listitemvisible]</visible>
				<visible>$PARAM[plex] | Integer.IsGreater(Container($PARAM[selectionlistid]$PARAM[itemid]).NumItems,0) | Container($PARAM[selectionlistid]$PARAM[itemid]).IsUpdating</visible>
				<include condition="Skin.HasSetting(VerticalHome)">Vertical_SubShelf_Commons</include>
				<include condition="!Skin.HasSetting(VerticalHome)">Horizontal_SubShelf_Commons</include>
				<height>707</height>
				<control type="image">
					<width>1920</width>
					<include condition="Skin.HasSetting(Shelf.DoubleHeight)">Double_SubShelf_BGHeight</include>
					<include condition="!Skin.HasSetting(Shelf.DoubleHeight)">Single_SubShelf_BGHeight</include>
					<texture border="0,40,0,00">home/ShelfBackground.png</texture>
				</control>
				<control type="label">
					<visible>Control.HasFocus($PARAM[selectionlistid]$PARAM[itemid])</visible>
					<top>-6</top>
					<height>45</height>
					<include content="$PARAM[listitemlabel]">
						<param name="containerid">$PARAM[selectionlistid]$PARAM[itemid]</param>
					</include>
					<font>Shelf_Title</font>
					<textcolor>Highlight</textcolor>
					<textoffsetx>16</textoffsetx>
					<aligny>center</aligny>
				</control>
				<control type="label">
					<visible>!Control.HasFocus($PARAM[selectionlistid]$PARAM[itemid]) + Skin.HasSetting(Show_Library_Count)</visible>
					<top>-6</top>
					<height>45</height>
					<label>$VAR[LibraryStats]</label>
					<textoffsetx>16</textoffsetx>
					<font>Shelf_Title</font>
					<aligny>center</aligny>
				</control>
				<control type="label">
					<top>-6</top>
					<height>45</height>
					<label>$PARAM[selectionlistlabel]</label>
					<font>Shelf_Title</font>
					<textcolor>Highlight</textcolor>
					<align>right</align>
					<aligny>center</aligny>
				</control>
				<control type="panel" id="$PARAM[selectionlistid]$PARAM[itemid]">
					<visible>$PARAM[listitemvisible]</visible>
					<onup>$PARAM[listitemonup]</onup>
					<onup>Control.Move($PARAM[selectionlistid]9,1)</onup>
					<ondown condition="!Skin.HasSetting(VerticalHome)">300</ondown>
					<ondown condition="Skin.HasSetting(VerticalHome)">$PARAM[listitemondown]</ondown>
					<onright>$PARAM[selectionlistid]$PARAM[itemid]</onright>
					<onback>300</onback>
					<onleft condition="Skin.HasSetting(VerticalHome)">300</onleft>
					<onleft condition="!Skin.HasSetting(VerticalHome)">$PARAM[selectionlistid]$PARAM[itemid]</onleft>
					<left>32</left>
					<top>53</top>
					<include condition="Skin.HasSetting(Shelf.DoubleHeight)">Double_SubShelf_Height</include>
					<include condition="!Skin.HasSetting(Shelf.DoubleHeight)">Single_SubShelf_Height</include>
					<include condition="Skin.HasSetting(VerticalHome)">Vertical_SubShelf_Commons</include>
					<include condition="!Skin.HasSetting(VerticalHome)">Horizontal_SubShelf_Commons</include>
					<orientation>horizontal</orientation>
					<include content="$PARAM[listitemtype]">
						<param name="id1" value="$PARAM[selectionlistid]$PARAM[itemid]"/>
					</include>
					<include content="ShelfContentType_$PARAM[listitemcontenttype]">
						<param name="listitemsortby">$PARAM[listitemsortby]</param>
						<param name="listitemsortorder">$PARAM[listitemsortorder]</param>
						<param name="listitemlimit">$PARAM[listitemlimit]</param>
						<param name="listitemtarget">$PARAM[listitemtarget]</param>
						<param name="listitemcontent">$PARAM[listitemcontent]</param>
					</include>
				</control>
			</control>
		</definition>
	</include>

	<include name="HomeShelf">
		<param name="xoffset"/>
		<param name="yoffset"/>
		<param name="shelfwidth"/>
		<definition>
			<control type="group">
			
				<include content="ShelfList">
					<param name="menuvisibility">Container(300).HasFocus(16)</param>
					<param name="shelfvisible">![Skin.HasSetting(Hide.Games.Shelf) | Skin.HasSetting(Hide.RecentlyAdded)]</param>
					<param name="selectionlistid">1600</param>
					<param name="selectionlistlabel1">$LOCALIZE[31054]</param>
					<param name="selectionlistvisible1">true</param>
					<param name="listitemtype1">Shelf_Addons</param>
					<param name="listitemlabel1">MoviesLabel</param>
					<param name="listitemcontent1">sources://games/</param>
					<param name="listitemtarget1">games</param>
				</include>
				
				<include content="ShelfList">
					<param name="menuvisibility">Container(300).HasFocus(1)</param>
					<param name="shelfvisible">![Skin.HasSetting(Hide.Pictures.Shelf) | Skin.HasSetting(Hide.RecentlyAdded)]</param>
					<param name="selectionlistid">100</param>
					<param name="selectionlistlabel1">$LOCALIZE[31054]</param>
					<param name="selectionlistvisible1">true</param>
					<param name="listitemtype1">Shelf_Addons</param>
					<param name="listitemlabel1">MoviesLabel</param>
					<param name="listitemcontent1">sources://pictures/</param>
					<param name="listitemtarget1">pictures</param>
				</include>
				<include content="ShelfList">
					<param name="menuvisibility">Container(300).HasFocus(2)</param>
					<param name="shelfvisible">![Skin.HasSetting(Shelf.Addons) | Skin.HasSetting(Hide.RecentlyAdded)]</param>
					<param name="selectionlistid">200</param>
					<param name="selectionlistlabel1">$LOCALIZE[1036]</param>
					<param name="selectionlistlabel2">$LOCALIZE[1212]</param>
					<param name="selectionlistlabel3">$LOCALIZE[1211]</param>
					<param name="selectionlistlabel4">$LOCALIZE[1213]</param>
					<param name="selectionlistlabel5">$LOCALIZE[10506]</param>
					<param name="selectionlistlabel6">$LOCALIZE[15016]</param>
					<param name="selectionlistvisible1">!Skin.HasSetting(Shelf.Addons.Favourites)</param>
					<param name="selectionlistvisible2">!Skin.HasSetting(Shelf.Addons.Videos)</param>
					<param name="selectionlistvisible3">!Skin.HasSetting(Shelf.Addons.Music)</param>
					<param name="selectionlistvisible4">!Skin.HasSetting(Shelf.Addons.Pictures)</param>
					<param name="selectionlistvisible5">!Skin.HasSetting(Shelf.Addons.Programs)</param>
					<param name="selectionlistvisible6">!Skin.HasSetting(Shelf.Addons.Games)</param>
					<param name="listitemtype1">Shelf_Addons</param>
					<param name="listitemtype2">Shelf_Addons</param>
					<param name="listitemtype3">Shelf_Addons</param>
					<param name="listitemtype4">Shelf_Addons</param>
					<param name="listitemtype5">Shelf_Addons</param>
					<param name="listitemtype6">Shelf_Addons</param>
					<param name="listitemlabel1">MoviesLabel</param>
					<param name="listitemlabel2">MoviesLabel</param>
					<param name="listitemlabel3">MoviesLabel</param>
					<param name="listitemlabel4">MoviesLabel</param>
					<param name="listitemlabel5">MoviesLabel</param>
					<param name="listitemlabel6">MoviesLabel</param>
					<param name="listitemcontenttype1">Include</param>
					<param name="listitemcontent1">AddonContent</param>
					<param name="listitemcontent2">addons://sources/video/</param>
					<param name="listitemcontent3">addons://sources/audio/</param>
					<param name="listitemcontent4">addons://sources/image/</param>
					<param name="listitemcontent5">addons://sources/executable/</param>
					<param name="listitemcontent6">addons://sources/game/</param>
					<param name="listitemtarget1" />
					<param name="listitemtarget2">videos</param>
					<param name="listitemtarget3">music</param>
					<param name="listitemtarget4">pictures</param>
					<param name="listitemtarget5">programs</param>
					<param name="listitemtarget6">games</param>
				</include>
				<include content="ShelfList">
					<param name="menuvisibility">Container(300).HasFocus(3)</param>
					<param name="shelfvisible">![Skin.HasSetting(Hide.Videos.Shelf) | Skin.HasSetting(Hide.RecentlyAdded)]</param>
					<param name="selectionlistid">300</param>
					<param name="selectionlistlabel1">$LOCALIZE[31054]</param>
					<param name="selectionlistvisible1">true</param>
					<param name="listitemtype1">Shelf_Addons</param>
					<param name="listitemlabel1">MoviesLabel</param>
					<param name="listitemcontent1">sources://videos/</param>
					<param name="listitemtarget1">videos</param>
				</include>
				<include content="ShelfList">
					<param name="menuvisibility">Container(300).HasFocus(4)</param>
					<param name="shelfvisible">![Skin.HasSetting(Hide.Movies.Shelf) | Skin.HasSetting(Hide.RecentlyAdded)]</param>
					<param name="selectionlistid">400</param>
					<param name="selectionlistlabel1">$LOCALIZE[20386]</param>
					<param name="selectionlistlabel2">$LOCALIZE[31071]</param>
					<param name="selectionlistlabel3">$LOCALIZE[31070]</param>
					<param name="selectionlistvisible1">!Skin.HasSetting(Hide.Movies.Shelf.RecentlyAdded)</param>
					<param name="selectionlistvisible2">!Skin.HasSetting(Hide.Movies.Shelf.InProgress)</param>
					<param name="selectionlistvisible3">!Skin.HasSetting(Hide.Movies.Shelf.Random)</param>
					<param name="listitemtype1">Shelf_Posters</param>
					<param name="listitemtype2">Shelf_Posters</param>
					<param name="listitemtype3">Shelf_Posters</param>
					<param name="listitemlabel1">MoviesLabel</param>
					<param name="listitemlabel2">MoviesLabel</param>
					<param name="listitemlabel3">MoviesLabel</param>
					<param name="listitemcontent1">special://skin/xsp/movies_recentlyadded.xsp</param>
					<param name="listitemcontent2">special://skin/xsp/movies_inprogress.xsp</param>
					<param name="listitemcontent3">special://skin/xsp/movies_random.xsp</param>
				</include>
				<include content="ShelfList">
					<param name="menuvisibility">Container(300).HasFocus(5)</param>
					<param name="shelfvisible">![Skin.HasSetting(Hide.TVShow.Shelf) | Skin.HasSetting(Hide.RecentlyAdded)]</param>
					<param name="selectionlistid">500</param>
					<param name="selectionlistlabel1">$LOCALIZE[20387]</param>
					<param name="selectionlistlabel2">$LOCALIZE[31072]</param>
					<param name="selectionlistlabel3">$LOCALIZE[626]</param>
					<param name="selectionlistlabel4">$LOCALIZE[31073]</param>
					<param name="selectionlistlabel5">$LOCALIZE[32042]</param>
					<param name="selectionlistlabel6">$LOCALIZE[32013]</param>
					<param name="selectionlistvisible1">!Skin.HasSetting(Hide.TVShow.Shelf.RecentlyAdded)</param>
					<param name="selectionlistvisible2">!Skin.HasSetting(Hide.TVShow.Shelf.Unwatched)</param>
					<param name="selectionlistvisible3">!Skin.HasSetting(Hide.TVShow.Shelf.InProgressShows)</param>
					<param name="selectionlistvisible4">!Skin.HasSetting(Hide.TVShow.Shelf.InProgress)</param>
					<param name="selectionlistvisible5">!Skin.HasSetting(Hide.TVShow.Shelf.NextEpisodes)</param>
					<param name="selectionlistvisible6">!Skin.HasSetting(Hide.TVShow.Shelf.NextAiringEpisodes)</param>
					<param name="listitemtype1">Shelf_Posters</param>
					<param name="listitemtype2">Shelf_Posters</param>
					<param name="listitemtype3">Shelf_Posters</param>
					<param name="listitemtype4">Shelf_Posters</param>
					<param name="listitemtype5">Shelf_Posters</param>
					<param name="listitemtype6">Shelf_Posters</param>
					<param name="listitemlabel1">EpisodeLabel</param>
					<param name="listitemlabel2">TVShowLabel</param>
					<param name="listitemlabel3">TVShowLabel</param>
					<param name="listitemlabel4">EpisodeLabel</param>
					<param name="listitemlabel5">EpisodeLabel</param>
					<param name="listitemlabel6">EpisodeLabel</param>
					<param name="listitemtarget2">videos</param>
					<param name="listitemtarget3">videos</param>
					<param name="listitemtarget6">videos</param>
					<param name="listitemcontent1">special://skin/xsp/episodes_recentlyadded.xsp</param>
					<param name="listitemcontent2">special://skin/xsp/tvshows_unwatched.xsp</param>
					<param name="listitemcontent3">videodb://inprogresstvshows</param>
					<param name="listitemcontent4">special://skin/xsp/episodes_inprogress.xsp</param>
					<param name="listitemcontent5">plugin://script.skin.helper.widgets/?action=next&amp;mediatype=episodes&amp;reload=$INFO[Window(Home).Property(widgetreload-episodes)]</param>
					<param name="listitemcontent6">plugin://script.skin.helper.widgets/?action=airingtoday&amp;mediatype=episodes&amp;reload=$INFO[Window(Home).Property(widgetreload-episodes)]</param>
					<param name="listitemsortby3">lastplayed</param>
				</include>
				<include content="ShelfList">
					<param name="menuvisibility">Container(300).HasFocus(6)</param>
					<param name="shelfvisible">![Skin.HasSetting(Hide.Music.Shelf) | Skin.HasSetting(Hide.RecentlyAdded)]</param>
					<param name="selectionlistid">600</param>
					<param name="selectionlistlabel1">$LOCALIZE[359]</param>
					<param name="selectionlistlabel2">$LOCALIZE[31074]</param>
					<param name="selectionlistlabel3">$LOCALIZE[31075]</param>
					<param name="selectionlistlabel4">$LOCALIZE[31076]</param>
					<param name="selectionlistlabel5">$LOCALIZE[31077]</param>
					<param name="selectionlistvisible1">!Skin.HasSetting(Hide.Music.Shelf.RecentlyAddedAlbums)</param>
					<param name="selectionlistvisible2">!Skin.HasSetting(Hide.Music.Shelf.MostPlayedAlbums)</param>
					<param name="selectionlistvisible3">!Skin.HasSetting(Hide.Music.Shelf.RandomAlbums)</param>
					<param name="selectionlistvisible4">!Skin.HasSetting(Hide.Music.Shelf.MostPlayedSongs)</param>
					<param name="selectionlistvisible5">!Skin.HasSetting(Hide.Music.Shelf.RandomArtists)</param>
					<param name="listitemtype1">Shelf_Albums</param>
					<param name="listitemtype2">Shelf_Albums</param>
					<param name="listitemtype3">Shelf_Albums</param>
					<param name="listitemtype4">Shelf_Albums</param>
					<param name="listitemtype5">Shelf_Albums</param>
					<param name="listitemlabel1">AlbumLabel</param>
					<param name="listitemlabel2">AlbumLabel</param>
					<param name="listitemlabel3">AlbumLabel</param>
					<param name="listitemlabel4">SongLabel</param>
					<param name="listitemlabel5">MoviesLabel</param>
					<param name="listitemtarget1">music</param>
					<param name="listitemtarget2">music</param>
					<param name="listitemtarget3">music</param>
					<param name="listitemtarget4">music</param>
					<param name="listitemtarget5">music</param>
					<param name="listitemcontent1">special://skin/xsp/albums_recentlyadded.xsp</param>
					<param name="listitemcontent2">special://skin/xsp/albums_mostplayed.xsp</param>
					<param name="listitemcontent3">special://skin/xsp/albums_random.xsp</param>
					<param name="listitemcontent4">special://skin/xsp/songs_mostplayed.xsp</param>
					<param name="listitemcontent5">special://skin/xsp/artists_random.xsp</param>
				</include>
				<include content="ShelfList">
					<param name="menuvisibility">Container(300).HasFocus(7)</param>
					<param name="shelfvisible">System.HasAddon(script.favourites) + ![Skin.HasSetting(Hide.Favourites) | Skin.HasSetting(Hide.RecentlyAdded)]</param>
					<param name="selectionlistid">800</param>
					<param name="selectionlistlabel1">$LOCALIZE[1036]</param>
					<param name="selectionlistvisible1">true</param>
					<param name="listitemtype1">Shelf_Favourites</param>
					<param name="listitemlabel1">MoviesLabel</param>
					<param name="listitemcontenttype1">Include</param>
					<param name="listitemcontent1">FavouriteContent</param>
				</include>
				<include content="ShelfList">
					<param name="menuvisibility">Container(300).HasFocus(14)</param>
					<param name="shelfvisible">![Skin.HasSetting(Hide.MusicVideos.Shelf) | Skin.HasSetting(Hide.RecentlyAdded)]</param>
					<param name="selectionlistid">1400</param>
					<param name="selectionlistlabel1">$LOCALIZE[20390]</param>
					<param name="selectionlistlabel2">$LOCALIZE[31078]</param>
					<param name="selectionlistlabel3">$LOCALIZE[31079]</param>
					<param name="selectionlistvisible1">!Skin.HasSetting(Hide.MusicVideos.Shelf.RecentlyAdded)</param>
					<param name="selectionlistvisible2">!Skin.HasSetting(Hide.MusicVideos.Shelf.Random)</param>
					<param name="selectionlistvisible3">!Skin.HasSetting(Hide.MusicVideos.Shelf.Unwatched)</param>
					<param name="listitemtype1">Shelf_Albums</param>
					<param name="listitemtype2">Shelf_Albums</param>
					<param name="listitemtype3">Shelf_Albums</param>
					<param name="listitemlabel1">MoviesLabel</param>
					<param name="listitemlabel2">MoviesLabel</param>
					<param name="listitemlabel3">MoviesLabel</param>
					<param name="listitemcontent1">special://skin/xsp/musicvideos_recentlyadded.xsp</param>
					<param name="listitemcontent2">special://skin/xsp/musicvideos_random.xsp</param>
					<param name="listitemcontent3">special://skin/xsp/musicvideos_unwatched.xsp</param>
				</include>
				<include content="ShelfList">
					<param name="menuvisibility">Container(300).HasFocus(12)</param>
					<param name="shelfvisible">![Skin.HasSetting(Hide.TV.Shelf) | Skin.HasSetting(Hide.RecentlyAdded)]</param>
					<param name="selectionlistid">1200</param>
					<param name="selectionlistlabel1">$LOCALIZE[31080]</param>
					<param name="selectionlistlabel2">$LOCALIZE[31081]</param>
					<param name="selectionlistvisible1">!Skin.HasSetting(Hide.TV.Shelf.Channels)</param>
					<param name="selectionlistvisible2">!Skin.HasSetting(Hide.TV.Shelf.Recordings)</param>
					<param name="listitemtype1">Shelf_Channel</param>
					<param name="listitemtype2">Shelf_Recording</param>
					<param name="listitemlabel1">ChannelLabel</param>
					<param name="listitemlabel2">RecordingLabel</param>
					<param name="listitemsortby1">lastplayed</param>
					<param name="listitemsortby2">date</param>
					<param name="listitemcontent1">pvr://channels/tv/*?=lastplayed</param>
					<param name="listitemcontent2">pvr://recordings/tv/active?view=flat</param>
				</include>
				<include content="ShelfList">
					<param name="menuvisibility">Container(300).HasFocus(13)</param>
					<param name="shelfvisible">![Skin.HasSetting(Hide.Radio.Shelf) | Skin.HasSetting(Hide.RecentlyAdded)]</param>
					<param name="selectionlistid">1300</param>
					<param name="selectionlistlabel1">$LOCALIZE[31080]</param>
					<param name="selectionlistlabel2">$LOCALIZE[31081]</param>
					<param name="selectionlistvisible1">!Skin.HasSetting(Hide.Radio.Shelf.Channels)</param>
					<param name="selectionlistvisible2">!Skin.HasSetting(Hide.Radio.Shelf.Recordings)</param>
					<param name="listitemtype1">Shelf_Channel</param>
					<param name="listitemtype2">Shelf_Recording</param>
					<param name="listitemlabel1">ChannelLabel</param>
					<param name="listitemlabel2">RecordingLabel</param>
					<param name="listitemsortby1">lastplayed</param>
					<param name="listitemcontent1">pvr://channels/radio/*?=lastplayed</param>
					<param name="listitemcontent2">pvr://recordings/radio/active?view=flat</param>
				</include>
				<include content="ShelfList">
					<param name="menuvisibility">Container(300).HasFocus(15)</param>
					<param name="shelfvisible">!String.IsEmpty(Weather.plugin) + ![Skin.HasSetting(Hide.Weather.Shelf) | Skin.HasSetting(Hide.RecentlyAdded)]</param>
					<param name="selectionlistid">1500</param>
					<param name="selectionlistlabel1">$LOCALIZE[31130] • $INFO[Weather.Location]</param>
					<param name="selectionlistlabel2">$LOCALIZE[31131] • $INFO[Weather.Location]</param>
					<param name="selectionlistvisible1">!String.IsEmpty(Window(weather).Property(Hourly.IsFetched)) + !Skin.HasSetting(Hide.Weather.Shelf.Hourly)</param>
					<param name="selectionlistvisible2">!String.IsEmpty(Window(weather).Property(Daily.IsFetched)) + !Skin.HasSetting(Hide.Weather.Shelf.Daily)</param>
					<param name="listitemtype1">Shelf_Weather</param>
					<param name="listitemtype2">Shelf_Weather</param>
					<param name="listitemlabel1">WeatherLabel</param>
					<param name="listitemlabel2">WeatherLabel</param>
					<param name="listitemcontenttype1">Include</param>
					<param name="listitemcontenttype2">Include</param>
					<param name="listitemcontent1">WeatherContent.Hourly</param>
					<param name="listitemcontent2">WeatherContent.Daily</param>
				</include>
				<control type="group">
					<visible>Container(300).HasFocus(12) + PVR.IsRecordingTV + !Skin.HasSetting(Hide.TV.Widget.NowRecording)</visible>
					<animation effect="slide" start="0,0" end="430,0" time="0" condition="Skin.HasSetting(VerticalHome)">conditional</animation>
					<animation effect="slide" start="0,0" end="0,50" time="0" condition="!Skin.HasSetting(Shelf.DoubleHeight)">conditional</animation>
					<include content="CurrentPVRStatus">
						<param name="top">60</param>
						<param name="left">0</param>
						<param name="headerlabel">$LOCALIZE[19158]:</param>
						<param name="timelabel">Pvr.TVNowRecordingDateTime</param>
						<param name="channellabel">Pvr.TVNowRecordingChannel</param>
						<param name="titlelabel">Pvr.TVNowRecordingTitle</param>
						<param name="channelicon">Pvr.TVNowRecordingChannelIcon</param>
					</include>
				</control>
				<control type="group">
					<visible>Container(300).HasFocus(12) + PVR.HasNonRecordingTVTimer + !Skin.HasSetting(Hide.TV.Widget.NextRecording)</visible>
					<animation effect="slide" start="0,0" end="0,50" time="0" condition="!Skin.HasSetting(Shelf.DoubleHeight)">conditional</animation>
					<include content="CurrentPVRStatus">
						<param name="top">60</param>
						<param name="left">1320</param>
						<param name="headerlabel">$LOCALIZE[19157]:</param>
						<param name="timelabel">Pvr.TVNextRecordingDateTime</param>
						<param name="channellabel">Pvr.TVNextRecordingChannel</param>
						<param name="titlelabel">Pvr.TVNextRecordingTitle</param>
						<param name="channelicon">Pvr.TVNextRecordingChannelIcon</param>
					</include>
				</control>
				<control type="group">
					<visible>Container(300).HasFocus(13) + PVR.IsRecordingRadio + !Skin.HasSetting(Hide.Radio.Widget.NowRecording)</visible>
					<animation effect="slide" start="0,0" end="430,0" time="0" condition="Skin.HasSetting(VerticalHome)">conditional</animation>
					<animation effect="slide" start="0,0" end="0,50" time="0" condition="!Skin.HasSetting(Shelf.DoubleHeight)">conditional</animation>
					<include content="CurrentPVRStatus">
						<param name="top">60</param>
						<param name="left">0</param>
						<param name="headerlabel">$LOCALIZE[19158]</param>
						<param name="timelabel">Pvr.RadioNowRecordingDateTime</param>
						<param name="channellabel">Pvr.RadioNowRecordingChannel</param>
						<param name="titlelabel">Pvr.RadioNowRecordingTitle</param>
						<param name="channelicon">Pvr.RadioNowRecordingChannelIcon</param>
					</include>
				</control>
				<control type="group">
					<visible>Container(300).HasFocus(13) + PVR.HasNonRecordingRadioTimer + !Skin.HasSetting(Hide.Radio.Widget.NextRecording)</visible>
					<animation effect="slide" start="0,0" end="0,50" time="0" condition="!Skin.HasSetting(Shelf.DoubleHeight)">conditional</animation>
					<include content="CurrentPVRStatus">
						<param name="top">60</param>
						<param name="left">1320</param>
						<param name="headerlabel">$LOCALIZE[19157]</param>
						<param name="timelabel">Pvr.RadioNextRecordingDateTime</param>
						<param name="channellabel">Pvr.RadioNextRecordingChannel</param>
						<param name="titlelabel">Pvr.RadioNextRecordingTitle</param>
						<param name="channelicon">Pvr.RadioNextRecordingChannelIcon</param>
					</include>
				</control>
				<include content="ShelfList">
					<param name="menuvisibility">Container(300).HasFocus(21)</param>
					<param name="shelfvisible">!Skin.HasSetting(Hide.RecentlyAdded)</param>
					<param name="selectionlistid">21000</param>
					<param name="selectionlistlabel1">$INFO[Skin.String(CustomHome21Label)]</param>
					<param name="selectionlistvisible1">!String.IsEmpty(Skin.String(CustomHome21List)) + Skin.HasSetting(CustomHome21.Movies)</param>
					<param name="listitemtype1">Shelf_Posters</param>
					<param name="listitemlabel1">MoviesLabel</param>
					<param name="listitemcontent1">$INFO[Skin.String(CustomHome21List)]</param>
					<param name="selectionlistlabel2">$INFO[Skin.String(CustomHome21Label)]</param>
					<param name="selectionlistvisible2">!String.IsEmpty(Skin.String(CustomHome21List)) + Skin.HasSetting(CustomHome21.TVShows)</param>
					<param name="listitemtype2">Shelf_Posters</param>
					<param name="listitemlabel2">TVShowLabel</param>
					<param name="listitemcontent2">$INFO[Skin.String(CustomHome21List)]</param>
					<param name="selectionlistlabel3">$INFO[Skin.String(CustomHome21Label)]</param>
					<param name="selectionlistvisible3">!String.IsEmpty(Skin.String(CustomHome21List)) + Skin.HasSetting(CustomHome21.Episodes)</param>
					<param name="listitemtype3">Shelf_Posters</param>
					<param name="listitemlabel3">MoviesLabel</param>
					<param name="listitemcontent3">$INFO[Skin.String(CustomHome21List)]</param>
					<param name="selectionlistlabel4">$INFO[Skin.String(CustomHome21Label)]</param>
					<param name="selectionlistvisible4">!String.IsEmpty(Skin.String(CustomHome21List)) + Skin.HasSetting(CustomHome21.Albums)</param>
					<param name="listitemtype4">Shelf_Albums</param>
					<param name="listitemlabel4">AlbumLabel</param>
					<param name="listitemcontent4">$INFO[Skin.String(CustomHome21List)]</param>
					<param name="selectionlistlabel5">$INFO[Skin.String(CustomHome21Label)]</param>
					<param name="selectionlistvisible5">!String.IsEmpty(Skin.String(CustomHome21List)) + Skin.HasSetting(CustomHome21.Songs)</param>
					<param name="listitemtype5">Shelf_Albums</param>
					<param name="listitemlabel5">SongLabel</param>
					<param name="listitemcontent5">$INFO[Skin.String(CustomHome21List)]</param>
				</include>
				<include content="ShelfList">
					<param name="menuvisibility">Container(300).HasFocus(22)</param>
					<param name="shelfvisible">!Skin.HasSetting(Hide.RecentlyAdded)</param>
					<param name="selectionlistid">22000</param>
					<param name="selectionlistlabel1">$INFO[Skin.String(CustomHome22Label)]</param>
					<param name="selectionlistvisible1">!String.IsEmpty(Skin.String(CustomHome22List)) + Skin.HasSetting(CustomHome22.Movies)</param>
					<param name="listitemtype1">Shelf_Posters</param>
					<param name="listitemlabel1">MoviesLabel</param>
					<param name="listitemcontent1">$INFO[Skin.String(CustomHome22List)]</param>
					<param name="selectionlistlabel2">$INFO[Skin.String(CustomHome22Label)]</param>
					<param name="selectionlistvisible2">!String.IsEmpty(Skin.String(CustomHome22List)) + Skin.HasSetting(CustomHome22.TVShows)</param>
					<param name="listitemtype2">Shelf_Posters</param>
					<param name="listitemlabel2">TVShowLabel</param>
					<param name="listitemcontent2">$INFO[Skin.String(CustomHome22List)]</param>
					<param name="selectionlistlabel3">$INFO[Skin.String(CustomHome22Label)]</param>
					<param name="selectionlistvisible3">!String.IsEmpty(Skin.String(CustomHome22List)) + Skin.HasSetting(CustomHome22.Episodes)</param>
					<param name="listitemtype3">Shelf_Posters</param>
					<param name="listitemlabel3">MoviesLabel</param>
					<param name="listitemcontent3">$INFO[Skin.String(CustomHome22List)]</param>
					<param name="selectionlistlabel4">$INFO[Skin.String(CustomHome22Label)]</param>
					<param name="selectionlistvisible4">!String.IsEmpty(Skin.String(CustomHome22List)) + Skin.HasSetting(CustomHome22.Albums)</param>
					<param name="listitemtype4">Shelf_Albums</param>
					<param name="listitemlabel4">AlbumLabel</param>
					<param name="listitemcontent4">$INFO[Skin.String(CustomHome22List)]</param>
					<param name="selectionlistlabel5">$INFO[Skin.String(CustomHome22Label)]</param>
					<param name="selectionlistvisible5">!String.IsEmpty(Skin.String(CustomHome22List)) + Skin.HasSetting(CustomHome22.Songs)</param>
					<param name="listitemtype5">Shelf_Albums</param>
					<param name="listitemlabel5">SongLabel</param>
					<param name="listitemcontent5">$INFO[Skin.String(CustomHome22List)]</param>
				</include>
				<include content="ShelfList">
					<param name="menuvisibility">Container(300).HasFocus(23)</param>
					<param name="shelfvisible">!Skin.HasSetting(Hide.RecentlyAdded)</param>
					<param name="selectionlistid">23000</param>
					<param name="selectionlistlabel1">$INFO[Skin.String(CustomHome23Label)]</param>
					<param name="selectionlistvisible1">!String.IsEmpty(Skin.String(CustomHome23List)) + Skin.HasSetting(CustomHome23.Movies)</param>
					<param name="listitemtype1">Shelf_Posters</param>
					<param name="listitemlabel1">MoviesLabel</param>
					<param name="listitemcontent1">$INFO[Skin.String(CustomHome23List)]</param>
					<param name="selectionlistlabel2">$INFO[Skin.String(CustomHome23Label)]</param>
					<param name="selectionlistvisible2">!String.IsEmpty(Skin.String(CustomHome23List)) + Skin.HasSetting(CustomHome23.TVShows)</param>
					<param name="listitemtype2">Shelf_Posters</param>
					<param name="listitemlabel2">TVShowLabel</param>
					<param name="listitemcontent2">$INFO[Skin.String(CustomHome23List)]</param>
					<param name="selectionlistlabel3">$INFO[Skin.String(CustomHome23Label)]</param>
					<param name="selectionlistvisible3">!String.IsEmpty(Skin.String(CustomHome23List)) + Skin.HasSetting(CustomHome23.Episodes)</param>
					<param name="listitemtype3">Shelf_Posters</param>
					<param name="listitemlabel3">MoviesLabel</param>
					<param name="listitemcontent3">$INFO[Skin.String(CustomHome23List)]</param>
					<param name="selectionlistlabel4">$INFO[Skin.String(CustomHome23Label)]</param>
					<param name="selectionlistvisible4">!String.IsEmpty(Skin.String(CustomHome23List)) + Skin.HasSetting(CustomHome23.Albums)</param>
					<param name="listitemtype4">Shelf_Albums</param>
					<param name="listitemlabel4">AlbumLabel</param>
					<param name="listitemcontent4">$INFO[Skin.String(CustomHome23List)]</param>
					<param name="selectionlistlabel5">$INFO[Skin.String(CustomHome23Label)]</param>
					<param name="selectionlistvisible5">!String.IsEmpty(Skin.String(CustomHome23List)) + Skin.HasSetting(CustomHome23.Songs)</param>
					<param name="listitemtype5">Shelf_Albums</param>
					<param name="listitemlabel5">SongLabel</param>
					<param name="listitemcontent5">$INFO[Skin.String(CustomHome23List)]</param>
				</include>
				<include content="ShelfList">
					<param name="menuvisibility">Container(300).HasFocus(24)</param>
					<param name="shelfvisible">!Skin.HasSetting(Hide.RecentlyAdded)</param>
					<param name="selectionlistid">24000</param>
					<param name="selectionlistlabel1">$INFO[Skin.String(CustomHome24Label)]</param>
					<param name="selectionlistvisible1">!String.IsEmpty(Skin.String(CustomHome24List)) + Skin.HasSetting(CustomHome24.Movies)</param>
					<param name="listitemtype1">Shelf_Posters</param>
					<param name="listitemlabel1">MoviesLabel</param>
					<param name="listitemcontent1">$INFO[Skin.String(CustomHome24List)]</param>
					<param name="selectionlistlabel2">$INFO[Skin.String(CustomHome24Label)]</param>
					<param name="selectionlistvisible2">!String.IsEmpty(Skin.String(CustomHome24List)) + Skin.HasSetting(CustomHome24.TVShows)</param>
					<param name="listitemtype2">Shelf_Posters</param>
					<param name="listitemlabel2">TVShowLabel</param>
					<param name="listitemcontent2">$INFO[Skin.String(CustomHome24List)]</param>
					<param name="selectionlistlabel3">$INFO[Skin.String(CustomHome24Label)]</param>
					<param name="selectionlistvisible3">!String.IsEmpty(Skin.String(CustomHome24List)) + Skin.HasSetting(CustomHome24.Episodes)</param>
					<param name="listitemtype3">Shelf_Posters</param>
					<param name="listitemlabel3">MoviesLabel</param>
					<param name="listitemcontent3">$INFO[Skin.String(CustomHome24List)]</param>
					<param name="selectionlistlabel4">$INFO[Skin.String(CustomHome24Label)]</param>
					<param name="selectionlistvisible4">!String.IsEmpty(Skin.String(CustomHome24List)) + Skin.HasSetting(CustomHome24.Albums)</param>
					<param name="listitemtype4">Shelf_Albums</param>
					<param name="listitemlabel4">AlbumLabel</param>
					<param name="listitemcontent4">$INFO[Skin.String(CustomHome24List)]</param>
					<param name="selectionlistlabel5">$INFO[Skin.String(CustomHome24Label)]</param>
					<param name="selectionlistvisible5">!String.IsEmpty(Skin.String(CustomHome24List)) + Skin.HasSetting(CustomHome24.Songs)</param>
					<param name="listitemtype5">Shelf_Albums</param>
					<param name="listitemlabel5">SongLabel</param>
					<param name="listitemcontent5">$INFO[Skin.String(CustomHome24List)]</param>
				</include>
				<include content="ShelfList">
					<param name="menuvisibility">Container(300).HasFocus(25)</param>
					<param name="shelfvisible">!Skin.HasSetting(Hide.RecentlyAdded)</param>
					<param name="selectionlistid">25000</param>
					<param name="selectionlistlabel1">$INFO[Skin.String(CustomHome25Label)]</param>
					<param name="selectionlistvisible1">!String.IsEmpty(Skin.String(CustomHome25List)) + Skin.HasSetting(CustomHome25.Movies)</param>
					<param name="listitemtype1">Shelf_Posters</param>
					<param name="listitemlabel1">MoviesLabel</param>
					<param name="listitemcontent1">$INFO[Skin.String(CustomHome25List)]</param>
					<param name="selectionlistlabel2">$INFO[Skin.String(CustomHome25Label)]</param>
					<param name="selectionlistvisible2">!String.IsEmpty(Skin.String(CustomHome25List)) + Skin.HasSetting(CustomHome25.TVShows)</param>
					<param name="listitemtype2">Shelf_Posters</param>
					<param name="listitemlabel2">TVShowLabel</param>
					<param name="listitemcontent2">$INFO[Skin.String(CustomHome25List)]</param>
					<param name="selectionlistlabel3">$INFO[Skin.String(CustomHome25Label)]</param>
					<param name="selectionlistvisible3">!String.IsEmpty(Skin.String(CustomHome25List)) + Skin.HasSetting(CustomHome25.Episodes)</param>
					<param name="listitemtype3">Shelf_Posters</param>
					<param name="listitemlabel3">MoviesLabel</param>
					<param name="listitemcontent3">$INFO[Skin.String(CustomHome25List)]</param>
					<param name="selectionlistlabel4">$INFO[Skin.String(CustomHome25Label)]</param>
					<param name="selectionlistvisible4">!String.IsEmpty(Skin.String(CustomHome25List)) + Skin.HasSetting(CustomHome25.Albums)</param>
					<param name="listitemtype4">Shelf_Albums</param>
					<param name="listitemlabel4">AlbumLabel</param>
					<param name="listitemcontent4">$INFO[Skin.String(CustomHome25List)]</param>
					<param name="selectionlistlabel5">$INFO[Skin.String(CustomHome25Label)]</param>
					<param name="selectionlistvisible5">!String.IsEmpty(Skin.String(CustomHome25List)) + Skin.HasSetting(CustomHome25.Songs)</param>
					<param name="listitemtype5">Shelf_Albums</param>
					<param name="listitemlabel5">SongLabel</param>
					<param name="listitemcontent5">$INFO[Skin.String(CustomHome25List)]</param>
				</include>
				<include content="ShelfList">
					<param name="menuvisibility">Container(300).HasFocus(26)</param>
					<param name="shelfvisible">!Skin.HasSetting(Hide.RecentlyAdded)</param>
					<param name="selectionlistid">26000</param>
					<param name="selectionlistlabel1">$INFO[Skin.String(CustomHome26Label)]</param>
					<param name="selectionlistvisible1">!String.IsEmpty(Skin.String(CustomHome26List)) + Skin.HasSetting(CustomHome26.Movies)</param>
					<param name="listitemtype1">Shelf_Posters</param>
					<param name="listitemlabel1">MoviesLabel</param>
					<param name="listitemcontent1">$INFO[Skin.String(CustomHome26List)]</param>
					<param name="selectionlistlabel2">$INFO[Skin.String(CustomHome26Label)]</param>
					<param name="selectionlistvisible2">!String.IsEmpty(Skin.String(CustomHome26List)) + Skin.HasSetting(CustomHome26.TVShows)</param>
					<param name="listitemtype2">Shelf_Posters</param>
					<param name="listitemlabel2">TVShowLabel</param>
					<param name="listitemcontent2">$INFO[Skin.String(CustomHome26List)]</param>
					<param name="selectionlistlabel3">$INFO[Skin.String(CustomHome26Label)]</param>
					<param name="selectionlistvisible3">!String.IsEmpty(Skin.String(CustomHome26List)) + Skin.HasSetting(CustomHome26.Episodes)</param>
					<param name="listitemtype3">Shelf_Posters</param>
					<param name="listitemlabel3">MoviesLabel</param>
					<param name="listitemcontent3">$INFO[Skin.String(CustomHome26List)]</param>
					<param name="selectionlistlabel4">$INFO[Skin.String(CustomHome26Label)]</param>
					<param name="selectionlistvisible4">!String.IsEmpty(Skin.String(CustomHome26List)) + Skin.HasSetting(CustomHome26.Albums)</param>
					<param name="listitemtype4">Shelf_Albums</param>
					<param name="listitemlabel4">AlbumLabel</param>
					<param name="listitemcontent4">$INFO[Skin.String(CustomHome26List)]</param>
					<param name="selectionlistlabel5">$INFO[Skin.String(CustomHome26Label)]</param>
					<param name="selectionlistvisible5">!String.IsEmpty(Skin.String(CustomHome26List)) + Skin.HasSetting(CustomHome26.Songs)</param>
					<param name="listitemtype5">Shelf_Albums</param>
					<param name="listitemlabel5">SongLabel</param>
					<param name="listitemcontent5">$INFO[Skin.String(CustomHome26List)]</param>
				</include>
				<include content="ShelfList">
					<param name="menuvisibility">Container(300).HasFocus(27)</param>
					<param name="shelfvisible">!Skin.HasSetting(Hide.RecentlyAdded)</param>
					<param name="selectionlistid">27000</param>
					<param name="selectionlistlabel1">$INFO[Skin.String(CustomHome27Label)]</param>
					<param name="selectionlistvisible1">!String.IsEmpty(Skin.String(CustomHome27List)) + Skin.HasSetting(CustomHome27.Movies)</param>
					<param name="listitemtype1">Shelf_Posters</param>
					<param name="listitemlabel1">MoviesLabel</param>
					<param name="listitemcontent1">$INFO[Skin.String(CustomHome27List)]</param>
					<param name="selectionlistlabel2">$INFO[Skin.String(CustomHome27Label)]</param>
					<param name="selectionlistvisible2">!String.IsEmpty(Skin.String(CustomHome27List)) + Skin.HasSetting(CustomHome27.TVShows)</param>
					<param name="listitemtype2">Shelf_Posters</param>
					<param name="listitemlabel2">TVShowLabel</param>
					<param name="listitemcontent2">$INFO[Skin.String(CustomHome27List)]</param>
					<param name="selectionlistlabel3">$INFO[Skin.String(CustomHome27Label)]</param>
					<param name="selectionlistvisible3">!String.IsEmpty(Skin.String(CustomHome27List)) + Skin.HasSetting(CustomHome27.Episodes)</param>
					<param name="listitemtype3">Shelf_Posters</param>
					<param name="listitemlabel3">MoviesLabel</param>
					<param name="listitemcontent3">$INFO[Skin.String(CustomHome27List)]</param>
					<param name="selectionlistlabel4">$INFO[Skin.String(CustomHome27Label)]</param>
					<param name="selectionlistvisible4">!String.IsEmpty(Skin.String(CustomHome27List)) + Skin.HasSetting(CustomHome27.Albums)</param>
					<param name="listitemtype4">Shelf_Albums</param>
					<param name="listitemlabel4">AlbumLabel</param>
					<param name="listitemcontent4">$INFO[Skin.String(CustomHome27List)]</param>
					<param name="selectionlistlabel5">$INFO[Skin.String(CustomHome27Label)]</param>
					<param name="selectionlistvisible5">!String.IsEmpty(Skin.String(CustomHome27List)) + Skin.HasSetting(CustomHome27.Songs)</param>
					<param name="listitemtype5">Shelf_Albums</param>
					<param name="listitemlabel5">SongLabel</param>
					<param name="listitemcontent5">$INFO[Skin.String(CustomHome27List)]</param>
				</include>
				<include content="ShelfList">
					<param name="menuvisibility">Container(300).HasFocus(28)</param>
					<param name="shelfvisible">!Skin.HasSetting(Hide.RecentlyAdded)</param>
					<param name="selectionlistid">28000</param>
					<param name="selectionlistlabel1">$INFO[Skin.String(CustomHome28Label)]</param>
					<param name="selectionlistvisible1">!String.IsEmpty(Skin.String(CustomHome28List)) + Skin.HasSetting(CustomHome28.Movies)</param>
					<param name="listitemtype1">Shelf_Posters</param>
					<param name="listitemlabel1">MoviesLabel</param>
					<param name="listitemcontent1">$INFO[Skin.String(CustomHome28List)]</param>
					<param name="selectionlistlabel2">$INFO[Skin.String(CustomHome28Label)]</param>
					<param name="selectionlistvisible2">!String.IsEmpty(Skin.String(CustomHome28List)) + Skin.HasSetting(CustomHome28.TVShows)</param>
					<param name="listitemtype2">Shelf_Posters</param>
					<param name="listitemlabel2">TVShowLabel</param>
					<param name="listitemcontent2">$INFO[Skin.String(CustomHome28List)]</param>
					<param name="selectionlistlabel3">$INFO[Skin.String(CustomHome28Label)]</param>
					<param name="selectionlistvisible3">!String.IsEmpty(Skin.String(CustomHome28List)) + Skin.HasSetting(CustomHome28.Episodes)</param>
					<param name="listitemtype3">Shelf_Posters</param>
					<param name="listitemlabel3">MoviesLabel</param>
					<param name="listitemcontent3">$INFO[Skin.String(CustomHome28List)]</param>
					<param name="selectionlistlabel4">$INFO[Skin.String(CustomHome28Label)]</param>
					<param name="selectionlistvisible4">!String.IsEmpty(Skin.String(CustomHome28List)) + Skin.HasSetting(CustomHome28.Albums)</param>
					<param name="listitemtype4">Shelf_Albums</param>
					<param name="listitemlabel4">AlbumLabel</param>
					<param name="listitemcontent4">$INFO[Skin.String(CustomHome28List)]</param>
					<param name="selectionlistlabel5">$INFO[Skin.String(CustomHome28Label)]</param>
					<param name="selectionlistvisible5">!String.IsEmpty(Skin.String(CustomHome28List)) + Skin.HasSetting(CustomHome28.Songs)</param>
					<param name="listitemtype5">Shelf_Albums</param>
					<param name="listitemlabel5">SongLabel</param>
					<param name="listitemcontent5">$INFO[Skin.String(CustomHome28List)]</param>
				</include>
				<include content="ShelfList">
					<param name="menuvisibility">Container(300).HasFocus(29)</param>
					<param name="shelfvisible">!Skin.HasSetting(Hide.RecentlyAdded)</param>
					<param name="selectionlistid">29000</param>
					<param name="selectionlistlabel1">$INFO[Skin.String(CustomHome29Label)]</param>
					<param name="selectionlistvisible1">!String.IsEmpty(Skin.String(CustomHome29List)) + Skin.HasSetting(CustomHome29.Movies)</param>
					<param name="listitemtype1">Shelf_Posters</param>
					<param name="listitemlabel1">MoviesLabel</param>
					<param name="listitemcontent1">$INFO[Skin.String(CustomHome29List)]</param>
					<param name="selectionlistlabel2">$INFO[Skin.String(CustomHome29Label)]</param>
					<param name="selectionlistvisible2">!String.IsEmpty(Skin.String(CustomHome29List)) + Skin.HasSetting(CustomHome29.TVShows)</param>
					<param name="listitemtype2">Shelf_Posters</param>
					<param name="listitemlabel2">TVShowLabel</param>
					<param name="listitemcontent2">$INFO[Skin.String(CustomHome29List)]</param>
					<param name="selectionlistlabel3">$INFO[Skin.String(CustomHome29Label)]</param>
					<param name="selectionlistvisible3">!String.IsEmpty(Skin.String(CustomHome29List)) + Skin.HasSetting(CustomHome29.Episodes)</param>
					<param name="listitemtype3">Shelf_Posters</param>
					<param name="listitemlabel3">MoviesLabel</param>
					<param name="listitemcontent3">$INFO[Skin.String(CustomHome29List)]</param>
					<param name="selectionlistlabel4">$INFO[Skin.String(CustomHome29Label)]</param>
					<param name="selectionlistvisible4">!String.IsEmpty(Skin.String(CustomHome29List)) + Skin.HasSetting(CustomHome29.Albums)</param>
					<param name="listitemtype4">Shelf_Albums</param>
					<param name="listitemlabel4">AlbumLabel</param>
					<param name="listitemcontent4">$INFO[Skin.String(CustomHome29List)]</param>
					<param name="selectionlistlabel5">$INFO[Skin.String(CustomHome29Label)]</param>
					<param name="selectionlistvisible5">!String.IsEmpty(Skin.String(CustomHome29List)) + Skin.HasSetting(CustomHome29.Songs)</param>
					<param name="listitemtype5">Shelf_Albums</param>
					<param name="listitemlabel5">SongLabel</param>
					<param name="listitemcontent5">$INFO[Skin.String(CustomHome29List)]</param>
				</include>
				<include content="ShelfList">
					<param name="menuvisibility">Container(300).HasFocus(30)</param>
					<param name="shelfvisible">!Skin.HasSetting(Hide.RecentlyAdded)</param>
					<param name="selectionlistid">21000</param>
					<param name="selectionlistlabel1">$INFO[Skin.String(CustomHome210Label)]</param>
					<param name="selectionlistvisible1">!String.IsEmpty(Skin.String(CustomHome210List)) + Skin.HasSetting(CustomHome210.Movies)</param>
					<param name="listitemtype1">Shelf_Posters</param>
					<param name="listitemlabel1">MoviesLabel</param>
					<param name="listitemcontent1">$INFO[Skin.String(CustomHome210List)]</param>
					<param name="selectionlistlabel2">$INFO[Skin.String(CustomHome210Label)]</param>
					<param name="selectionlistvisible2">!String.IsEmpty(Skin.String(CustomHome210List)) + Skin.HasSetting(CustomHome210.TVShows)</param>
					<param name="listitemtype2">Shelf_Posters</param>
					<param name="listitemlabel2">TVShowLabel</param>
					<param name="listitemcontent2">$INFO[Skin.String(CustomHome210List)]</param>
					<param name="selectionlistlabel3">$INFO[Skin.String(CustomHome210Label)]</param>
					<param name="selectionlistvisible3">!String.IsEmpty(Skin.String(CustomHome210List)) + Skin.HasSetting(CustomHome210.Episodes)</param>
					<param name="listitemtype3">Shelf_Posters</param>
					<param name="listitemlabel3">MoviesLabel</param>
					<param name="listitemcontent3">$INFO[Skin.String(CustomHome210List)]</param>
					<param name="selectionlistlabel4">$INFO[Skin.String(CustomHome210Label)]</param>
					<param name="selectionlistvisible4">!String.IsEmpty(Skin.String(CustomHome210List)) + Skin.HasSetting(CustomHome210.Albums)</param>
					<param name="listitemtype4">Shelf_Albums</param>
					<param name="listitemlabel4">AlbumLabel</param>
					<param name="listitemcontent4">$INFO[Skin.String(CustomHome210List)]</param>
					<param name="selectionlistlabel5">$INFO[Skin.String(CustomHome210Label)]</param>
					<param name="selectionlistvisible5">!String.IsEmpty(Skin.String(CustomHome210List)) + Skin.HasSetting(CustomHome210.Songs)</param>
					<param name="listitemtype5">Shelf_Albums</param>
					<param name="listitemlabel5">SongLabel</param>
					<param name="listitemcontent5">$INFO[Skin.String(CustomHome210List)]</param>
				</include>
				<include content="ShelfList">
					<param name="menuvisibility">Container(300).HasFocus(31)</param>
					<param name="shelfvisible">!Skin.HasSetting(Hide.RecentlyAdded)</param>
					<param name="selectionlistid">22000</param>
					<param name="selectionlistlabel1">$INFO[Skin.String(CustomHome211Label)]</param>
					<param name="selectionlistvisible1">!String.IsEmpty(Skin.String(CustomHome211List)) + Skin.HasSetting(CustomHome211.Movies)</param>
					<param name="listitemtype1">Shelf_Posters</param>
					<param name="listitemlabel1">MoviesLabel</param>
					<param name="listitemcontent1">$INFO[Skin.String(CustomHome211List)]</param>
					<param name="selectionlistlabel2">$INFO[Skin.String(CustomHome211Label)]</param>
					<param name="selectionlistvisible2">!String.IsEmpty(Skin.String(CustomHome211List)) + Skin.HasSetting(CustomHome211.TVShows)</param>
					<param name="listitemtype2">Shelf_Posters</param>
					<param name="listitemlabel2">TVShowLabel</param>
					<param name="listitemcontent2">$INFO[Skin.String(CustomHome211List)]</param>
					<param name="selectionlistlabel3">$INFO[Skin.String(CustomHome211Label)]</param>
					<param name="selectionlistvisible3">!String.IsEmpty(Skin.String(CustomHome211List)) + Skin.HasSetting(CustomHome211.Episodes)</param>
					<param name="listitemtype3">Shelf_Posters</param>
					<param name="listitemlabel3">MoviesLabel</param>
					<param name="listitemcontent3">$INFO[Skin.String(CustomHome211List)]</param>
					<param name="selectionlistlabel4">$INFO[Skin.String(CustomHome211Label)]</param>
					<param name="selectionlistvisible4">!String.IsEmpty(Skin.String(CustomHome211List)) + Skin.HasSetting(CustomHome211.Albums)</param>
					<param name="listitemtype4">Shelf_Albums</param>
					<param name="listitemlabel4">AlbumLabel</param>
					<param name="listitemcontent4">$INFO[Skin.String(CustomHome211List)]</param>
					<param name="selectionlistlabel5">$INFO[Skin.String(CustomHome211Label)]</param>
					<param name="selectionlistvisible5">!String.IsEmpty(Skin.String(CustomHome211List)) + Skin.HasSetting(CustomHome211.Songs)</param>
					<param name="listitemtype5">Shelf_Albums</param>
					<param name="listitemlabel5">SongLabel</param>
					<param name="listitemcontent5">$INFO[Skin.String(CustomHome211List)]</param>
				</include>
				<include content="ShelfList">
					<param name="menuvisibility">Container(300).HasFocus(32)</param>
					<param name="shelfvisible">!Skin.HasSetting(Hide.RecentlyAdded)</param>
					<param name="selectionlistid">23000</param>
					<param name="selectionlistlabel1">$INFO[Skin.String(CustomHome212Label)]</param>
					<param name="selectionlistvisible1">!String.IsEmpty(Skin.String(CustomHome212List)) + Skin.HasSetting(CustomHome212.Movies)</param>
					<param name="listitemtype1">Shelf_Posters</param>
					<param name="listitemlabel1">MoviesLabel</param>
					<param name="listitemcontent1">$INFO[Skin.String(CustomHome212List)]</param>
					<param name="selectionlistlabel2">$INFO[Skin.String(CustomHome212Label)]</param>
					<param name="selectionlistvisible2">!String.IsEmpty(Skin.String(CustomHome212List)) + Skin.HasSetting(CustomHome212.TVShows)</param>
					<param name="listitemtype2">Shelf_Posters</param>
					<param name="listitemlabel2">TVShowLabel</param>
					<param name="listitemcontent2">$INFO[Skin.String(CustomHome212List)]</param>
					<param name="selectionlistlabel3">$INFO[Skin.String(CustomHome212Label)]</param>
					<param name="selectionlistvisible3">!String.IsEmpty(Skin.String(CustomHome212List)) + Skin.HasSetting(CustomHome212.Episodes)</param>
					<param name="listitemtype3">Shelf_Posters</param>
					<param name="listitemlabel3">MoviesLabel</param>
					<param name="listitemcontent3">$INFO[Skin.String(CustomHome212List)]</param>
					<param name="selectionlistlabel4">$INFO[Skin.String(CustomHome212Label)]</param>
					<param name="selectionlistvisible4">!String.IsEmpty(Skin.String(CustomHome212List)) + Skin.HasSetting(CustomHome212.Albums)</param>
					<param name="listitemtype4">Shelf_Albums</param>
					<param name="listitemlabel4">AlbumLabel</param>
					<param name="listitemcontent4">$INFO[Skin.String(CustomHome212List)]</param>
					<param name="selectionlistlabel5">$INFO[Skin.String(CustomHome212Label)]</param>
					<param name="selectionlistvisible5">!String.IsEmpty(Skin.String(CustomHome212List)) + Skin.HasSetting(CustomHome212.Songs)</param>
					<param name="listitemtype5">Shelf_Albums</param>
					<param name="listitemlabel5">SongLabel</param>
					<param name="listitemcontent5">$INFO[Skin.String(CustomHome212List)]</param>
				</include>
				<include content="ShelfList">
					<param name="menuvisibility">Container(300).HasFocus(33)</param>
					<param name="shelfvisible">!Skin.HasSetting(Hide.RecentlyAdded)</param>
					<param name="selectionlistid">24000</param>
					<param name="selectionlistlabel1">$INFO[Skin.String(CustomHome213Label)]</param>
					<param name="selectionlistvisible1">!String.IsEmpty(Skin.String(CustomHome213List)) + Skin.HasSetting(CustomHome213.Movies)</param>
					<param name="listitemtype1">Shelf_Posters</param>
					<param name="listitemlabel1">MoviesLabel</param>
					<param name="listitemcontent1">$INFO[Skin.String(CustomHome213List)]</param>
					<param name="selectionlistlabel2">$INFO[Skin.String(CustomHome213Label)]</param>
					<param name="selectionlistvisible2">!String.IsEmpty(Skin.String(CustomHome213List)) + Skin.HasSetting(CustomHome213.TVShows)</param>
					<param name="listitemtype2">Shelf_Posters</param>
					<param name="listitemlabel2">TVShowLabel</param>
					<param name="listitemcontent2">$INFO[Skin.String(CustomHome213List)]</param>
					<param name="selectionlistlabel3">$INFO[Skin.String(CustomHome213Label)]</param>
					<param name="selectionlistvisible3">!String.IsEmpty(Skin.String(CustomHome213List)) + Skin.HasSetting(CustomHome213.Episodes)</param>
					<param name="listitemtype3">Shelf_Posters</param>
					<param name="listitemlabel3">MoviesLabel</param>
					<param name="listitemcontent3">$INFO[Skin.String(CustomHome213List)]</param>
					<param name="selectionlistlabel4">$INFO[Skin.String(CustomHome213Label)]</param>
					<param name="selectionlistvisible4">!String.IsEmpty(Skin.String(CustomHome213List)) + Skin.HasSetting(CustomHome213.Albums)</param>
					<param name="listitemtype4">Shelf_Albums</param>
					<param name="listitemlabel4">AlbumLabel</param>
					<param name="listitemcontent4">$INFO[Skin.String(CustomHome213List)]</param>
					<param name="selectionlistlabel5">$INFO[Skin.String(CustomHome213Label)]</param>
					<param name="selectionlistvisible5">!String.IsEmpty(Skin.String(CustomHome213List)) + Skin.HasSetting(CustomHome213.Songs)</param>
					<param name="listitemtype5">Shelf_Albums</param>
					<param name="listitemlabel5">SongLabel</param>
					<param name="listitemcontent5">$INFO[Skin.String(CustomHome213List)]</param>
				</include>
				<include content="ShelfList">
					<param name="menuvisibility">Container(300).HasFocus(34)</param>
					<param name="shelfvisible">!Skin.HasSetting(Hide.RecentlyAdded)</param>
					<param name="selectionlistid">25000</param>
					<param name="selectionlistlabel1">$INFO[Skin.String(CustomHome214Label)]</param>
					<param name="selectionlistvisible1">!String.IsEmpty(Skin.String(CustomHome214List)) + Skin.HasSetting(CustomHome214.Movies)</param>
					<param name="listitemtype1">Shelf_Posters</param>
					<param name="listitemlabel1">MoviesLabel</param>
					<param name="listitemcontent1">$INFO[Skin.String(CustomHome214List)]</param>
					<param name="selectionlistlabel2">$INFO[Skin.String(CustomHome214Label)]</param>
					<param name="selectionlistvisible2">!String.IsEmpty(Skin.String(CustomHome214List)) + Skin.HasSetting(CustomHome214.TVShows)</param>
					<param name="listitemtype2">Shelf_Posters</param>
					<param name="listitemlabel2">TVShowLabel</param>
					<param name="listitemcontent2">$INFO[Skin.String(CustomHome214List)]</param>
					<param name="selectionlistlabel3">$INFO[Skin.String(CustomHome25Label)]</param>
					<param name="selectionlistvisible3">!String.IsEmpty(Skin.String(CustomHome214List)) + Skin.HasSetting(CustomHome214.Episodes)</param>
					<param name="listitemtype3">Shelf_Posters</param>
					<param name="listitemlabel3">MoviesLabel</param>
					<param name="listitemcontent3">$INFO[Skin.String(CustomHome214List)]</param>
					<param name="selectionlistlabel4">$INFO[Skin.String(CustomHome25Label)]</param>
					<param name="selectionlistvisible4">!String.IsEmpty(Skin.String(CustomHome214List)) + Skin.HasSetting(CustomHome214.Albums)</param>
					<param name="listitemtype4">Shelf_Albums</param>
					<param name="listitemlabel4">AlbumLabel</param>
					<param name="listitemcontent4">$INFO[Skin.String(CustomHome214List)]</param>
					<param name="selectionlistlabel5">$INFO[Skin.String(CustomHome214Label)]</param>
					<param name="selectionlistvisible5">!String.IsEmpty(Skin.String(CustomHome25List)) + Skin.HasSetting(CustomHome214.Songs)</param>
					<param name="listitemtype5">Shelf_Albums</param>
					<param name="listitemlabel5">SongLabel</param>
					<param name="listitemcontent5">$INFO[Skin.String(CustomHome214List)]</param>
				</include>
				<include content="ShelfList">
					<param name="menuvisibility">Container(300).HasFocus(35)</param>
					<param name="shelfvisible">!Skin.HasSetting(Hide.RecentlyAdded)</param>
					<param name="selectionlistid">26000</param>
					<param name="selectionlistlabel1">$INFO[Skin.String(CustomHome215Label)]</param>
					<param name="selectionlistvisible1">!String.IsEmpty(Skin.String(CustomHome215List)) + Skin.HasSetting(CustomHome215.Movies)</param>
					<param name="listitemtype1">Shelf_Posters</param>
					<param name="listitemlabel1">MoviesLabel</param>
					<param name="listitemcontent1">$INFO[Skin.String(CustomHome215List)]</param>
					<param name="selectionlistlabel2">$INFO[Skin.String(CustomHome215Label)]</param>
					<param name="selectionlistvisible2">!String.IsEmpty(Skin.String(CustomHome215List)) + Skin.HasSetting(CustomHome215.TVShows)</param>
					<param name="listitemtype2">Shelf_Posters</param>
					<param name="listitemlabel2">TVShowLabel</param>
					<param name="listitemcontent2">$INFO[Skin.String(CustomHome215List)]</param>
					<param name="selectionlistlabel3">$INFO[Skin.String(CustomHome215Label)]</param>
					<param name="selectionlistvisible3">!String.IsEmpty(Skin.String(CustomHome215List)) + Skin.HasSetting(CustomHome215.Episodes)</param>
					<param name="listitemtype3">Shelf_Posters</param>
					<param name="listitemlabel3">MoviesLabel</param>
					<param name="listitemcontent3">$INFO[Skin.String(CustomHome215List)]</param>
					<param name="selectionlistlabel4">$INFO[Skin.String(CustomHome215Label)]</param>
					<param name="selectionlistvisible4">!String.IsEmpty(Skin.String(CustomHome215List)) + Skin.HasSetting(CustomHome215.Albums)</param>
					<param name="listitemtype4">Shelf_Albums</param>
					<param name="listitemlabel4">AlbumLabel</param>
					<param name="listitemcontent4">$INFO[Skin.String(CustomHome215List)]</param>
					<param name="selectionlistlabel5">$INFO[Skin.String(CustomHome215Label)]</param>
					<param name="selectionlistvisible5">!String.IsEmpty(Skin.String(CustomHome215List)) + Skin.HasSetting(CustomHome215.Songs)</param>
					<param name="listitemtype5">Shelf_Albums</param>
					<param name="listitemlabel5">SongLabel</param>
					<param name="listitemcontent5">$INFO[Skin.String(CustomHome215List)]</param>
				</include>				
				<include condition="!Skin.HasSetting(Hide.RecentlyAdded) + Skin.HasSetting(plexbmc)">Plexbmc_Shelf</include>
			</control>
		</definition>
	</include>

	<include name="CurrentPVRStatus">
		<param name="top">60</param>
		<param name="left">1320</param>
		<param name="headerlabel"></param>
		<param name="timelabel"></param>
		<param name="channellabel"></param>
		<param name="titlelabel"></param>
		<param name="channelicon"></param>
		<definition>
			<top>$PARAM[top]</top>
			<left>$PARAM[left]</left>
			<control type="image">
				<include>VisibleFadeEffect</include>
				<width>600</width>
				<height>102</height>
				<texture border="4" colordiffuse="FF1c1c1c">img/WhiteRoundedST2.png</texture>
			</control>
			<control type="label">
				<description>Next Timer Header label</description>
				<left>16</left>
				<height>30</height>
				<width>310</width>
				<label>$PARAM[headerlabel]</label>
				<textcolor>Highlight</textcolor>
				<font>ListDetails</font>
				<align>left</align>
				<aligny>center</aligny>
			</control>
			<control type="label" description="next recording time">
				<description>NextRecordingDateTime</description>
				<left>16</left>
				<top>32</top>
				<width>420</width>
				<height>30</height>
				<font>ListDetails</font>
				<align>left</align>
				<aligny>center</aligny>
				<label>[B]$INFO[$PARAM[titlelabel]][/B] ($INFO[$PARAM[channellabel]])</label>
				<scroll>true</scroll>
			</control>
			<control type="label" description="Next Recording title Channel">
				<left>16</left>
				<top>64</top>
				<width>800 </width>
				<height>30</height>
				<align>left</align>
				<aligny>center</aligny>
				<font>ListDetails</font>
				<textcolor>White</textcolor>
				<label>$INFO[$PARAM[timelabel],$LOCALIZE[19126] - ]</label>
			</control>
			<include content="ShadowedImage">
				<param name="top">4</param>
				<param name="left">440</param>
				<param name="width">155</param>
				<param name="height">88</param>
				<param name="shadowoffset">4</param>
				<param name="texture">$INFO[$PARAM[channelicon]]</param>
			</include>
		</definition>
	</include>

	<include name="Vertical_SubShelf_Commons">
		<width>1458</width>
	</include>

	<include name="Horizontal_SubShelf_Commons">
		<width>1888</width>
	</include>

	<include name="Single_SubShelf_Height">
		<height>354</height>
	</include>

	<include name="Double_SubShelf_Height">
		<height>654</height>
	</include>

	<include name="Single_SubShelf_BGHeight">
		<height>380</height>
	</include>

	<include name="Double_SubShelf_BGHeight">
		<height>700</height>
	</include>

	<include name="ShelfContentType_Include">
		<param name="listitemcontent"></param>
		<definition>
			<content>
				<include>$PARAM[listitemcontent]</include>
			</content>
		</definition>
	</include>

	<include name="ShelfContentType_Path">
		<param name="listitemsortby"></param>
		<param name="listitemsortorder"></param>
		<param name="listitemlimit"></param>
		<param name="listitemtarget"></param>
		<param name="listitemcontent"></param>
		<definition>
			<content sortby="$PARAM[listitemsortby]" sortorder="$PARAM[listitemsortorder]" limit="$PARAM[listitemlimit]" target="$PARAM[listitemtarget]">$PARAM[listitemcontent]</content>
		</definition>
	</include>

	<include name="MoviesLabel">
		<param name="containerid"></param>
		<definition>
			<label>$INFO[Container($PARAM[containerid]).ListItem.Label,[B],[/B]]$INFO[Container($PARAM[containerid]).ListItem.Year, (,)][COLOR=White]$INFO[Container($PARAM[containerid]).ListItem.Duration, • , $LOCALIZE[12391]]$INFO[Container($PARAM[containerid]).ListItem.Rating, • ][/COLOR]</label>
		</definition>
	</include>

	<include name="TVShowLabel">
		<param name="containerid"></param>
		<definition>
			<label>$INFO[Container($PARAM[containerid]).ListItem.Label,[B],[/B]]$INFO[Container($PARAM[containerid]).ListItem.Year, (,)][COLOR=White]$INFO[Container($PARAM[containerid]).ListItem.Property(TotalEpisodes), • ,]$INFO[Container($PARAM[containerid]).ListItem.Property(UnWatchedEpisodes), (,)]$INFO[Container($PARAM[containerid]).ListItem.Rating, • ][/COLOR]</label>
		</definition>
	</include>

	<include name="EpisodeLabel">
		<param name="containerid"></param>
		<definition>
			<label>$INFO[Container($PARAM[containerid]).ListItem.Label,[B],[/B]]$INFO[Container($PARAM[containerid]).ListItem.Premiered, (,)][COLOR=White]$INFO[Container($PARAM[containerid]).ListItem.Duration, • , $LOCALIZE[12391]]$INFO[Container($PARAM[containerid]).ListItem.Rating, • ][/COLOR]</label>
		</definition>
	</include>

	<include name="AlbumLabel">
		<param name="containerid"></param>
		<definition>
			<label>$INFO[Container($PARAM[containerid]).ListItem.Label,[B],[/B]][COLOR=White]$INFO[Container($PARAM[containerid]).ListItem.Artist, • ,]$INFO[Container($PARAM[containerid]).ListItem.Year, • ,]$INFO[Container($PARAM[containerid]).ListItem.Rating, • ][/COLOR]</label>
		</definition>
	</include>

	<include name="SongLabel">
		<param name="containerid"></param>
		<definition>
			<label>$INFO[Container($PARAM[containerid]).ListItem.Label,[B],[/B]][COLOR=White]$INFO[Container($PARAM[containerid]).ListItem.Artist, • ,]$INFO[Container($PARAM[containerid]).ListItem.Year, • ,]$INFO[Container($PARAM[containerid]).ListItem.Duration, • ,]$INFO[Container($PARAM[containerid]).ListItem.Rating, • ][/COLOR]</label>
		</definition>
	</include>

	<include name="ChannelLabel">
		<param name="containerid"></param>
		<definition>
			<label>$INFO[Container($PARAM[containerid]).ListItem.Label,[B],[/B]][COLOR=White]$INFO[Container($PARAM[containerid]).ListItem.StartTime, • [B],[/B]]$INFO[Container($PARAM[containerid]).ListItem.Title, ,]$INFO[Container($PARAM[containerid]).ListItem.NextStartTime, • [B],[/B]]$INFO[Container($PARAM[containerid]).ListItem.NextTitle, ,][/COLOR]</label>
		</definition>
	</include>

	<include name="RecordingLabel">
		<param name="containerid"></param>
		<definition>
			<label>$INFO[Container($PARAM[containerid]).ListItem.Label,[B],[/B]][COLOR=White]$INFO[Container($PARAM[containerid]).ListItem.Date, • ,]$INFO[Container($PARAM[containerid]).ListItem.Duration, • , $LOCALIZE[12391]][/COLOR]</label>
		</definition>
	</include>

	<include name="WeatherLabel">
		<param name="containerid"></param>
		<definition>
			<label>$INFO[Container($PARAM[containerid]).ListItem.Property(LongDay),[B],[/B]]$INFO[Container($PARAM[containerid]).ListItem.Property(Time),[B],[/B]]$INFO[Container($PARAM[containerid]).ListItem.Property(ShortDate), • [B],[/B]][COLOR=White]$INFO[Container($PARAM[containerid]).ListItem.Property(Outlook), • ,][/COLOR]</label>
		</definition>
	</include>

	<include name="WeatherContent.HourlyItem">
		<item>
			<label>$INFO[Window(weather).Property(Hourly.$PARAM[itemid].Time)] • $INFO[Window(weather).Property(Hourly.$PARAM[itemid].ShortDate)][CR][B]$INFO[Window(weather).Property(Hourly.$PARAM[itemid].Temperature)]$INFO[Window(weather).Property(Hourly.$PARAM[itemid].Precipitation), • ][/B]</label>
			<property name="Time">$INFO[Window(weather).Property(Hourly.$PARAM[itemid].Time)]</property>
			<property name="Temperature">$INFO[Window(weather).Property(Hourly.$PARAM[itemid].Temperature)]</property>
			<property name="Outlook">$INFO[Window(weather).Property(Hourly.$PARAM[itemid].Outlook)]</property>
			<property name="Cloudiness">$INFO[Window(weather).Property(Hourly.$PARAM[itemid].Cloudiness)]</property>
			<property name="ShortDate">$INFO[Window(weather).Property(Hourly.$PARAM[itemid].ShortDate)]</property>
			<property name="FanartCode">$INFO[Window(weather).Property(Hourly.$PARAM[itemid].FanartCode)]</property>
			<icon>$VAR[WeatherIconPath]$INFO[Window(weather).Property(Hourly.$PARAM[itemid].FanartCode)]$VAR[WeatherIconExt]</icon>
			<onclick>noop</onclick>
			<visible>!String.IsEmpty(Window(weather).Property(Hourly.$PARAM[itemid].Outlook))</visible>
		</item>
	</include>

	<include name="WeatherContent.DailyItem">
		<item>
			<label>$INFO[Window(weather).Property(Daily.$PARAM[itemid].ShortDay)] • $INFO[Window(weather).Property(Daily.$PARAM[itemid].ShortDate)][CR][B][COLOR=Blue]$INFO[Window(weather).Property(Daily.$PARAM[itemid].LowTemperature)][/COLOR] • [COLOR=Red]$INFO[Window(weather).Property(Daily.$PARAM[itemid].HighTemperature)][/COLOR][/B]</label>
			<property name="LongDay">$INFO[Window(weather).Property(Daily.$PARAM[itemid].LongDay)]</property>
			<property name="TempDay">$INFO[Window(weather).Property(Daily.$PARAM[itemid].TempDay)]</property>
			<property name="Cloudiness">$INFO[Window(weather).Property(Daily.$PARAM[itemid].Cloudiness)]</property>
			<property name="Outlook">$INFO[Window(weather).Property(Daily.$PARAM[itemid].Outlook)]</property>
			<property name="ShortDate">$INFO[Window(weather).Property(Daily.$PARAM[itemid].ShortDate)]</property>
			<property name="FanartCode">$INFO[Window(weather).Property(Daily.$PARAM[itemid].FanartCode)]</property>
			<icon>$VAR[WeatherIconPath]$INFO[Window(weather).Property(Hourly.$PARAM[itemid].FanartCode)]$VAR[WeatherIconExt]</icon>
			<onclick>noop</onclick>
			<visible>!String.IsEmpty(Window(weather).Property(Daily.$PARAM[itemid].Outlook))</visible>
		</item>
	</include>

	<include name="WeatherContent.Daily">
		<include content="WeatherContent.DailyItem">
			<param name="itemid" value="1"/>
		</include>
		<include content="WeatherContent.DailyItem">
			<param name="itemid" value="2"/>
		</include>
		<include content="WeatherContent.DailyItem">
			<param name="itemid" value="3"/>
		</include>
		<include content="WeatherContent.DailyItem">
			<param name="itemid" value="4"/>
		</include>
		<include content="WeatherContent.DailyItem">
			<param name="itemid" value="5"/>
		</include>
		<include content="WeatherContent.DailyItem">
			<param name="itemid" value="6"/>
		</include>
		<include content="WeatherContent.DailyItem">
			<param name="itemid" value="7"/>
		</include>
		<include content="WeatherContent.DailyItem">
			<param name="itemid" value="8"/>
		</include>
		<include content="WeatherContent.DailyItem">
			<param name="itemid" value="9"/>
		</include>
		<include content="WeatherContent.DailyItem">
			<param name="itemid" value="10"/>
		</include>
		<include content="WeatherContent.DailyItem">
			<param name="itemid" value="11"/>
		</include>
		<include content="WeatherContent.DailyItem">
			<param name="itemid" value="12"/>
		</include>
		<include content="WeatherContent.DailyItem">
			<param name="itemid" value="13"/>
		</include>
		<include content="WeatherContent.DailyItem">
			<param name="itemid" value="14"/>
		</include>
	</include>

	<include name="WeatherContent.Hourly">
		<include content="WeatherContent.HourlyItem">
			<param name="itemid" value="1"/>
		</include>
		<include content="WeatherContent.HourlyItem">
			<param name="itemid" value="2"/>
		</include>
		<include content="WeatherContent.HourlyItem">
			<param name="itemid" value="3"/>
		</include>
		<include content="WeatherContent.HourlyItem">
			<param name="itemid" value="4"/>
		</include>
		<include content="WeatherContent.HourlyItem">
			<param name="itemid" value="5"/>
		</include>
		<include content="WeatherContent.HourlyItem">
			<param name="itemid" value="6"/>
		</include>
		<include content="WeatherContent.HourlyItem">
			<param name="itemid" value="7"/>
		</include>
		<include content="WeatherContent.HourlyItem">
			<param name="itemid" value="8"/>
		</include>
		<include content="WeatherContent.HourlyItem">
			<param name="itemid" value="9"/>
		</include>
		<include content="WeatherContent.HourlyItem">
			<param name="itemid" value="10"/>
		</include>
		<include content="WeatherContent.HourlyItem">
			<param name="itemid" value="11"/>
		</include>
		<include content="WeatherContent.HourlyItem">
			<param name="itemid" value="12"/>
		</include>
		<include content="WeatherContent.HourlyItem">
			<param name="itemid" value="13"/>
		</include>
		<include content="WeatherContent.HourlyItem">
			<param name="itemid" value="14"/>
		</include>
	</include>

	<include name="FavouriteContentItem">
		<item id="$PARAM[itemid]">
			<visible>!String.IsEmpty(Window(Home).Property(favourite.$PARAM[itemid].path))</visible>
			<label>$INFO[Window(Home).Property(favourite.$PARAM[itemid].name)]</label>
			<thumb>$INFO[Window(Home).Property(favourite.$PARAM[itemid].thumb)]</thumb>
			<onclick>$INFO[Window(Home).Property(favourite.$PARAM[itemid].path)]</onclick>
		</item>
	</include>

	<include name="FavouriteContent">
		<include content="FavouriteContentItem">
			<param name="itemid" value="1"/>
		</include>
		<include content="FavouriteContentItem">
			<param name="itemid" value="2"/>
		</include>
		<include content="FavouriteContentItem">
			<param name="itemid" value="3"/>
		</include>
		<include content="FavouriteContentItem">
			<param name="itemid" value="4"/>
		</include>
		<include content="FavouriteContentItem">
			<param name="itemid" value="5"/>
		</include>
		<include content="FavouriteContentItem">
			<param name="itemid" value="6"/>
		</include>
		<include content="FavouriteContentItem">
			<param name="itemid" value="7"/>
		</include>
		<include content="FavouriteContentItem">
			<param name="itemid" value="8"/>
		</include>
		<include content="FavouriteContentItem">
			<param name="itemid" value="9"/>
		</include>
		<include content="FavouriteContentItem">
			<param name="itemid" value="10"/>
		</include>
	</include>

	<include name="AddonContentItem">
		<param name="itemid" default=""/>
		<definition>
			<item id="$PARAM[itemid]">
				<visible>!String.IsEmpty(Skin.String(ShelfAddons.$PARAM[itemid].Label))</visible>
				<label>$INFO[system.addontitle(Skin.String(ShelfAddons.$PARAM[itemid].Label))]</label>
				<thumb>$INFO[system.addonicon(Skin.String(ShelfAddons.$PARAM[itemid].Label))]</thumb>
				<onclick>RunAddon($INFO[Skin.String(ShelfAddons.$PARAM[itemid].Label)])</onclick>
			</item>
		</definition>
	</include>
	<include name="AddonContent">
		<include content="AddonContentItem">
			<param name="itemid" value="1"/>
		</include>
		<include content="AddonContentItem">
			<param name="itemid" value="2"/>
		</include>
		<include content="AddonContentItem">
			<param name="itemid" value="3"/>
		</include>
		<include content="AddonContentItem">
			<param name="itemid" value="4"/>
		</include>
		<include content="AddonContentItem">
			<param name="itemid" value="5"/>
		</include>
		<include content="AddonContentItem">
			<param name="itemid" value="6"/>
		</include>
		<include content="AddonContentItem">
			<param name="itemid" value="7"/>
		</include>
		<include content="AddonContentItem">
			<param name="itemid" value="8"/>
		</include>
		<include content="AddonContentItem">
			<param name="itemid" value="9"/>
		</include>
		<include content="AddonContentItem">
			<param name="itemid" value="10"/>
		</include>
	</include>

	<include name="Shelf_Posters">
		<param name="id1"/>
		<definition>  
			<include>VisibleFadeEffectDelayShelf</include>
			<itemlayout height="315" width="228.5">
				<include content="GenericPosterIconShelf">
					<param name="isFocused">false</param>
				</include>
			</itemlayout>
			<focusedlayout height="315" width="228.5">
				<include content="GenericPosterIconShelf">
					<param name="isFocused">Control.HasFocus($PARAM[id1])</param>
				</include>
			</focusedlayout>
		</definition>
	</include>

	<include name="Shelf_Episodes">
		<param name="id1"/>
		<definition>  
			<include>VisibleFadeEffectDelayShelf</include>
			<itemlayout height="315" width="228.5">
				<include content="GenericEpisodeIconShelf">
					<param name="isFocused">false</param>
				</include>
			</itemlayout>
			<focusedlayout height="315" width="228.5">
				<include content="GenericEpisodeIconShelf">
					<param name="isFocused">Control.HasFocus($PARAM[id1])</param>
				</include>
			</focusedlayout>
		</definition>
	</include>

	<include name="Shelf_Albums">
		<param name="id1"/>
		<definition>
			<include>VisibleFadeEffectDelayShelf</include>
			<itemlayout height="315" width="228.5">
				<include content="GenericMusicIconShelf">
					<param name="isFocused">false</param>
				</include>
			</itemlayout>
			<focusedlayout height="315" width="228.5">
				<include content="GenericMusicIconShelf">
					<param name="isFocused">Control.HasFocus($PARAM[id1])</param>
				</include>
			</focusedlayout>
		</definition>
	</include>

	<include name="Shelf_Addons">
		<param name="id1"/>
		<definition>
			<include>VisibleFadeEffectDelayShelf</include>
			<itemlayout height="315" width="228.5">
				<include content="GenericThumbIconShelf">
					<param name="isFocused">false</param>
				</include>
			</itemlayout>
			<focusedlayout height="315" width="228.5">
				<include content="GenericThumbIconShelf">
					<param name="isFocused">Control.HasFocus($PARAM[id1])</param>
				</include>
			</focusedlayout>
		</definition>
	</include>

	<include name="Shelf_Weather">
		<param name="id1"/>
		<definition>
			<include>VisibleFadeEffectDelayShelf</include>
			<itemlayout height="315" width="228.5">
				<include content="WeatherThumbIconShelf">
					<param name="isFocused">false</param>
				</include>
			</itemlayout>
			<focusedlayout height="315" width="228.5">
				<include content="WeatherThumbIconShelf">
					<param name="isFocused">Control.HasFocus($PARAM[id1])</param>
				</include>
			</focusedlayout>
		</definition>
	</include>

	<include name="Shelf_Favourites">
		<param name="id1"/>
		<definition>
			<include>VisibleFadeEffectDelayShelf</include>
			<itemlayout height="315" width="228.5">
				<include content="GenericFavouriteIconShelf">
					<param name="isFocused">false</param>
				</include>
			</itemlayout>
			<focusedlayout height="315" width="228.5">
				<include content="GenericFavouriteIconShelf">
					<param name="isFocused">Control.HasFocus($PARAM[id1])</param>
				</include>
			</focusedlayout>
		</definition>
	</include>

	<include name="Shelf_Channel">
		<param name="id1"/>
		<definition>
			<include>VisibleFadeEffectDelayShelf</include>
			<itemlayout height="315" width="228.5">
				<include content="GenericChannelIconShelf">
					<param name="isFocused">false</param>
				</include>
			</itemlayout>
			<focusedlayout height="315" width="228.5">
				<include content="GenericChannelIconShelf">
					<param name="isFocused">Control.HasFocus($PARAM[id1])</param>
				</include>
			</focusedlayout>
		</definition>
	</include>

	<include name="Shelf_Recording">
		<param name="id1"/>
		<definition>
			<include>VisibleFadeEffectDelayShelf</include>
			<itemlayout height="315" width="228.5">
				<include content="GenericRecordingIconShelf">
					<param name="isFocused">false</param>
				</include>
			</itemlayout>
			<focusedlayout height="315" width="228.5">
				<include content="GenericRecordingIconShelf">
					<param name="isFocused">Control.HasFocus($PARAM[id1])</param>
				</include>
			</focusedlayout>
		</definition>
	</include>

</includes>