<?xml version="1.0" encoding="UTF-8"?>
<window type="dialog" id="1127">
	<defaultcontrol always="true">8</defaultcontrol>
	<animation effect="fade" time="200">WindowOpen</animation>
	<animation effect="fade" time="150">WindowClose</animation>
    <onload condition="System.HasAddon(script.embuary.helper)">RunScript(script.embuary.helper,action=resetposition,container=9009||90150)</onload>
	<controls>
    
		<control type="image">
			<width>1920</width>
			<height>1080</height>
			<texture>img/blackdot1.png</texture>
			<aspectratio>scale</aspectratio>
		</control>
		<control type="image">
			<width>1920</width>
			<height>1080</height>
			<texture background="true">$INFO[ListItem.Art(fanart)]</texture>
			<aspectratio>scale</aspectratio>
		</control>
		<include content="BackgroundOverlayVideoInfo">
            <param name="parentid" value="9000"/>
        </include>
<!--        <include condition="Skin.HasSetting(Enable.BlurredVideoInfo) + Skin.HasSetting(Blur.UsePoster)" content="BackgroundOverlay">
            <param name="parentid" value="9000"/>
            <param name="colordiffuse" value="9FC8C8C8"/>
        </include> -->
		<include content="ShadowedImage">
			<param name="top">24</param>
			<param name="left">24</param>
			<param name="width">619</param>
			<param name="height">960</param>
			<param name="shadowoffset">16</param>
			<param name="texture">$VAR[DialogVideoInfoPoster]</param>
            <param name="visibility">true</param>
		</include>
		<control type="grouplist" description="Ratings">
			<top>83</top>
			<left>705</left>
			<width>1200</width>
			<height>40</height>
			<itemgap>8</itemgap>
			<orientation>horizontal</orientation>
			<align>left</align>
            <control type="grouplist" description="IMDb Rating or Main Rating">
            	<width>320</width>
				<orientation>horizontal</orientation>
                <itemgap>5</itemgap>
                <visible>!String.IsEmpty(ListItem.Rating(imdb)) | !String.IsEmpty(ListItem.Rating)</visible>
			    <control type="image" description="IMDb logo">
                    <height>40</height>
                    <width>83</width>
                    <aligny>center</aligny>
                    <align>center</align>
                    <aspectratio>keep</aspectratio>
      		        <texture>badges/ratings/imdb2.png</texture>
		        </control>
			    <control type="label" description="IMDb Rating and Votes">
				    <width>auto</width>
				    <height>40</height>
				    <font>ListDetails</font>
                    <textcolor>$VAR[HighlightColor]</textcolor>
				    <align>left</align>
				    <label>$INFO[ListItem.Rating(imdb)]$INFO[ListItem.Votes(imdb), (, $LOCALIZE[205])]</label>
                    <visible>!String.IsEmpty(ListItem.Rating(imdb))</visible>
			    </control>
			    <control type="label" description="Main Rating and Votes">
				    <width>auto</width>
				    <height>40</height>
				    <font>ListDetails</font>
                    <textcolor>$VAR[HighlightColor]</textcolor>
				    <align>left</align>
				    <label>$INFO[ListItem.Rating]$INFO[ListItem.Votes, (, $LOCALIZE[205])]</label>
                    <visible>String.IsEmpty(ListItem.Rating(imdb)) + !String.IsEmpty(ListItem.Rating) + !String.IsEmpty(ListItem.Votes) + !String.IsEqual(ListItem.Votes,0)</visible>
			    </control>
			    <control type="label" description="Main Rating No Votes">
				    <width>auto</width>
				    <height>40</height>
				    <font>ListDetails</font>
                    <textcolor>$VAR[HighlightColor]</textcolor>
				    <align>left</align>
				    <label>$INFO[ListItem.Rating]</label>
                    <visible>String.IsEmpty(ListItem.Rating(imdb)) + !String.IsEmpty(ListItem.Rating) + [String.IsEmpty(ListItem.Votes) | String.IsEqual(ListItem.Votes,0)]</visible>
			    </control>                
            </control>
		</control>
        
        <!-- Certification Flag for sets, flag for first movie MPAA only -->        
        <control type="group">
            <visible>String.IsEqual(ListItem.DBType,set) + String.IsEmpty(ListItem.MPAA) + !String.IsEmpty(Window(Home).Property(SkinInfo.Set.Movie.1.MPAA))</visible>
            <control type="image" description="Certification flag USA">
                <top>70</top>
                <left>1738</left>
                <height>65</height>
                <width>85</width>
                <aspectratio>keep</aspectratio>
                <align>center</align>
                <texture fallback="badges/mpaa/NR.png">$VAR[SetsCertFlag]</texture>
                <visible>!String.Contains(Window(Home).Property(SkinInfo.Set.Movie.1.MPAA),Brazil) + 
                         !String.Contains(Window(Home).Property(SkinInfo.Set.Movie.1.MPAA),UK) + 
                         !String.Contains(Window(Home).Property(SkinInfo.Set.Movie.1.MPAA),United Kingdom) + 
                         !String.Contains(Window(Home).Property(SkinInfo.Set.Movie.1.MPAA),classificação) + 
                         !String.Contains(Window(Home).Property(SkinInfo.Set.Movie.1.MPAA),France) + 
                         !String.Contains(Window(Home).Property(SkinInfo.Set.Movie.1.MPAA),Germany) + 
                         !String.Contains(Window(Home).Property(SkinInfo.Set.Movie.1.MPAA),Australia) + 
                         !String.Contains(Window(Home).Property(SkinInfo.Set.Movie.1.MPAA),Netherlands) + 
                         !String.Contains(Window(Home).Property(SkinInfo.Set.Movie.1.MPAA),NL) + !String.IsEmpty(Window(Home).Property(SkinInfo.Set.Movie.1.MPAA))</visible>
            </control>
            <control type="image" description="Certification flag non-USA">
                <top>81</top>
                <left>1750</left>
                <height>45</height>
                <width>59</width>
                <aspectratio>keep</aspectratio>
                <texture fallback="badges/mpaa/NR.png">$VAR[SetsCertFlag]</texture>
                <visible>!String.IsEmpty(Window(Home).Property(SkinInfo.Set.Movie.1.MPAA)) + [String.Contains(Window(Home).Property(SkinInfo.Set.Movie.1.MPAA),Brazil) | 
                         String.Contains(Window(Home).Property(SkinInfo.Set.Movie.1.MPAA),UK) |  
                         String.Contains(Window(Home).Property(SkinInfo.Set.Movie.1.MPAA),United Kingdom) | 
                         String.Contains(Window(Home).Property(SkinInfo.Set.Movie.1.MPAA),classificação) | 
                         String.Contains(Window(Home).Property(SkinInfo.Set.Movie.1.MPAA),France) | 
                         String.Contains(Window(Home).Property(SkinInfo.Set.Movie.1.MPAA),Germany) | 
                         String.Contains(Window(Home).Property(SkinInfo.Set.Movie.1.MPAA),Australia) | 
                         String.Contains(Window(Home).Property(SkinInfo.Set.Movie.1.MPAA),Netherlands) | 
                         String.Contains(Window(Home).Property(SkinInfo.Set.Movie.1.MPAA),NL)]</visible>
            </control>
        </control>
        
		<control type="group" description="Media Info">
			<control type="group" description="top">
				<posx>700</posx>
				<posy>50</posy>
				<control type="label" description="Main Label - Sets">
					<posy>-51</posy>
					<width>950</width>
					<height>75</height>
					<font>InfoTitle</font>
					<textcolor>$VAR[HighlightColor]</textcolor>
					<align>left</align>
					<label>$INFO[ListItem.Title,[B],[/B]] $INFO[Window(Home).Property(SkinInfo.Set.Movies.Years),(,)]</label>
				</control>
                <control type="image" description="1st. Studio - Sets">
                    <posy>-51</posy>
                    <left>1000</left>
                    <height>75</height>
                    <width>160</width>
                    <texture>$VAR[InfoStudiosSets]</texture>
                    <aspectratio>keep</aspectratio>
                    <aligny>center</aligny>
                    <visible>!String.IsEmpty(Window(Home).Property(SkinInfo.Set.Movies.Single.Studio)) + !String.IsEmpty(Skin.String(studiosResource.path))</visible>
                </control>                
				<control type="image" description="Line Split">
					<posy>23</posy>
					<width>1180</width>
					<height>1</height>
					<texture>img/LineL.png</texture>
					<aspectratio>stretch</aspectratio>
				</control>
				<control type="image" description="Line Split">
					<posy>83</posy>
					<width>1180</width>
					<height>1</height>
					<texture>img/LineL.png</texture>
					<aspectratio>stretch</aspectratio>
				</control>                
				<control type="textbox" id="900031" description="Plot">
					<include>VisibleFadeEffectDelay</include>
					<posy>90</posy>
                    <left>5</left>
					<width>620</width>
					<height>355</height>
					<align>justify</align>
					<font>InfoPlot</font>
                    <textcolor>$VAR[InfoPlotTextColor]</textcolor>
                    <shadowcolor>LiteShadow</shadowcolor>
					<label fallback="19055">$VAR[Plots]</label>
				</control>
				<control type="radiobutton" id="90003">
					<posy>447</posy>
                    <left>588.3</left>
					<ondown>9000</ondown>
					<onright>9009</onright>
                    <align>center</align>
                    <aligny>center</aligny>
                    <textureradioonfocus colordiffuse="$VAR[FocusedTextColor]">icons/dots7.png</textureradioonfocus>
                    <textureradioonnofocus>icons/dots7.png</textureradioonnofocus>
                    <texturefocus border="4" colordiffuse="$VAR[HighlightColor]">img/WhiteRoundedST2.png</texturefocus>
                    <texturenofocus border="4">img/WhiteRoundedT.png</texturenofocus>
                    <width>37</width>
                    <height>17</height>
                    <radiowidth>37</radiowidth>
                    <radioheight>37</radioheight>
                    <radioposx>0.1</radioposx>
                    <radioposy>0</radioposy>
                    <font></font>
                    <selected>true</selected>
					<onclick>SetProperty(TextViewerHeader,$ESCVAR[panelheading],Home)</onclick>
                    <onclick condition="!String.IsEmpty(Window(Home).Property(Set.Movies.Years))">SetProperty(TextViewerSubHeader,$ESCINFO[Window(Home).Property(SkinInfo.Set.Movies.Years),[I],[/I]],Home)</onclick>
					<onclick>SetProperty(TextViewerContent,$ESCVAR[Plots],Home)</onclick>
					<onclick>ActivateWindow(1124)</onclick>
				</control>                
				<control type="image" description="Line Split">
					<posy>90</posy>
                    <left>637</left>
					<width>1</width>
					<height>375</height>
					<texture>img/LineL.png</texture>
					<aspectratio>stretch</aspectratio>
				</control>                
				<control type="panel" id="9009">
					<include>VisibleFadeEffectDelay</include>
					<include>List_9009_Commons</include>
                    <onup>9009</onup>
                    <ondown>9009</ondown>
                    <onleft>90003</onleft>
					<content>
						<item>
							<label>$LOCALIZE[20339](s):</label>
                            <label2>$INFO[Window(Home).Property(SkinInfo.Set.Movies.Director)]</label2>
                            <onclick condition="!Skin.HasSetting(OnlyLocalSearches) + System.HasAddon(script.embuary.helper) + System.HasAddon(plugin.video.themoviedb.helper)">SetProperty(Dialog.1.Label,$LOCALIZE[32018])</onclick>
                            <onclick condition="!Skin.HasSetting(OnlyLocalSearches) + System.HasAddon(script.embuary.helper) + System.HasAddon(plugin.video.themoviedb.helper)">SetProperty(Dialog.1.BuiltIn,RunScript(plugin.video.themoviedb.helper,add_query=$INFO[Window(Home).Property(SkinInfo.Set.Movies.Director)],type=person,call_auto=1134))</onclick>
			                <onclick condition="!Skin.HasSetting(OnlyLocalSearches) + System.HasAddon(script.embuary.helper) + System.HasAddon(plugin.video.themoviedb.helper)">SetProperty(Dialog.2.Label,$LOCALIZE[32017])</onclick>
			                <onclick condition="!Skin.HasSetting(OnlyLocalSearches) + System.HasAddon(script.embuary.helper) + System.HasAddon(plugin.video.themoviedb.helper) + String.Contains(Window(Home).Property(SkinInfo.Set.Movies.Director), / )">SetProperty(Dialog.2.BuiltIn,SetProperty(Dialog.Builtin,Skin.SetString(CustomSearchTerm,???)++ActivateWindow(1122))||RunScript(script.embuary.helper,action=splitandcreateselect,header='"$LOCALIZE[32110]"',items='$ESCINFO[Window(Home).Property(SkinInfo.Set.Movies.Director)]',seperator='" / "',splitby='"++"'))</onclick>
			                <onclick condition="!Skin.HasSetting(OnlyLocalSearches) + System.HasAddon(script.embuary.helper) + System.HasAddon(plugin.video.themoviedb.helper) + !String.Contains(Window(Home).Property(SkinInfo.Set.Movies.Director), / )">SetProperty(Dialog.2.BuiltIn,Skin.SetString(CustomSearchTerm,$INFO[Window(Home).Property(SkinInfo.Set.Movies.Director)])||ActivateWindow(1122))</onclick>
                            <onclick condition="!Skin.HasSetting(OnlyLocalSearches) + System.HasAddon(script.embuary.helper) + System.HasAddon(plugin.video.themoviedb.helper)">RunScript(script.embuary.helper,action=createselect,header=$LOCALIZE[137])</onclick>
                            
							<onclick condition="Skin.HasSetting(OnlyLocalSearches) + !System.HasAddon(script.embuary.helper) + String.Contains(Window(Home).Property(SkinInfo.Set.Movies.Director), / )">noop</onclick>
							<onclick condition="Skin.HasSetting(OnlyLocalSearches) + System.HasAddon(script.embuary.helper) + String.Contains(Window(Home).Property(SkinInfo.Set.Movies.Director), / )">SetProperty(Dialog.Builtin,Skin.SetString(CustomSearchTerm,???)++ActivateWindow(1122))</onclick>
							<onclick condition="Skin.HasSetting(OnlyLocalSearches) + System.HasAddon(script.embuary.helper) + String.Contains(Window(Home).Property(SkinInfo.Set.Movies.Director), / )">RunScript(script.embuary.helper,action=splitandcreateselect,header='"$LOCALIZE[32110]"',items='$ESCINFO[Window(Home).Property(SkinInfo.Set.Movies.Director)]',seperator='" / "',splitby='"++"')</onclick>
							
							<onclick condition="Skin.HasSetting(OnlyLocalSearches) + !String.Contains(Window(Home).Property(SkinInfo.Set.Movies.Director), / )">Skin.SetString(CustomSearchTerm,$INFO[Window(Home).Property(SkinInfo.Set.Movies.Director)])</onclick>
							<onclick condition="Skin.HasSetting(OnlyLocalSearches) + !String.Contains(Window(Home).Property(SkinInfo.Set.Movies.Director), / )">Dialog.Close(all)</onclick>
							<onclick condition="Skin.HasSetting(OnlyLocalSearches) + !String.Contains(Window(Home).Property(SkinInfo.Set.Movies.Director), / )">ActivateWindow(1122)</onclick>
							<visible>!String.IsEmpty(Window(Home).Property(SkinInfo.Set.Movies.Director))</visible>
						</item>                        
						<item>
							<label>$LOCALIZE[20417](s):</label>
                            <label2>$INFO[Window(Home).Property(SkinInfo.Set.Movies.Writer)]</label2>
                            <onclick condition="!Skin.HasSetting(OnlyLocalSearches) + System.HasAddon(script.embuary.helper) + System.HasAddon(plugin.video.themoviedb.helper)">SetProperty(Dialog.1.Label,$LOCALIZE[32018])</onclick>
                            <onclick condition="!Skin.HasSetting(OnlyLocalSearches) + System.HasAddon(script.embuary.helper) + System.HasAddon(plugin.video.themoviedb.helper)">SetProperty(Dialog.1.BuiltIn,RunScript(plugin.video.themoviedb.helper,add_query=$INFO[Window(Home).Property(SkinInfo.Set.Movies.Writer)],type=person,call_auto=1134))</onclick>
			                <onclick condition="!Skin.HasSetting(OnlyLocalSearches) + System.HasAddon(script.embuary.helper) + System.HasAddon(plugin.video.themoviedb.helper)">SetProperty(Dialog.2.Label,$LOCALIZE[32017])</onclick>
			                <onclick condition="!Skin.HasSetting(OnlyLocalSearches) + System.HasAddon(script.embuary.helper) + System.HasAddon(plugin.video.themoviedb.helper) + String.Contains(Window(Home).Property(SkinInfo.Set.Movies.Writer), / )">SetProperty(Dialog.2.BuiltIn,SetProperty(Dialog.Builtin,Skin.SetString(CustomSearchTerm,???)++ActivateWindow(1122))||RunScript(script.embuary.helper,action=splitandcreateselect,header='"$LOCALIZE[32113]"',items='$ESCINFO[Window(Home).Property(SkinInfo.Set.Movies.Writer)]',seperator='" / "',splitby='"++"'))</onclick>
			                <onclick condition="!Skin.HasSetting(OnlyLocalSearches) + System.HasAddon(script.embuary.helper) + System.HasAddon(plugin.video.themoviedb.helper) + !String.Contains(Window(Home).Property(SkinInfo.Set.Movies.Writer), / )">SetProperty(Dialog.2.BuiltIn,Skin.SetString(CustomSearchTerm,$INFO[Window(Home).Property(SkinInfo.Set.Movies.Writer)])||ActivateWindow(1122))</onclick>
                            <onclick condition="!Skin.HasSetting(OnlyLocalSearches) + System.HasAddon(script.embuary.helper) + System.HasAddon(plugin.video.themoviedb.helper)">RunScript(script.embuary.helper,action=createselect,header=$LOCALIZE[137])</onclick>
                            
							<onclick condition="Skin.HasSetting(OnlyLocalSearches) + !System.HasAddon(script.embuary.helper) + String.Contains(Window(Home).Property(SkinInfo.Set.Movies.Writer), / )">noop</onclick>
							<onclick condition="Skin.HasSetting(OnlyLocalSearches) + System.HasAddon(script.embuary.helper) + String.Contains(Window(Home).Property(SkinInfo.Set.Movies.Writer), / )">SetProperty(Dialog.Builtin,Skin.SetString(CustomSearchTerm,???)++ActivateWindow(1122))</onclick>
							<onclick condition="Skin.HasSetting(OnlyLocalSearches) + System.HasAddon(script.embuary.helper) + String.Contains(Window(Home).Property(SkinInfo.Set.Movies.Writer), / )">RunScript(script.embuary.helper,action=splitandcreateselect,header='"$LOCALIZE[32113]"',items='$ESCINFO[Window(Home).Property(SkinInfo.Set.Movies.Writer)]',seperator='" / "',splitby='"++"')</onclick>
							
							<onclick condition="Skin.HasSetting(OnlyLocalSearches) + !String.Contains(Window(Home).Property(SkinInfo.Set.Movies.Writer), / )">Skin.SetString(CustomSearchTerm,$INFO[Window(Home).Property(SkinInfo.Set.Movies.Writer)])</onclick>
							<onclick condition="Skin.HasSetting(OnlyLocalSearches) + !String.Contains(Window(Home).Property(SkinInfo.Set.Movies.Writer), / )">Dialog.Close(all)</onclick>
							<onclick condition="Skin.HasSetting(OnlyLocalSearches) + !String.Contains(Window(Home).Property(SkinInfo.Set.Movies.Writer), / )">ActivateWindow(1122)</onclick>
							<visible>!String.IsEmpty(Window(Home).Property(SkinInfo.Set.Movies.Writer))</visible>
						</item>                        
						<item>
							<label>$LOCALIZE[515](s):</label>
                            <label2>$INFO[Window(Home).Property(SkinInfo.Set.Movies.Genre)]</label2>
                            <onclick condition="!Skin.HasSetting(OnlyLocalSearches) + System.HasAddon(script.embuary.helper) + System.HasAddon(plugin.video.themoviedb.helper)">SetProperty(Dialog.1.Label,$LOCALIZE[32018])</onclick>
                            <onclick condition="!Skin.HasSetting(OnlyLocalSearches) + System.HasAddon(script.embuary.helper) + System.HasAddon(plugin.video.themoviedb.helper) + String.Contains(Window(Home).Property(SkinInfo.Set.Movies.Genre), / )">SetProperty(Dialog.1.BuiltIn,SetProperty(Dialog.Builtin,SetProperty(SingleSearchType,Online,Home)++Skin.SetString(SingleSearchTerm,???)++Skin.SetString(OnlineCallType,with_genres)++Skin.SetString(OnlineMediaType,$VAR[TMDbMediaType])++Skin.SetString(SingleSearchHeader,$VAR[GenreOnlineHeaderVar])++ActivateWindow(1131))||RunScript(script.embuary.helper,action=splitandcreateselect,header='"$LOCALIZE[32108]"',items='$ESCINFO[Window(Home).Property(SkinInfo.Set.Movies.Genre)]',seperator='" / "',splitby='"++"'))</onclick>
                            <onclick condition="!Skin.HasSetting(OnlyLocalSearches) + System.HasAddon(script.embuary.helper) + System.HasAddon(plugin.video.themoviedb.helper) + !String.Contains(Window(Home).Property(SkinInfo.Set.Movies.Genre), / )">SetProperty(Dialog.1.BuiltIn,SetProperty(SingleSearchType,Online,Home)||Skin.SetString(SingleSearchTerm,$INFO[Window(Home).Property(SkinInfo.Set.Movies.Genre)])||Skin.SetString(OnlineCallType,with_genres)||Skin.SetString(OnlineMediaType,$VAR[TMDbMediaType])||Skin.SetString(SingleSearchHeader,$VAR[GenreOnlineHeaderVar])||ActivateWindow(1131))</onclick>
			                <onclick condition="!Skin.HasSetting(OnlyLocalSearches) + System.HasAddon(script.embuary.helper) + System.HasAddon(plugin.video.themoviedb.helper)">SetProperty(Dialog.2.Label,$LOCALIZE[32017])</onclick>
			                <onclick condition="!Skin.HasSetting(OnlyLocalSearches) + System.HasAddon(script.embuary.helper) + System.HasAddon(plugin.video.themoviedb.helper) + String.Contains(Window(Home).Property(SkinInfo.Set.Movies.Genre), / )">SetProperty(Dialog.2.BuiltIn,SetProperty(Dialog.Builtin,SetProperty(SingleSearchType,LocalMovieGenre,Home)++Skin.SetString(SingleSearchTerm,???)++Skin.SetString(SingleSearchHeader,$VAR[GenreOnlineHeaderVar])++ActivateWindow(1131))||RunScript(script.embuary.helper,action=splitandcreateselect,header='"$LOCALIZE[32108]"',items='$ESCINFO[Window(Home).Property(SkinInfo.Set.Movies.Genre)]',seperator='" / "',splitby='"++"'))</onclick>
                            <onclick condition="!Skin.HasSetting(OnlyLocalSearches) + System.HasAddon(script.embuary.helper) + System.HasAddon(plugin.video.themoviedb.helper) + !String.Contains(Window(Home).Property(SkinInfo.Set.Movies.Genre), / )">SetProperty(Dialog.2.BuiltIn,SetProperty(SingleSearchType,LocalMovieGenre,Home)||Skin.SetString(SingleSearchTerm,$INFO[Window(Home).Property(SkinInfo.Set.Movies.Genre)])||Skin.SetString(SingleSearchHeader,$VAR[GenreOnlineHeaderVar])||ActivateWindow(1131))</onclick>
			                <onclick condition="!Skin.HasSetting(OnlyLocalSearches) + System.HasAddon(script.embuary.helper) + System.HasAddon(plugin.video.themoviedb.helper)">RunScript(script.embuary.helper,action=createselect,header=$LOCALIZE[137])</onclick>
                            
							<onclick condition="Skin.HasSetting(OnlyLocalSearches) + !System.HasAddon(script.embuary.helper) + String.Contains(Window(Home).Property(SkinInfo.Set.Movies.Genre), / )">noop</onclick>
							<onclick condition="Skin.HasSetting(OnlyLocalSearches) + System.HasAddon(script.embuary.helper) + String.Contains(Window(Home).Property(SkinInfo.Set.Movies.Genre), / )">SetProperty(Dialog.Builtin,SetProperty(SingleSearchType,LocalMovieGenre,Home)++Skin.SetString(SingleSearchTerm,???)++Skin.SetString(SingleSearchHeader,$VAR[GenreOnlineHeaderVar])++ActivateWindow(1131))</onclick>
							<onclick condition="Skin.HasSetting(OnlyLocalSearches) + System.HasAddon(script.embuary.helper) + String.Contains(Window(Home).Property(SkinInfo.Set.Movies.Genre), / )">RunScript(script.embuary.helper,action=splitandcreateselect,header='"$LOCALIZE[32108]"',items='$ESCINFO[Window(Home).Property(SkinInfo.Set.Movies.Genre)]',seperator='" / "',splitby='"++"')</onclick>
							
							<onclick condition="Skin.HasSetting(OnlyLocalSearches) + !String.Contains(Window(Home).Property(SkinInfo.Set.Movies.Genre), / )">SetProperty(SingleSearchType,LocalMovieGenre,Home)</onclick>
							<onclick condition="Skin.HasSetting(OnlyLocalSearches) + !String.Contains(Window(Home).Property(SkinInfo.Set.Movies.Genre), / )">Skin.SetString(SingleSearchTerm,$INFO[Window(Home).Property(SkinInfo.Set.Movies.Genre)])</onclick>
							<onclick condition="Skin.HasSetting(OnlyLocalSearches) + !String.Contains(Window(Home).Property(SkinInfo.Set.Movies.Genre), / )">Skin.SetString(SingleSearchHeader,$VAR[GenreOnlineHeaderVar])</onclick>
							<onclick condition="Skin.HasSetting(OnlyLocalSearches) + !String.Contains(Window(Home).Property(SkinInfo.Set.Movies.Genre), / )">Dialog.Close(All)</onclick>
							<onclick condition="Skin.HasSetting(OnlyLocalSearches) + !String.Contains(Window(Home).Property(SkinInfo.Set.Movies.Genre), / )">ActivateWindow(1131)</onclick>
							<visible>!String.IsEmpty(Window(Home).Property(SkinInfo.Set.Movies.Genre))</visible>
						</item>                        
						<item>
							<label>$LOCALIZE[20161] $LOCALIZE[2050]:</label>
							<label2>$INFO[Window(Home).Property(SkinInfo.Set.Movies.Runtime)] $LOCALIZE[12391]</label2>
							<onclick>noop</onclick>
							<visible>!String.IsEmpty(Window(Home).Property(SkinInfo.Set.Movies.Runtime))</visible>
						</item>
						<item>
							<label>$LOCALIZE[29909](s):</label>
                            <label2>$INFO[Window(Home).Property(SkinInfo.Set.Movies.Studio)]</label2>
                            <onclick condition="!Skin.HasSetting(OnlyLocalSearches) + System.HasAddon(script.embuary.helper) + System.HasAddon(plugin.video.themoviedb.helper)">SetProperty(Dialog.1.Label,$LOCALIZE[32018])</onclick>
                            <onclick condition="!Skin.HasSetting(OnlyLocalSearches) + System.HasAddon(script.embuary.helper) + System.HasAddon(plugin.video.themoviedb.helper) + String.Contains(Window(Home).Property(SkinInfo.Set.Movies.Studio), / )">SetProperty(Dialog.1.BuiltIn,SetProperty(Dialog.Builtin,SetProperty(SingleSearchType,Online,Home)++Skin.SetString(SingleSearchTerm,???)++Skin.SetString(OnlineCallType,$VAR[TMDbStudioCall])++Skin.SetString(OnlineMediaType,$VAR[TMDbMediaType])++Skin.SetString(SingleSearchHeader,$VAR[StudioOnlineHeaderVar])++ActivateWindow(1131))||RunScript(script.embuary.helper,action=splitandcreateselect,header='"$LOCALIZE[32109]"',items='$ESCINFO[Window(Home).Property(SkinInfo.Set.Movies.Studio)]',seperator='" / "',splitby='"++"'))</onclick>
                            <onclick condition="!Skin.HasSetting(OnlyLocalSearches) + System.HasAddon(script.embuary.helper) + System.HasAddon(plugin.video.themoviedb.helper) + !String.Contains(Window(Home).Property(SkinInfo.Set.Movies.Studio), / )">SetProperty(Dialog.1.BuiltIn,SetProperty(SingleSearchType,Online,Home)||Skin.SetString(SingleSearchTerm,$INFO[Window(Home).Property(SkinInfo.Set.Movies.Studio)])||Skin.SetString(OnlineCallType,$VAR[TMDbStudioCall])||Skin.SetString(OnlineMediaType,$VAR[TMDbMediaType])||Skin.SetString(SingleSearchHeader,$VAR[StudioOnlineHeaderVar])||ActivateWindow(1131))</onclick>
			                <onclick condition="!Skin.HasSetting(OnlyLocalSearches) + System.HasAddon(script.embuary.helper) + System.HasAddon(plugin.video.themoviedb.helper)">SetProperty(Dialog.2.Label,$LOCALIZE[32017])</onclick>
			                <onclick condition="!Skin.HasSetting(OnlyLocalSearches) + System.HasAddon(script.embuary.helper) + System.HasAddon(plugin.video.themoviedb.helper) + String.Contains(Window(Home).Property(SkinInfo.Set.Movies.Studio), / )">SetProperty(Dialog.2.BuiltIn,SetProperty(Dialog.Builtin,SetProperty(SingleSearchType,LocalMovieStudio,Home)++Skin.SetString(SingleSearchTerm,???)++Skin.SetString(SingleSearchHeader,$VAR[StudioOnlineHeaderVar])++ActivateWindow(1131))||RunScript(script.embuary.helper,action=splitandcreateselect,header='"$LOCALIZE[32109]"',items='$ESCINFO[Window(Home).Property(SkinInfo.Set.Movies.Studio)]',seperator='" / "',splitby='"++"'))</onclick>
                            <onclick condition="!Skin.HasSetting(OnlyLocalSearches) + System.HasAddon(script.embuary.helper) + System.HasAddon(plugin.video.themoviedb.helper) + !String.Contains(Window(Home).Property(SkinInfo.Set.Movies.Studio), / )">SetProperty(Dialog.2.BuiltIn,SetProperty(SingleSearchType,LocalMovieStudio,Home)||Skin.SetString(SingleSearchTerm,$INFO[Window(Home).Property(SkinInfo.Set.Movies.Studio)])||Skin.SetString(SingleSearchHeader,$VAR[StudioOnlineHeaderVar])||ActivateWindow(1131))</onclick>
			                <onclick condition="!Skin.HasSetting(OnlyLocalSearches) + System.HasAddon(script.embuary.helper) + System.HasAddon(plugin.video.themoviedb.helper)">RunScript(script.embuary.helper,action=createselect,header=$LOCALIZE[137])</onclick>
                            
							<onclick condition="Skin.HasSetting(OnlyLocalSearches) + !System.HasAddon(script.embuary.helper) + String.Contains(Window(Home).Property(SkinInfo.Set.Movies.Studio), / )">noop</onclick>
							<onclick condition="Skin.HasSetting(OnlyLocalSearches) + System.HasAddon(script.embuary.helper) + String.Contains(Window(Home).Property(SkinInfo.Set.Movies.Studio), / )">SetProperty(Dialog.Builtin,SetProperty(SingleSearchType,LocalMovieStudio,Home)++Skin.SetString(SingleSearchTerm,???)++Skin.SetString(SingleSearchHeader,$VAR[StudioOnlineHeaderVar])++ActivateWindow(1131))</onclick>
							<onclick condition="Skin.HasSetting(OnlyLocalSearches) + System.HasAddon(script.embuary.helper) + String.Contains(Window(Home).Property(SkinInfo.Set.Movies.Studio), / )">RunScript(script.embuary.helper,action=splitandcreateselect,header='"$LOCALIZE[32109]"',items='$ESCINFO[Window(Home).Property(SkinInfo.Set.Movies.Studio)]',seperator='" / "',splitby='"++"')</onclick>
							
							<onclick condition="Skin.HasSetting(OnlyLocalSearches) + !String.Contains(Window(Home).Property(SkinInfo.Set.Movies.Studio), / )">SetProperty(SingleSearchType,LocalMovieStudio,Home)</onclick>
							<onclick condition="Skin.HasSetting(OnlyLocalSearches) + !String.Contains(Window(Home).Property(SkinInfo.Set.Movies.Studio), / )">Skin.SetString(SingleSearchTerm,$INFO[Window(Home).Property(SkinInfo.Set.Movies.Studio)])</onclick>
							<onclick condition="Skin.HasSetting(OnlyLocalSearches) + !String.Contains(Window(Home).Property(SkinInfo.Set.Movies.Studio), / )">Skin.SetString(SingleSearchHeader,$VAR[StudioOnlineHeaderVar])</onclick>
							<onclick condition="Skin.HasSetting(OnlyLocalSearches) + !String.Contains(Window(Home).Property(SkinInfo.Set.Movies.Studio), / )">Dialog.Close(All)</onclick>
							<onclick condition="Skin.HasSetting(OnlyLocalSearches) + !String.Contains(Window(Home).Property(SkinInfo.Set.Movies.Studio), / )">ActivateWindow(1131)</onclick>
							<visible>!String.IsEmpty(Window(Home).Property(SkinInfo.Set.Movies.Studio))</visible>
						</item>                        
					</content>
				</control>
			</control>
		</control>
		<control type="grouplist" id="9000">
			<left>700</left>
			<posy>527</posy>
			<width>1180</width>
			<height>90</height>
			<align>center</align>
			<onup>90003</onup>
            <defaultcontrol>8</defaultcontrol>
            <ondown>SetFocus(90150)</ondown>
			<orientation>horizontal</orientation>
			<itemgap>16</itemgap>
			<control type="button" id="8" description="Browse">
				<height>90</height>
				<width min="220">auto</width>
				<align>center</align>
				<font>Details</font>
				<label>$LOCALIZE[1024]</label>
                <onclick>Dialog.Close(all,force)</onclick>
			    <onclick>ActivateWindow(Videos,videodb://movies/sets/$INFO[ListItem.DBID]/?setid=$INFO[ListItem.DBID])</onclick>
			</control>
			<control type="button" id="296" description="Show Fanart">
				<height>90</height>
				<width min="220">auto</width>
				<align>center</align>
				<font>Details</font>
				<label>$LOCALIZE[32068]</label>
                <onclick>SetProperty(fanart,$ESCINFO[ListItem.Art(fanart)],home)</onclick>
                <onclick condition="Skin.HasSetting(SkinHelper.EnableExtraFanart)">SetProperty(fanart1,$ESCINFO[ListItem.Art(fanart1)],home)</onclick>
                <onclick condition="Skin.HasSetting(SkinHelper.EnableExtraFanart)">SetProperty(fanart2,$ESCINFO[ListItem.Art(fanart2)],home)</onclick>
                <onclick condition="Skin.HasSetting(SkinHelper.EnableExtraFanart)">SetProperty(fanart3,$ESCINFO[ListItem.Art(fanart3)],home)</onclick>
                <onclick condition="Skin.HasSetting(SkinHelper.EnableExtraFanart)">SetProperty(fanart4,$ESCINFO[ListItem.Art(fanart4)],home)</onclick>
                <onclick condition="Skin.HasSetting(SkinHelper.EnableExtraFanart)">SetProperty(fanart5,$ESCINFO[ListItem.Art(fanart5)],home)</onclick>
                <onclick condition="Skin.HasSetting(SkinHelper.EnableExtraFanart)">SetProperty(fanart6,$ESCINFO[ListItem.Art(fanart6)],home)</onclick>
                <onclick condition="Skin.HasSetting(SkinHelper.EnableExtraFanart)">SetProperty(fanart7,$ESCINFO[ListItem.Art(fanart7)],home)</onclick>
                <onclick condition="Skin.HasSetting(SkinHelper.EnableExtraFanart)">SetProperty(fanart8,$ESCINFO[ListItem.Art(fanart8)],home)</onclick>
                <onclick condition="Skin.HasSetting(SkinHelper.EnableExtraFanart)">SetProperty(fanart9,$ESCINFO[ListItem.Art(fanart9)],home)</onclick>
                <onclick condition="Skin.HasSetting(SkinHelper.EnableExtraFanart)">SetProperty(fanart10,$ESCINFO[ListItem.Art(fanart10)],home)</onclick>
                <onclick condition="Skin.HasSetting(SkinHelper.EnableExtraFanart)">SetProperty(fanart11,$ESCINFO[ListItem.Art(fanart11)],home)</onclick>
                <onclick condition="Skin.HasSetting(SkinHelper.EnableExtraFanart)">SetProperty(fanart12,$ESCINFO[ListItem.Art(fanart12)],home)</onclick>
                <onclick condition="Skin.HasSetting(SkinHelper.EnableExtraFanart)">SetProperty(fanart13,$ESCINFO[ListItem.Art(fanart13)],home)</onclick>
                <onclick condition="Skin.HasSetting(SkinHelper.EnableExtraFanart)">SetProperty(fanart14,$ESCINFO[ListItem.Art(fanart14)],home)</onclick>
                <onclick condition="Skin.HasSetting(SkinHelper.EnableExtraFanart)">SetProperty(fanart15,$ESCINFO[ListItem.Art(fanart15)],home)</onclick>
                <onclick condition="Skin.HasSetting(SkinHelper.EnableExtraFanart)">SetProperty(fanart16,$ESCINFO[ListItem.Art(fanart16)],home)</onclick>
                <onclick condition="Skin.HasSetting(SkinHelper.EnableExtraFanart)">SetProperty(fanart17,$ESCINFO[ListItem.Art(fanart17)],home)</onclick>
                <onclick condition="Skin.HasSetting(SkinHelper.EnableExtraFanart)">SetProperty(fanart18,$ESCINFO[ListItem.Art(fanart18)],home)</onclick>
                <onclick condition="Skin.HasSetting(SkinHelper.EnableExtraFanart)">SetProperty(fanart19,$ESCINFO[ListItem.Art(fanart19)],home)</onclick>
                <onclick condition="Skin.HasSetting(SkinHelper.EnableExtraFanart)">SetProperty(fanart20,$ESCINFO[ListItem.Art(fanart20)],home)</onclick>
                <onclick>ActivateWindow(1126)</onclick>
                <visible>!String.IsEmpty(ListItem.Art(fanart))</visible>
			</control>
		</control>

        <control type="group">
			<posx>700</posx>
			<posy>622</posy>
			<width>1180</width>
			<height>450</height>
			<onup>9000</onup>
            <ondown>noop</ondown>
			<include>ExtendedSet</include>
        </control>
        
	</controls>
</window>
