<?xml version="1.0" encoding="UTF-8"?>
<includes>

    <expression name="Exp_View_600">[False]</expression>
    <expression name="Exp_View_600_Include">False</expression>
    <expression name="Exp_View_55">[False]</expression>
    <expression name="Exp_View_55_Include">False</expression>
    <expression name="Exp_View_54">[[Container.Content(videos) + [String.IsEqual(Container.PluginName,slyguy.disney.plus)]]]</expression>
    <expression name="Exp_View_54_Include">True</expression>
    <expression name="Exp_View_57">[False]</expression>
    <expression name="Exp_View_57_Include">False</expression>
    <expression name="Exp_View_56">[[Container.Content(genres) + [String.IsEmpty(Container.PluginName)]] | [Container.Content(playlists) + [String.IsEmpty(Container.PluginName)]] | [Container.Content(tags) + [String.IsEmpty(Container.PluginName)]] | [Container.Content(years) + [String.IsEmpty(Container.PluginName)]]]</expression>
    <expression name="Exp_View_56_Include">True</expression>
    <expression name="Exp_View_51">[False]</expression>
    <expression name="Exp_View_51_Include">False</expression>
    <expression name="Exp_View_50">[[Container.Content(studios) + [[String.IsEmpty(Container.PluginName)] | [!String.IsEmpty(Container.PluginName)]]] | [Container.Content(playlists) + [!String.IsEmpty(Container.PluginName)]] | [Container.Content(videos) + [[String.IsEmpty(Container.PluginName)] | [!String.IsEmpty(Container.PluginName) + !String.IsEqual(Container.PluginName,slyguy.disney.plus) + !String.IsEqual(Container.PluginName,plugin.video.bp) + !String.IsEqual(Container.PluginName,plugin.video.youtube) + !String.IsEqual(Container.PluginName,plugin.video.bfi)]]] | [Container.Content(artists) + [[String.IsEmpty(Container.PluginName)] | [!String.IsEmpty(Container.PluginName)]]] | [Container.Content(years) + [!String.IsEmpty(Container.PluginName)]] | [Container.Content(episodes) + [[String.IsEmpty(Container.PluginName)] | [!String.IsEmpty(Container.PluginName) + !String.IsEqual(Container.PluginName,plugin.video.netflix)]]] | [Container.Content(musicvideos) + [[String.IsEmpty(Container.PluginName)] | [!String.IsEmpty(Container.PluginName)]]] | [Window.IsVisible(MyPVRSearch.xml) + [[String.IsEmpty(Container.PluginName)] | [!String.IsEmpty(Container.PluginName)]]] | [Container.Content(images) + [[String.IsEmpty(Container.PluginName)] | [!String.IsEmpty(Container.PluginName)]]] | [Container.Content(genres) + [!String.IsEmpty(Container.PluginName)]] | [Container.Content(actors) + [[String.IsEmpty(Container.PluginName)] | [!String.IsEmpty(Container.PluginName)]]] | [Container.Content(files) + [[String.IsEmpty(Container.PluginName)] | [!String.IsEmpty(Container.PluginName) + !String.IsEqual(Container.PluginName,plugin.video.cnn)]]] | [Container.Content(tags) + [!String.IsEmpty(Container.PluginName)]] | [Container.Content(seasons) + [[String.IsEmpty(Container.PluginName)] | [!String.IsEmpty(Container.PluginName)]]] | [Container.Content(albums) + [[String.IsEmpty(Container.PluginName)] | [!String.IsEmpty(Container.PluginName)]]] | [Window.IsVisible(MyPVRRecordings.xml) + [[String.IsEmpty(Container.PluginName)] | [!String.IsEmpty(Container.PluginName)]]] | [Container.Content() + !Window.IsVisible(MyPVRTimers.xml) + !Window.IsVisible(MyPVRSearch.xml) + !Window.IsVisible(MyPVRRecordings.xml) + [[String.IsEmpty(Container.PluginName)] | [!String.IsEmpty(Container.PluginName) + !String.IsEqual(Container.PluginName,plugin.video.3bmeteo)]]] | [Container.Content(tvshows) + [!String.IsEmpty(Container.PluginName) + !String.IsEqual(Container.PluginName,plugin.video.netflix)]] | [Container.Content(countries) + [[String.IsEmpty(Container.PluginName)] | [!String.IsEmpty(Container.PluginName)]]] | [Container.Content(movies) + [[String.IsEmpty(Container.PluginName)] | [!String.IsEmpty(Container.PluginName) + !String.IsEqual(Container.PluginName,plugin.video.imdb.trailers) + !String.IsEqual(Container.PluginName,plugin.video.themoviedb.helper)]]] | [Container.Content(directors) + [[String.IsEmpty(Container.PluginName)] | [!String.IsEmpty(Container.PluginName)]]] | [Window.IsVisible(MyPVRTimers.xml) + [[String.IsEmpty(Container.PluginName)] | [!String.IsEmpty(Container.PluginName)]]] | [Container.Content(sets) + [!String.IsEmpty(Container.PluginName)]] | [Container.Content(addons) + [[String.IsEmpty(Container.PluginName)] | [!String.IsEmpty(Container.PluginName)]]] | [Container.Content(songs) + [[String.IsEmpty(Container.PluginName)] | [!String.IsEmpty(Container.PluginName)]]]]</expression>
    <expression name="Exp_View_50_Include">True</expression>
    <expression name="Exp_View_53">[[Container.Content(movies) + [String.IsEqual(Container.PluginName,plugin.video.themoviedb.helper)]]]</expression>
    <expression name="Exp_View_53_Include">True</expression>
    <expression name="Exp_View_52">[False]</expression>
    <expression name="Exp_View_52_Include">False</expression>
    <expression name="Exp_View_511">[[Container.Content(videos) + [String.IsEqual(Container.PluginName,plugin.video.youtube)]] | [Container.Content(tvshows) + [String.IsEmpty(Container.PluginName)]]]</expression>
    <expression name="Exp_View_511_Include">True</expression>
    <expression name="Exp_View_551">[False]</expression>
    <expression name="Exp_View_551_Include">False</expression>
    <expression name="Exp_View_501">[[Container.Content(files) + [String.IsEqual(Container.PluginName,plugin.video.cnn)]] | [Container.Content() + !Window.IsVisible(MyPVRTimers.xml) + !Window.IsVisible(MyPVRSearch.xml) + !Window.IsVisible(MyPVRRecordings.xml) + [String.IsEqual(Container.PluginName,plugin.video.3bmeteo)]] | [Container.Content(videos) + [String.IsEqual(Container.PluginName,plugin.video.bp) | String.IsEqual(Container.PluginName,plugin.video.bfi)]] | [Container.Content(tvshows) + [String.IsEqual(Container.PluginName,plugin.video.netflix)]] | [Container.Content(movies) + [String.IsEqual(Container.PluginName,plugin.video.imdb.trailers)]] | [Container.Content(episodes) + [String.IsEqual(Container.PluginName,plugin.video.netflix)]]]</expression>
    <expression name="Exp_View_501_Include">True</expression>
    <expression name="Exp_View_58">[[Container.Content(sets) + [String.IsEmpty(Container.PluginName)]]]</expression>
    <expression name="Exp_View_58_Include">True</expression>
</includes>