<?xml version="1.0" encoding="UTF-8"?>
<window type="dialog" id="1133">

	<!-- Huge thanks to MikeSilVO, this is an adaptation of his code -->

	<onunload>ClearProperty(CustomSelectSearchOptions,skinsettings)</onunload>

	<defaultcontrol always="true">90101</defaultcontrol>
	<include>DialogOpenClose</include>
	<controls>
		<control type="group" description="All dialog content">
			<animation type="WindowOpen">
				<effect type="zoom" start="95" end="100" center="960,540" time="200" />
				<effect type="fade" start="80" end="100" time="200" />
			</animation>
			<animation type="WindowClose">
				<effect type="zoom" start="100" end="95" center="960,540" time="100" />
				<effect type="fade" start="100" end="0" time="100" />
			</animation>
			<control type="group">
				<control type="image" description="Menu BG">
					<posx>681</posx>
					<posy>240</posy>
					<height>750</height>
					<width>747</width>
					<texture border="0,40,0,40">dialogs/ContextMenu.png</texture>
					<colordiffuse>$VAR[DialogBGColor]</colordiffuse>
				</control>
				<control type="label" description="Dialog heading">
					<posx>705</posx>
					<posy>261</posy>
					<width>690</width>
					<height>52</height>
					<label>$LOCALIZE[32169]</label>
					<align>center</align>
					<aligny>center</aligny>
					<textcolor>$VAR[HighlightColor]</textcolor>
				</control>
			</control>            
			<control type="grouplist" id="90101">
				<posx>707</posx>
				<posy>366</posy>
				<width>695</width>
				<height>610</height>
				<itemgap>0</itemgap>
				<onright>9010163</onright>
				<pagecontrol>9010163</pagecontrol>
				<orientation>vertical</orientation>
				<control type="radiobutton" id="901011">
					<label>[B]$LOCALIZE[342][/B]</label>
					<radioposx>605</radioposx>
					<onclick>Skin.ToggleSetting(DisableSearchMovies)</onclick>
					<selected>!Skin.HasSetting(DisableSearchMovies)</selected>
				</control>
				<control type="radiobutton" id="9010111">
					<label>      $LOCALIZE[32170]</label>
					<radioposx>605</radioposx>
					<onclick>Skin.ToggleSetting(DisableSearchMoviesTitle)</onclick>
					<selected>!Skin.HasSetting(DisableSearchMoviesTitle)</selected>
					<visible>!Skin.HasSetting(DisableSearchMovies)</visible>
				</control>
				<control type="radiobutton" id="9010112">
					<label>      $LOCALIZE[32171]</label>
					<radioposx>605</radioposx>
					<onclick>Skin.ToggleSetting(DisableSearchMoviesGenre)</onclick>
					<selected>!Skin.HasSetting(DisableSearchMoviesGenre)</selected>
					<visible>!Skin.HasSetting(DisableSearchMovies)</visible>
				</control>
				<control type="radiobutton" id="9010113">
					<label>      $LOCALIZE[32172]</label>
					<radioposx>605</radioposx>
					<onclick>Skin.ToggleSetting(DisableSearchMoviesYear)</onclick>
					<selected>!Skin.HasSetting(DisableSearchMoviesYear)</selected>
					<visible>!Skin.HasSetting(DisableSearchMovies)</visible>
				</control>
				<control type="radiobutton" id="9010114">
					<label>      $LOCALIZE[32173]</label>
					<radioposx>605</radioposx>
					<onclick>Skin.ToggleSetting(DisableSearchMoviesStudio)</onclick>
					<selected>!Skin.HasSetting(DisableSearchMoviesStudio)</selected>
					<visible>!Skin.HasSetting(DisableSearchMovies)</visible>
				</control>
				<control type="radiobutton" id="9010115">
					<label>      $LOCALIZE[32174]</label>
					<radioposx>605</radioposx>
					<onclick>Skin.ToggleSetting(DisableSearchMoviesCountry)</onclick>
					<selected>!Skin.HasSetting(DisableSearchMoviesCountry)</selected>
					<visible>!Skin.HasSetting(DisableSearchMovies)</visible>
				</control>
				<control type="radiobutton" id="9010116">
					<label>      $LOCALIZE[32175]</label>
					<radioposx>605</radioposx>
					<onclick>Skin.ToggleSetting(DisableSearchMoviesActor)</onclick>
					<selected>!Skin.HasSetting(DisableSearchMoviesActor)</selected>
					<visible>!Skin.HasSetting(DisableSearchMovies)</visible>
				</control>
				<control type="radiobutton" id="9010117">
					<label>      $LOCALIZE[32176]</label>
					<radioposx>605</radioposx>
					<onclick>Skin.ToggleSetting(DisableSearchMoviesDirector)</onclick>
					<selected>!Skin.HasSetting(DisableSearchMoviesDirector)</selected>
					<visible>!Skin.HasSetting(DisableSearchMovies)</visible>
				</control>
				<control type="radiobutton" id="9010118">
					<label>      $LOCALIZE[32177]</label>
					<radioposx>605</radioposx>
					<onclick>Skin.ToggleSetting(DisableSearchMoviesWriter)</onclick>
					<selected>!Skin.HasSetting(DisableSearchMoviesWriter)</selected>
					<visible>!Skin.HasSetting(DisableSearchMovies)</visible>
				</control>
				<control type="radiobutton" id="9010119">
					<label>      $LOCALIZE[32383]</label>
					<radioposx>605</radioposx>
					<onclick>Skin.ToggleSetting(DisableSearchMoviesPlot)</onclick>
					<selected>!Skin.HasSetting(DisableSearchMoviesPlot)</selected>
					<visible>!Skin.HasSetting(DisableSearchMovies)</visible>
				</control>
                <control type="radiobutton" id="901012">
					<label>[B]$LOCALIZE[20343][/B]</label>
					<radioposx>605</radioposx>
					<onclick>Skin.ToggleSetting(DisableSearchTVShows)</onclick>
					<selected>!Skin.HasSetting(DisableSearchTVShows)</selected>
				</control>
				<control type="radiobutton" id="9010121">
					<label>      $LOCALIZE[32170]</label>
					<radioposx>605</radioposx>
					<onclick>Skin.ToggleSetting(DisableSearchTVShowsTitle)</onclick>
					<selected>!Skin.HasSetting(DisableSearchTVShowsTitle)</selected>
					<visible>!Skin.HasSetting(DisableSearchTVShows)</visible>
				</control>
				<control type="radiobutton" id="9010122">
					<label>      $LOCALIZE[32171]</label>
					<radioposx>605</radioposx>
					<onclick>Skin.ToggleSetting(DisableSearchTVShowsGenre)</onclick>
					<selected>!Skin.HasSetting(DisableSearchTVShowsGenre)</selected>
					<visible>!Skin.HasSetting(DisableSearchTVShows)</visible>
				</control>
				<control type="radiobutton" id="9010123">
					<label>      $LOCALIZE[32172]</label>
					<radioposx>605</radioposx>
					<onclick>Skin.ToggleSetting(DisableSearchTVShowsYear)</onclick>
					<selected>!Skin.HasSetting(DisableSearchTVShowsYear)</selected>
					<visible>!Skin.HasSetting(DisableSearchTVShows)</visible>
				</control>
				<control type="radiobutton" id="9010124">
					<label>      $LOCALIZE[32173]</label>
					<radioposx>605</radioposx>
					<onclick>Skin.ToggleSetting(DisableSearchTVShowsStudio)</onclick>
					<selected>!Skin.HasSetting(DisableSearchTVShowsStudio)</selected>
					<visible>!Skin.HasSetting(DisableSearchTVShows)</visible>
				</control>
				<control type="radiobutton" id="9010125">
					<label>      $LOCALIZE[32175]</label>
					<radioposx>605</radioposx>
					<onclick>Skin.ToggleSetting(DisableSearchTVShowsActor)</onclick>
					<selected>!Skin.HasSetting(DisableSearchTVShowsActor)</selected>
					<visible>!Skin.HasSetting(DisableSearchTVShows)</visible>
				</control>
				<control type="radiobutton" id="9010126">
					<label>      $LOCALIZE[32176]</label>
					<radioposx>605</radioposx>
					<onclick>Skin.ToggleSetting(DisableSearchTVShowsDirector)</onclick>
					<selected>!Skin.HasSetting(DisableSearchTVShowsDirector)</selected>
					<visible>!Skin.HasSetting(DisableSearchTVShows)</visible>
				</control>
				<control type="radiobutton" id="9010127">
					<label>      $LOCALIZE[32383]</label>
					<radioposx>605</radioposx>
					<onclick>Skin.ToggleSetting(DisableSearchTVShowsPlot)</onclick>
					<selected>!Skin.HasSetting(DisableSearchTVShowsPlot)</selected>
					<visible>!Skin.HasSetting(DisableSearchTVShows)</visible>
				</control>
				<control type="radiobutton" id="901013">
					<label>[B]$LOCALIZE[20360][/B]</label>
					<radioposx>605</radioposx>
					<onclick>Skin.ToggleSetting(DisableSearchEpisodes)</onclick>
					<selected>!Skin.HasSetting(DisableSearchEpisodes)</selected>
				</control>
				<control type="radiobutton" id="9010131">
					<label>      $LOCALIZE[32170]</label>
					<radioposx>605</radioposx>
					<onclick>Skin.ToggleSetting(DisableSearchEpisodesTitle)</onclick>
					<selected>!Skin.HasSetting(DisableSearchEpisodesTitle)</selected>
					<visible>!Skin.HasSetting(DisableSearchEpisodes)</visible>
				</control>
				<control type="radiobutton" id="9010132">
					<label>      $LOCALIZE[32171]</label>
					<radioposx>605</radioposx>
					<onclick>Skin.ToggleSetting(DisableSearchEpisodesGenre)</onclick>
					<selected>!Skin.HasSetting(DisableSearchEpisodesGenre)</selected>
					<visible>!Skin.HasSetting(DisableSearchEpisodes)</visible>
				</control>
				<control type="radiobutton" id="9010133">
					<label>      $LOCALIZE[32173]</label>
					<radioposx>605</radioposx>
					<onclick>Skin.ToggleSetting(DisableSearchEpisodesStudio)</onclick>
					<selected>!Skin.HasSetting(DisableSearchEpisodesStudio)</selected>
					<visible>!Skin.HasSetting(DisableSearchEpisodes)</visible>
				</control>
				<control type="radiobutton" id="9010134">
					<label>      $LOCALIZE[32175]</label>
					<radioposx>605</radioposx>
					<onclick>Skin.ToggleSetting(DisableSearchEpisodesActor)</onclick>
					<selected>!Skin.HasSetting(DisableSearchEpisodesActor)</selected>
					<visible>!Skin.HasSetting(DisableSearchEpisodes)</visible>
				</control>
				<control type="radiobutton" id="9010135">
					<label>      $LOCALIZE[32176]</label>
					<radioposx>605</radioposx>
					<onclick>Skin.ToggleSetting(DisableSearchEpisodesDirector)</onclick>
					<selected>!Skin.HasSetting(DisableSearchEpisodesDirector)</selected>
					<visible>!Skin.HasSetting(DisableSearchEpisodes)</visible>
				</control>
				<control type="radiobutton" id="9010136">
					<label>      $LOCALIZE[32177]</label>
					<radioposx>605</radioposx>
					<onclick>Skin.ToggleSetting(DisableSearchEpisodesWriter)</onclick>
					<selected>!Skin.HasSetting(DisableSearchEpisodesWriter)</selected>
					<visible>!Skin.HasSetting(DisableSearchEpisodes)</visible>
				</control>
				<control type="radiobutton" id="9010137">
					<label>      $LOCALIZE[32383]</label>
					<radioposx>605</radioposx>
					<onclick>Skin.ToggleSetting(DisableSearchEpisodesPlot)</onclick>
					<selected>!Skin.HasSetting(DisableSearchEpisodesPlot)</selected>
					<visible>!Skin.HasSetting(DisableSearchEpisodes)</visible>
				</control>
				<control type="radiobutton" id="901014">
					<label>$LOCALIZE[32178]</label>
					<radioposx>605</radioposx>
					<onclick>Skin.ToggleSetting(DisableSearchArtists)</onclick>
					<selected>!Skin.HasSetting(DisableSearchArtists)</selected>
				</control>
				<control type="radiobutton" id="901015">
					<label>$LOCALIZE[32179]</label>
					<radioposx>605</radioposx>
					<onclick>Skin.ToggleSetting(DisableSearchAlbums)</onclick>
					<selected>!Skin.HasSetting(DisableSearchAlbums)</selected>
				</control>
				<control type="radiobutton" id="901016">
					<label>$LOCALIZE[32180]</label>
					<radioposx>605</radioposx>
					<onclick>Skin.ToggleSetting(DisableSearchSongs)</onclick>
					<selected>!Skin.HasSetting(DisableSearchSongs)</selected>
				</control>
				<control type="radiobutton" id="901017">
					<label>[B]$LOCALIZE[20389][/B]</label>
					<radioposx>605</radioposx>
					<onclick>Skin.ToggleSetting(DisableSearchMusicVideos)</onclick>
					<selected>!Skin.HasSetting(DisableSearchMusicVideos)</selected>
				</control>
				<control type="radiobutton" id="9010171">
					<label>      $LOCALIZE[32170]</label>
					<radioposx>605</radioposx>
					<onclick>Skin.ToggleSetting(DisableSearchMusicVideosTitle)</onclick>
					<selected>!Skin.HasSetting(DisableSearchMusicVideosTitle)</selected>
					<visible>!Skin.HasSetting(DisableSearchMusicVideos)</visible>
				</control>
				<control type="radiobutton" id="9010172">
					<label>      $LOCALIZE[32181]</label>
					<radioposx>605</radioposx>
					<onclick>Skin.ToggleSetting(DisableSearchMusicVideosArtist)</onclick>
					<selected>!Skin.HasSetting(DisableSearchMusicVideosArtist)</selected>
					<visible>!Skin.HasSetting(DisableSearchMusicVideos)</visible>
				</control>
				<control type="radiobutton" id="901018">
					<label>$LOCALIZE[32182]</label>
					<radioposx>605</radioposx>
					<onclick>Skin.ToggleSetting(DisableSearchYouTube)</onclick>
					<selected>!Skin.HasSetting(DisableSearchYouTube)</selected>
				</control>
			</control>
			<control type="scrollbar" id="9010163">
				<visible>Control.IsVisible(90101)</visible>
				<posx>1388</posx>
				<posy>366</posy>
				<width>36</width>
				<height>610</height>
				<texturesliderbackground></texturesliderbackground>
				<texturesliderbar></texturesliderbar>
				<texturesliderbarfocus></texturesliderbarfocus>
				<textureslidernib border="18">OSD/ScrollbarNibNF.png</textureslidernib>
				<textureslidernibfocus border="18" colordiffuse="$VAR[HighlightColor]">OSD/ScrollbarNibFO.png</textureslidernibfocus>
				<showonepage>false</showonepage>
				<orientation>vertical</orientation>
				<onleft>90101</onleft>
				<onright>90101</onright>
			</control>
		</control>
	</controls>
</window>