<?xml version="1.0" encoding="UTF-8"?>
<window>
	<defaultcontrol always="true">8</defaultcontrol>
	<animation effect="fade" time="200">WindowOpen</animation>
	<animation effect="fade" time="150">WindowClose</animation>
	<controls>
    
    <!-- Next line adapted from MikeSiLVO -->
    
        <include condition="Skin.HasSetting(Enable.ExtendedInfo)">HiddenCast</include>
    
		<control type="image">
			<width>1920</width>
			<height>1080</height>
			<texture>img/BlackDot.png</texture>
			<aspectratio>scale</aspectratio>
		</control>
		<control type="image">
			<width>1920</width>
			<height>1080</height>
			<texture background="true">$INFO[ListItem.Art(fanart)]</texture>
			<aspectratio>scale</aspectratio>
		</control>
		<include content="BackgroundOverlay">
			<param name="parentid" value="9000"/>
		</include>
		<include content="ShadowedImage">
			<param name="top">24</param>
			<param name="left">24</param>
			<param name="width">619</param>
			<param name="height">960</param>
			<param name="shadowoffset">16</param>
			<param name="texture">$VAR[DialogVideoInfoPoster]</param>
		</include>
		<control type="grouplist" description="Flags">
			<top>1010</top>
			<left>24</left>
			<width>1100</width>
			<height>45</height>
			<itemgap>30</itemgap>
			<orientation>horizontal</orientation>
			<align>left</align>
			<include content="MediaFlagItems">
				<param name="itemheight" value="45"/>
				<param name="itemwidth" value="102"/>
				<param name="showratingbadge">false</param>
			</include>
		</control>
		<control type="group" description="Media Info">
			<control type="group" description="top">
				<posx>700</posx>
				<posy>60</posy>
				<control type="label" description="Main Label">
					<posy>-45</posy>
					<width>1180</width>
					<height>60</height>
					<font>InfoTitle</font>
					<textcolor>Highlight</textcolor>
					<align>left</align>
					<label>$VAR[panelheading]</label>
				</control>
				<control type="image" description="Line Split">
					<posy>23</posy>
					<width>1180</width>
					<height>1</height>
					<texture>img/LineL.png</texture>
					<aspectratio>stretch</aspectratio>
				</control>
				<control type="textbox" description="Plot">
					<include>VisibleFadeEffectDelay</include>
					<posy>30</posy>
					<width>620</width>
					<height>430</height>
					<align>justify</align>
					<font>InfoPlot</font>
					<label>$VAR[Plots]</label>
				</control>
				<control type="panel" id="9009">
					<include>VisibleFadeEffectDelay</include>
					<include>List_9009_Commons</include>
					<content>
						<item>
							<label>$LOCALIZE[20376]:</label>
							<label2>$INFO[ListItem.OriginalTitle]</label2>
							<onclick>noop</onclick>
							<visible>!String.IsEmpty(ListItem.OriginalTitle) + !String.IsEqual(ListItem.OriginalTitle,Listitem.Title)</visible>
						</item>
						<item>
							<label>$LOCALIZE[20364]:</label>
							<label2>$INFO[ListItem.TVShowTitle]</label2>
							<onclick>noop</onclick>
							<visible>!String.IsEmpty(ListItem.TVShowTitle)</visible>
						</item>
						<item>
							<label>$LOCALIZE[557]:</label>
							<label2>$INFO[ListItem.Artist]</label2>
							<onclick>noop</onclick>
							<visible>!String.IsEmpty(ListItem.Artist)</visible>
						</item>
						<item>
							<label>$LOCALIZE[558]:</label>
							<label2>$INFO[ListItem.Album]</label2>
							<onclick>noop</onclick>
							<visible>!String.IsEmpty(ListItem.Album)</visible>
						</item>
						<item>
							<label>$LOCALIZE[20339]:</label>
							<label2>$INFO[ListItem.Director]</label2>
							<onclick condition="!Skin.HasSetting(Enable.ExtendedInfo)">SendClick(13)</onclick>
			                <onclick condition="Skin.HasSetting(Enable.ExtendedInfo)">SetProperty(DirectorID,True)</onclick>
			                <onclick condition="Skin.HasSetting(Enable.ExtendedInfo)">SetProperty(ActorName,$INFO[ListItem.Director])</onclick>
			                <onclick condition="Skin.HasSetting(Enable.ExtendedInfo)">ActivateWindow(1121)</onclick>							
                            <visible>!String.IsEmpty(ListItem.Director)</visible>
						</item>
						<item>
							<label>$LOCALIZE[20417]:</label>
							<label2>$INFO[ListItem.Writer]</label2>
							<onclick condition="!Skin.HasSetting(Enable.ExtendedInfo)">noop</onclick>
                            <onclick condition="Skin.HasSetting(Enable.ExtendedInfo)">RunScript(script.extendedinfo,info=extendedactorinfo,name=$INFO[ListItem.Writer])</onclick>
							<visible>!String.IsEmpty(ListItem.Writer)</visible>
						</item>
						<item>
							<label>$LOCALIZE[38018]:</label>
							<label2 fallback="-">$INFO[ListItem.UserRating]</label2>
							<onclick>SendClick(7)</onclick>
						</item>
						<item>
							<label>$LOCALIZE[563]:</label>
							<label2>$INFO[ListItem.RatingAndVotes]</label2>
							<onclick>noop</onclick>
							<visible>!String.IsEmpty(ListItem.RatingAndVotes)</visible>
						</item>
						<item>
							<label>$LOCALIZE[515]:</label>
							<label2>$INFO[ListItem.Genre]</label2>
							<onclick>noop</onclick>
							<visible>!String.IsEmpty(ListItem.Genre)</visible>
						</item>
						<item>
							<label>$LOCALIZE[2050]:</label>
							<label2>$INFO[ListItem.Duration] $LOCALIZE[12391]</label2>
							<onclick>noop</onclick>
							<visible>!String.IsEmpty(ListItem.Duration)</visible>
						</item>
						<item>
							<label>$LOCALIZE[21875]:</label>
							<label2>$INFO[ListItem.Country]</label2>
							<onclick>noop</onclick>
							<visible>!String.IsEmpty(ListItem.Country)</visible>
						</item>
						<item>
							<label>$LOCALIZE[572]:</label>
							<label2>$INFO[ListItem.Studio]</label2>
							<onclick>noop</onclick>
							<visible>!String.IsEmpty(ListItem.Studio)</visible>
						</item>
						<item>
							<label>$LOCALIZE[20416]:</label>
							<label2>$INFO[ListItem.Premiered]</label2>
							<onclick>noop</onclick>
							<visible>!String.IsEmpty(ListItem.Premiered)</visible>
						</item>
						<item>
							<label>$LOCALIZE[20360]:</label>
							<label2>$INFO[listitem.episode] ($INFO[ListItem.Property(WatchedEpisodes),, $LOCALIZE[16102]] - $INFO[ListItem.Property(UnWatchedEpisodes), , $LOCALIZE[16101]])</label2>
							<onclick>noop</onclick>
							<visible>String.IsEqual(ListItem.DBType,tvshow)</visible>
						</item>
						<item>
							<label>$LOCALIZE[31037]:</label>
							<label2>$INFO[ListItem.Mpaa]</label2>
							<onclick>noop</onclick>
							<visible>!String.IsEmpty(ListItem.Mpaa)</visible>
						</item>
                        <item>
                            <label>$LOCALIZE[292]:</label>
							<label2>[UPPERCASE]$INFO[ListItem.Property(AudioLanguage.1)]$INFO[ListItem.Property(AudioLanguage.2), / ]$INFO[ListItem.Property(AudioLanguage.3), / ]$INFO[ListItem.Property(AudioLanguage.4), / ]$INFO[ListItem.Property(AudioLanguage.5), / ][/UPPERCASE]</label2>
							<visible>!String.IsEmpty(ListItem.Property(AudioLanguage.1))</visible>
						</item>
						<item>
                            <label>$LOCALIZE[287]:</label>
							<label2>[UPPERCASE]$INFO[ListItem.Property(SubtitleLanguage.1)]$INFO[ListItem.Property(SubtitleLanguage.2), / ]$INFO[ListItem.Property(SubtitleLanguage.3), / ]$INFO[ListItem.Property(SubtitleLanguage.4), / ]$INFO[ListItem.Property(SubtitleLanguage.5), / ][/UPPERCASE]</label2>
							<visible>!String.IsEmpty(ListItem.Property(SubtitleLanguage.1))</visible>
						</item>                        
						<item>
							<label>$LOCALIZE[20457]:</label>
							<label2>$INFO[ListItem.Set]</label2>
							<onclick>noop</onclick>
							<visible>!String.IsEmpty(ListItem.Set)</visible>
						</item>
						<item>
							<label>$LOCALIZE[20459]:</label>
							<label2>$INFO[ListItem.Tag]</label2>
							<onclick>noop</onclick>
							<visible>!String.IsEmpty(ListItem.Tag)</visible>
						</item>
						<item>
							<label>$LOCALIZE[126]:</label>
							<label2>$INFO[ListItem.Status]</label2>
							<onclick>noop</onclick>
							<visible>!String.IsEmpty(ListItem.Status)</visible>
						</item>
						<item>
							<label>$LOCALIZE[573]:</label>
							<label2>$INFO[ListItem.FolderPath]</label2>
							<onclick>noop</onclick>
							<visible>!String.IsEmpty(ListItem.FolderPath)</visible>
						</item>
					</content>
				</control>
			</control>
		</control>
		<control type="grouplist" id="9000">
			<left>700</left>
			<posy>530</posy>
			<width>1180</width>
			<height>90</height>
			<align>center</align>
			<onup>9009</onup>
			<ondown condition="!Skin.hasSetting(Enable.ExtendedInfo)">SetFocus(50)</ondown>
			<ondown condition="Skin.hasSetting(Enable.ExtendedInfo)">SetFocus(90050)</ondown>            
			<orientation>horizontal</orientation>
			<itemgap>16</itemgap>
			<control type="togglebutton" id="8" description="Play/browse to Show">
				<height>90</height>
				<width min="220">auto</width>
				<align>center</align>
				<font>Details</font>
				<label>$LOCALIZE[208]</label>
				<altlabel>$LOCALIZE[1024]</altlabel>
				<texturenofocus border="4">img/WhiteRoundedT.png</texturenofocus>
				<alttexturenofocus border="4">img/WhiteRoundedT.png</alttexturenofocus>
				<usealttexture>String.IsEqual(ListItem.DBType,tvshow)</usealttexture>
			</control>
			<control type="button" id="11" description="Trailer">
				<height>90</height>
				<width min="220">auto</width>
				<font>Details</font>
				<align>center</align>
				<label>$LOCALIZE[20410]</label>
				<visible>!String.IsEmpty(ListItem.Trailer) + ![String.StartsWith(Container.FolderPath,plugin://) + String.Contains(Container.FolderPath,trailer)]</visible>
			</control>
            <control type="button" id="1227" description="Special Features">
                <height>90</height>
                <width min="220">auto</width>
                <font>Details</font>
                <align>center</align>
                <label>$LOCALIZE[32007]</label>
                <onclick>Action(close)</onclick>
                <onclick>RunScript(plugin.video.specialfeatures,listitem)</onclick>
                <visible>Skin.HasSetting(Enable.SpecialFeatures) + String.IsEqual(Window(home).Property(SpecialFeatures.Visible),true)</visible>
            </control>
            <control type="button" id="1228" description="Extended Info">
                <visible>[Container.Content(movies) | Container.Content(tvshows)] + [Skin.HasSetting(Enable.ExtendedInfo) + System.HasAddon(script.extendedinfo)]</visible>
                <height>90</height>
                <width min="220">auto</width>
                <font>Details</font>
                <align>center</align>
                <label>$LOCALIZE[32016]</label>
                <onclick condition="Container.Content(movies)">RunScript(script.extendedinfo,info=extendedinfo,dbid=$INFO[ListItem.DBID],name=$INFO[ListItem.Title])</onclick>
                <onclick condition="Container.Content(tvshows)">RunScript(script.extendedinfo,info=extendedtvinfo,dbid=$INFO[ListItem.DBID],name=$INFO[ListItem.Title])</onclick>
            </control>
			<control type="button" id="299" description="Cinema">
				<height>90</height>
				<visible>System.HasAddon(script.cinemavision) + [String.IsEqual(ListItem.DBType,movie) | String.IsEqual(ListItem.DBType,tvshow) | String.IsEqual(ListItem.DBType,season) | String.IsEqual(ListItem.DBType,episode)]</visible>
				<width min="220">auto</width>
				<align>center</align>
				<font>Details</font>
				<label>$LOCALIZE[31005]</label>
				<onclick>Dialog.Close(MovieInformation)</onclick>
				<onclick>RunScript(script.cinemavision,experience)</onclick>
			</control>
			<control type="button" id="13" description="Director">
				<height>90</height>
				<width min="220">auto</width>
				<ondown>50</ondown>
				<align>center</align>
				<font>Details</font>
				<label>$LOCALIZE[31129]</label>
				<visible>!String.IsEmpty(ListItem.Director)</visible>
			</control>
			<control type="button" id="6" description="Refresh">
				<height>90</height>
				<width min="220">auto</width>
				<align>center</align>
				<font>Details</font>
				<label>$LOCALIZE[184]</label>
				<visible>Control.IsEnabled(6)</visible>
			</control>
			<control type="button" id="7" description="Set my Rating">
				<height>90</height>
				<width min="220">auto</width>
				<align>center</align>
				<font>Details</font>
				<label>$LOCALIZE[38023]</label>
			</control>
			<control type="button" id="10" description="Get Art">
				<height>90</height>
				<width min="220">auto</width>
				<align>center</align>
				<font>Details</font>
				<label>$LOCALIZE[13511]</label>
			</control>
			<control type="button" id="297" description="AB: Choose Art">
				<height>90</height>
				<width min="220">auto</width>
				<align>center</align>
				<font>Details</font>
				<label>$LOCALIZE[32005]</label>
                <visible>[String.IsEqual(ListItem.DBType,tvshow) | String.IsEqual(ListItem.DBType,movie) | String.IsEqual(ListItem.DBType,musicvideo) | String.IsEqual(ListItem.DBType,episode)] + system.hasaddon(script.artwork.beef)</visible>
                <onclick condition="String.IsEqual(ListItem.DBType,episode)">XBMC.RunScript(script.artwork.beef, mode=gui, mediatype=episode, dbid=$INFO[ListItem.DBID])</onclick>
                <onclick condition="String.IsEqual(ListItem.DBType,tvshow)">XBMC.RunScript(script.artwork.beef, mode=gui, mediatype=tvshow, dbid=$INFO[ListItem.DBID])</onclick>
                <onclick condition="String.IsEqual(ListItem.DBType,movie)">XBMC.RunScript(script.artwork.beef, mode=gui, mediatype=movie, dbid=$INFO[ListItem.DBID])</onclick>
                <onclick condition="String.IsEqual(ListItem.DBType,musicvideo)">XBMC.RunScript(script.artwork.beef, mode=gui, mediatype=musicvideo, dbid=$INFO[ListItem.DBID])</onclick>				
			</control>
			<control type="button" id="298" description="AB: All Art">
				<height>90</height>
				<width min="220">auto</width>
				<align>center</align>
				<font>Details</font>
				<label>$LOCALIZE[32006]</label>
                <visible>[String.IsEqual(ListItem.DBType,tvshow) | String.IsEqual(ListItem.DBType,movie) | String.IsEqual(ListItem.DBType,musicvideo) | String.IsEqual(ListItem.DBType,episode)] + system.hasaddon(script.artwork.beef)</visible>
                <onclick condition="String.IsEqual(ListItem.DBType,episode)">XBMC.RunScript(script.artwork.beef, mode=auto, mediatype=episode, dbid=$INFO[ListItem.DBID])</onclick>
                <onclick condition="String.IsEqual(ListItem.DBType,tvshow)">XBMC.RunScript(script.artwork.beef, mode=auto, mediatype=tvshow, dbid=$INFO[ListItem.DBID])</onclick>
                <onclick condition="String.IsEqual(ListItem.DBType,movie)">XBMC.RunScript(script.artwork.beef, mode=auto, mediatype=movie, dbid=$INFO[ListItem.DBID])</onclick>
                <onclick condition="String.IsEqual(ListItem.DBType,musicvideo)">XBMC.RunScript(script.artwork.beef, mode=auto, mediatype=musicvideo, dbid=$INFO[ListItem.DBID])</onclick>				
			</control>			
		</control>

<!-- The use of two different cast panels, depending on whether ExtendedInfo is enabled in the skin has been adapted from MikeSiLVO's code.
     Many thanks to him -->
		
        <control type="group">
			<posx>700</posx>
			<posy>640</posy>
			<width>1180</width>
			<height>410</height>
			<onup>9000</onup>
            <ondown>noop</ondown>
            <visible>!Control.HasFocus(10)</visible>
			<include condition="!Skin.hasSetting(Enable.ExtendedInfo)">DefaultCast</include>
			<include condition="Skin.hasSetting(Enable.ExtendedInfo)">CustomCast</include>
        </control>
        
		<control type="group">
			<visible>Control.HasFocus(10)</visible>
			<include>VisibleFadeEffectDelay</include>
			<posx>700</posx>
			<posy>640</posy>
			<control type="image" description="Current poster">
				<include>VisibleFadeEffectDelay</include>
				<posx>10</posx>
				<width>330</width>
				<height>340</height>
				<texture>$VAR[Poster]</texture>
				<aspectratio>keep</aspectratio>
			</control>
			<control type="label" description="Poster Label">
				<posy>350</posy>
				<width>350</width>
				<height>40</height>
				<align>center</align>
				<label>$LOCALIZE[20021]</label>
			</control>
			<control type="image" description="Current fanart">
				<include>VisibleFadeEffectDelay</include>
				<posx>360</posx>
				<width>330</width>
				<height>340</height>
				<texture>$INFO[ListItem.Art(fanart)]</texture>
				<aspectratio>keep</aspectratio>
			</control>
			<control type="label" description="Path Label">
				<posx>350</posx>
				<posy>350</posy>
				<width>350</width>
				<height>40</height>
				<align>center</align>
				<label>$LOCALIZE[20445]</label>
			</control>
			<control type="image" description="Current thumb">
				<include>VisibleFadeEffectDelay</include>
				<posx>710</posx>
				<width>330</width>
				<height>340</height>
				<texture>$INFO[ListItem.Art(thumb)]</texture>
				<aspectratio>keep</aspectratio>
			</control>
			<control type="label" description="Path Label">
				<posx>700</posx>
				<posy>350</posy>
				<width>350</width>
				<height>40</height>
				<align>center</align>
				<label>$LOCALIZE[21371]</label>
			</control>
		</control>
	</controls>
</window>
