<?xml version="1.0" encoding="UTF-8"?>
<includes>
	<include name="View_54_LowList">
		<control type="group">
			<include content="BackgroundOverlay">
				<param name="overlayheight" value="517"/>
				<param name="overlaytop" value="563"/>
				<param name="parentid" value="54"/>
			</include>
			<visible>Control.IsVisible(54)</visible>
			<include>ContentFade</include>

			<control type="list" id="54">
                <viewtype label="$LOCALIZE[31962]">Low List</viewtype>
				<visible>!Skin.HasSetting(hide.lowlistview)</visible>
				<posx>710</posx>
				<posy>705</posy>
				<width>1210</width>
				<height>359</height>
				<pagecontrol>64</pagecontrol>				
				<onleft>9000</onleft>
				<onright>64</onright>
				<onup>54</onup>
				<ondown>54</ondown>
				<preloaditems>4</preloaditems>
				<include content="List_Layout">
				    <param name="id">54</param>
				</include>
			</control>
			<control type="scrollbar" id="64">
				<animation effect="slide" start="0,0" end="-8,0" time="150">Focus</animation>
				<animation effect="slide" start="-8,0" end="0,0" time="300">UnFocus</animation>
				<posx>20r</posx>
				<posy>600</posy>
				<height>450</height>
				<width>36</width>
				<texturesliderbackground></texturesliderbackground>
				<texturesliderbar></texturesliderbar>
				<texturesliderbarfocus></texturesliderbarfocus>
				<textureslidernib border="18">OSD/ScrollbarNibNF.png</textureslidernib>
				<textureslidernibfocus border="18">OSD/ScrollbarNibFO.png</textureslidernibfocus>
				<showonepage>false</showonepage>
				<orientation>vertical</orientation>
				<onleft>54</onleft>
				<onright>9000</onright>
			</control>
			
			<include content="PanelTemplate">
				<param name="lowpanel">true</param>
				<param name="top">610</param>
				<param name="left">355</param>
				<param name="height">250</param>
				<param name="width">850</param>
				<param name="heading">$VAR[panelheading]</param>
				<param name="subheading">$VAR[panelsubheading]</param>
				<param name="plot">$VAR[Plots]</param>
				<param name="footer">$VAR[panelfooter]</param>
				<param name="visibility">Container.content(addons) | Container.Content(episodes) | Container.Content(movies) | Container.Content(musicvideos) | Container.Content(images) | Container.Content(games)</param>
			</include>
            
			<include content="PanelTemplate">
                <param name="lowpanel">true</param>
				<param name="top">610</param>
				<param name="left">355</param>
				<param name="height">190</param>
				<param name="width">850</param>
				<param name="heading">$VAR[panelheading]</param>
				<param name="subheading">$VAR[panelsubheading]</param>
                <param name="subheading2">$VAR[panelsubheading2]</param>
                <param name="subheading2_visible">!String.IsEmpty(Window(Home).Property(NextAired.NextDate))</param>
				<param name="plot">$VAR[Plots]</param>
				<param name="footer">$VAR[panelfooter]</param>
				<param name="visibility">Container.content(seasons) | Container.Content(tvshows)</param>
			</include>            
			<include content="PanelTemplate">
				<param name="lowpanel">true</param>
				<param name="top">610</param>
				<param name="left">355</param>
				<param name="height">270</param>
				<param name="width">850</param>
				<param name="heading">$VAR[panelheading]</param>
				<param name="subheading">$VAR[panelsubheading]</param>
				<param name="footer">$VAR[panelfooter]</param>
				<param name="showfooter">false</param>
				<param name="visibility">Container.Content(sets)</param>
			</include>
			<include content="PanelTemplate">
				<param name="lowpanel">true</param>
				<param name="top">610</param>
				<param name="left">355</param>
				<param name="height">270</param>
				<param name="width">850</param>
				<param name="heading">$VAR[panelheading]</param>
				<param name="subheading">$VAR[panelsubheading]</param>
				<param name="plot">$VAR[Plots]</param>
				<param name="subcontent_label">$INFO[ListItem.Label]$INFO[ListItem.Year,  (,)]</param>
				<param name="subcontent_path">$INFO[ListItem.FolderPath]</param>
				<param name="subcontent_visible">String.IsEmpty(ListItem.Property(Artist_Description))</param>
				<param name="subcontent_image_visible">false</param>
				<param name="showfooter">false</param>
				<param name="footer">$VAR[panelfooter]</param>
				<param name="visibility">Container.Content(artists)</param>
			</include>
			<include content="PanelTemplate">
				<param name="lowpanel">true</param>
				<param name="top">610</param>
				<param name="left">355</param>
				<param name="height">250</param>
				<param name="width">850</param>
				<param name="heading">$VAR[panelheading]</param>
				<param name="subheading">$VAR[panelsubheading]</param>
				<param name="plot">$VAR[Plots]</param>
				<param name="subcontent_label">$INFO[ListItem.TrackNumber,,. ]$INFO[ListItem.Label]$INFO[ListItem.Duration,  (,)]</param>
				<param name="subcontent_path">$INFO[ListItem.FolderPath]</param>
				<param name="subcontent_sortby" value="track" />
				<param name="subcontent_sortorder" value="ascending" />
				<param name="subcontent_visible">String.IsEmpty(ListItem.Property(Album_Description))</param>
				<param name="subcontent_image_visible">false</param>
				<param name="footer">$VAR[panelfooter]</param>
				<param name="visibility">Container.Content(albums)</param>
			</include>
			<control type="group" description="50 MediaInfo">
				<posx>30</posx>
				<posy>600</posy>
				<width>295</width>
				<control type="label">
					<height>45</height>
					<align>center</align>
					<label>$VAR[listmediaheader]</label>
					<textcolor>Highlight</textcolor>
				</control>
				<include content="ShadowedImage">
					<param name="width">295</param>
					<param name="height">450</param>
					<param name="texture">$VAR[ThumbType]</param>
				</include>
				<control type="label">
					<top>400</top>
					<height>45</height>
					<align>center</align>
					<label>$VAR[listmediafooter]</label>
					<textcolor>Highlight</textcolor>
				</control>
			</control>
		</control>
	</include>
</includes>
