<?xml version="1.0" encoding="UTF-8"?>
<includes>
	<include name="View_51_Panel">
		<include content="BackgroundOverlay">
			<param name="parentid" value="51"/>
			<param name="overlaytop" value="300"/>
			<param name="overlayheight" value="1620"/>
		</include>
		<control type="group" description="Content">
			<visible>Control.IsVisible(51)</visible>
			<include>ContentFade</include>

			<control type="panel" id="51" description="Grid">
				<viewtype label="$LOCALIZE[31963]">info</viewtype>
				<posx>960</posx>
				<posy>351</posy>
				<width>930</width>
				<height>700</height>
				<orientation>vertical</orientation>
				<onleft>9000</onleft>
				<onright>61</onright>
				<onup>51</onup>
				<ondown>51</ondown>
				<preloaditems>12</preloaditems>
				<pagecontrol>61</pagecontrol>
				<scrolltime>400</scrolltime>
				<visible>!Skin.HasSetting(hide.panelview)</visible>

				<include content="BannerLayout">
					<param name="viewid">51</param>
				</include>

				<include content="PosterLayout">
					<param name="viewid">51</param>
				</include>

				<include content="EpisodeLayout">
					<param name="viewid">51</param>
				</include>

				<include content="MusicLayout">
					<param name="viewid">51</param>
				</include>

				<include content="ImageLayout">
					<param name="viewid">51</param>
				</include>

				<include content="AddonLayout">
					<param name="viewid">51</param>
				</include>

				<include content="GenericLayout">
					<param name="viewid">51</param>
				</include>
			</control>

			<include content="PanelTemplate">
				<param name="top">345</param>
				<param name="height">415</param>
				<param name="heading">$VAR[panelheading]</param>
				<param name="subheading">$VAR[panelsubheading]</param>
				<param name="plot">$VAR[Plots]</param>
				<param name="footer">$VAR[panelfooter]</param>
				<param name="visibility">![Container.Content(artists) | Container.Content(albums) | Container.Content(images) | Container.Content(sets) | Container.Content(tvshows) | Container.Content(seasons)]</param>
			</include>
			<include content="PanelTemplate">
				<param name="top">345</param>
				<param name="height">385</param>
				<param name="heading">$VAR[panelheading]</param>
				<param name="subheading">$VAR[panelsubheading]</param>
                <param name="subheading2">$VAR[panelsubheading2]</param>
                <param name="subheading2_visible">!String.IsEmpty(Window(Home).Property(NextAired.NextDate))</param>                
				<param name="plot">$VAR[Plots]</param>
				<param name="footer">$VAR[panelfooter]</param>
				<param name="visibility">[Container.Content(tvshows) | Container.Content(seasons)]</param>
			</include>            
			<include content="PanelTemplate">
				<param name="top">345</param>
				<param name="height">415</param>
				<param name="heading">$VAR[panelheading]</param>
				<param name="subheading">$VAR[panelsubheading]</param>
				<param name="footer">$VAR[panelfooter]</param>
				<param name="visibility">Container.Content(sets)</param>
			</include>
			<include content="PanelTemplate">
				<param name="top">345</param>
				<param name="height">545</param>
				<param name="heading">$VAR[panelheading]</param>
				<param name="subheading">$VAR[panelsubheading]</param>
				<param name="plot">$VAR[Plots]</param>
				<param name="footer"></param>
				<param name="visibility">Container.Content(images)</param>
			</include>
			<include content="PanelTemplate">
				<param name="top">345</param>
				<param name="height">415</param>
				<param name="heading">$VAR[panelheading]</param>
				<param name="subheading">$VAR[panelsubheading]</param>
				<param name="plot">$VAR[Plots]</param>
				<param name="subcontent_label">$INFO[ListItem.Label]$INFO[ListItem.Year,  (,)]</param>
				<param name="subcontent_path">$INFO[ListItem.FolderPath]</param>
				<param name="subcontent_visible">String.IsEmpty(ListItem.Property(Artist_Description))</param>
				<param name="subcontent_image_visible">false</param>
				<param name="footer">$VAR[panelfooter]</param>
				<param name="visibility">Container.Content(artists)</param>
			</include>
			<include content="PanelTemplate">
				<param name="top">345</param>
				<param name="height">415</param>
				<param name="heading">$VAR[panelheading]</param>
				<param name="subheading">$VAR[panelsubheading]</param>
				<param name="plot">$VAR[Plots]</param>
				<param name="subcontent_label">$INFO[ListItem.Label]$INFO[ListItem.Duration, • (,)]</param>
				<param name="subcontent_path">$INFO[ListItem.FolderPath]</param>
				<param name="subcontent_visible">String.IsEmpty(ListItem.Property(Album_Description))</param>
				<param name="subcontent_image_visible">false</param>
				<param name="footer">$VAR[panelfooter]</param>
				<param name="visibility">Container.Content(albums)</param>
			</include>

			<control type="scrollbar" id="61">
				<animation effect="slide" start="0,0" end="-8,0" time="150">Focus</animation>
				<animation effect="slide" start="-8,0" end="0,0" time="300">UnFocus</animation>
				<posx>20r</posx>
				<posy>351</posy>
				<width>36</width>
				<height>700</height>
				<texturesliderbackground></texturesliderbackground>
				<texturesliderbar></texturesliderbar>
				<texturesliderbarfocus></texturesliderbarfocus>
				<textureslidernib border="18">OSD/ScrollbarNibNF.png</textureslidernib>
				<textureslidernibfocus border="18">OSD/ScrollbarNibFO.png</textureslidernibfocus>
				<showonepage>false</showonepage>
				<orientation>vertical</orientation>
				<onleft>51</onleft>
				<onright>9000</onright>
			</control>
            
            
		</control>
	</include>
</includes>
