<?xml version="1.0" encoding="UTF-8"?>
<window>
	<defaultcontrol always="true">9000</defaultcontrol>
	<animation effect="fade" time="200">WindowOpen</animation>
	<animation effect="fade" time="150">WindowClose</animation>
	<controls>
		<control type="image">
			<width>1920</width>
			<height>1080</height>
			<texture>img/BlackDot.png</texture>
			<aspectratio>scale</aspectratio>
		</control>
		<control type="image">
			<width>1920</width>
			<height>1080</height>
			<texture background="true">$VAR[MusicInfoBackground]</texture>
			<aspectratio>scale</aspectratio>
		</control>
		<include content="BackgroundOverlay">
			<param name="parentid" value="9000"/>
		</include>
		<include content="ShadowedImage">
			<param name="top">24</param>
			<param name="left">24</param>
			<param name="width">619</param>
			<param name="height">960</param>
			<param name="shadowoffset">16</param>
		</include>
		<control type="group" description="Media Info">
			<control type="group" description="top">
				<posx>700</posx>
				<posy>60</posy>
				<control type="label" description="Main Label">
					<posy>-45</posy>
					<width>1180</width>
					<height>60</height>
					<font>InfoTitle</font>
					<textcolor>Highlight</textcolor>
					<align>left</align>
					<label>$VAR[MusicInfoHeader]</label>
				</control>
				<control type="image" description="Line Split">
					<posy>23</posy>
					<width>1180</width>
					<height>1</height>
					<texture>img/LineL.png</texture>
					<aspectratio>stretch</aspectratio>
				</control>
				<control type="textbox" description="Plot">
					<include>VisibleFadeEffectDelay</include>
					<posy>35</posy>
					<width>610</width>
					<height>420</height>
					<align>justify</align>
					<font>InfoPlot</font>
					<label>$VAR[Plots]</label>
				</control>
				<control type="panel" id="9009">
					<include>VisibleFadeEffectDelay</include>
					<include>List_9009_Commons</include>
					<content>
						<item>
							<label>$LOCALIZE[557]:</label>
							<label2>$INFO[ListItem.Artist]</label2>
							<onclick>noop</onclick>
							<visible>!String.IsEmpty(ListItem.Artist) + !Container.Content(artists)</visible>
						</item>
						<item>
							<label>$LOCALIZE[558]:</label>
							<label2>$INFO[ListItem.Album]</label2>
							<onclick>noop</onclick>
							<visible>!String.IsEmpty(ListItem.Album)</visible>
						</item>
						<item>
							<label>$LOCALIZE[562]:</label>
							<label2>$INFO[ListItem.Year]</label2>
							<onclick>noop</onclick>
							<visible>!String.IsEmpty(ListItem.Year)</visible>
						</item>
						<item>
							<label>$LOCALIZE[38018]:</label>
							<label2>$INFO[ListItem.UserRating]</label2>
							<onclick>noop</onclick>
							<visible>!String.IsEmpty(ListItem.UserRating)</visible>
						</item>
						<item>
							<label>$LOCALIZE[563]:</label>
							<label2>$INFO[ListItem.RatingAndVotes]</label2>
							<onclick>noop</onclick>
							<visible>!String.IsEmpty(ListItem.RatingAndVotes)</visible>
						</item>
						<item>
							<label>$LOCALIZE[175]:</label>
							<label2>$INFO[ListItem.Property(Album_Mood)]</label2>
							<onclick>noop</onclick>
							<visible>!String.IsEmpty(ListItem.Property(Album_Mood))</visible>
						</item>
						<item>
							<label>$LOCALIZE[176]:</label>
							<label2>$INFO[ListItem.Property(Album_Style)]</label2>
							<onclick>noop</onclick>
							<visible>!String.IsEmpty(ListItem.Property(Album_Style))</visible>
						</item>
						<item>
							<label>$LOCALIZE[21895]:</label>
							<label2>$INFO[ListItem.Property(Album_Theme)]</label2>
							<onclick>noop</onclick>
							<visible>!String.IsEmpty(ListItem.Property(Album_Theme))</visible>
						</item>
						<item>
							<label>$LOCALIZE[146]:</label>
							<label2>$INFO[ListItem.Property(Album_Type)]</label2>
							<onclick>noop</onclick>
							<visible>!String.IsEmpty(ListItem.Property(Album_Type))</visible>
						</item>
						<item>
							<label>$LOCALIZE[21899]:</label>
							<label2>$INFO[ListItem.Property(Album_Label)]</label2>
							<onclick>noop</onclick>
							<visible>!String.IsEmpty(ListItem.Property(Album_Label))</visible>
						</item>
						<item>
							<label>$LOCALIZE[21893]:</label>
							<label2>$INFO[ListItem.Property(Artist_Born)]</label2>
							<onclick>noop</onclick>
							<visible>!String.IsEmpty(ListItem.Property(Artist_Born))</visible>
						</item>
						<item>
							<label>$LOCALIZE[21894]:</label>
							<label2>$INFO[ListItem.Property(Artist_Formed)]</label2>
							<onclick>noop</onclick>
							<visible>!String.IsEmpty(ListItem.Property(Artist_Formed))</visible>
						</item>
						<item>
							<label>$LOCALIZE[515]:</label>
							<label2>$INFO[ListItem.Genre]</label2>
							<onclick>noop</onclick>
							<visible>!String.IsEmpty(ListItem.Genre)</visible>
						</item>
						<item>
							<label>$LOCALIZE[175]:</label>
							<label2>$INFO[ListItem.Property(Artist_Mood)]</label2>
							<onclick>noop</onclick>
							<visible>!String.IsEmpty(ListItem.Property(Artist_Mood))</visible>
						</item>
						<item>
							<label>$LOCALIZE[176]:</label>
							<label2>$INFO[ListItem.Property(Artist_Style)]</label2>
							<onclick>noop</onclick>
							<visible>!String.IsEmpty(ListItem.Property(Artist_Style))</visible>
						</item>
						<item>
							<label>$LOCALIZE[21892]:</label>
							<label2>$INFO[ListItem.Property(Artist_Instrument)]</label2>
							<onclick>noop</onclick>
							<visible>!String.IsEmpty(ListItem.Property(Artist_Instrument))</visible>
						</item>
						<item>
							<label>$LOCALIZE[21897]:</label>
							<label2>$INFO[ListItem.Property(Artist_Died)]</label2>
							<onclick>noop</onclick>
							<visible>!String.IsEmpty(ListItem.Property(Artist_Died))</visible>
						</item>
						<item>
							<label>$LOCALIZE[21896]:</label>
							<label2>$INFO[ListItem.Property(Artist_Disbanded)]</label2>
							<onclick>noop</onclick>
							<visible>!String.IsEmpty(ListItem.Property(Artist_Disbanded))</visible>
						</item>
						<item>
							<label>$LOCALIZE[21898]:</label>
							<label2>$INFO[ListItem.Property(Artist_YearsActive)]</label2>
							<onclick>noop</onclick>
							<visible>!String.IsEmpty(ListItem.Property(Artist_YearsActive))</visible>
						</item>
						<item>
							<label>$LOCALIZE[562]:</label>
							<label2>$INFO[ListItem.Property(ListItem.Year)]</label2>
							<onclick>noop</onclick>
							<visible>!String.IsEmpty(ListItem.Property(ListItem.Year))</visible>
						</item>
						<item>
							<label>$LOCALIZE[554]:</label>
							<label2>$INFO[ListItem.Property(ListItem.TrackNumber)]</label2>
							<onclick>noop</onclick>
							<visible>!String.IsEmpty(ListItem.Property(ListItem.TrackNumber))</visible>
						</item>
						<item>
							<label>$LOCALIZE[573]:</label>
							<label2>$INFO[ListItem.Path]</label2>
							<onclick>noop</onclick>
							<visible>!String.IsEmpty(ListItem.Path)</visible>
						</item>
					</content>
				</control>
			</control>
		</control>
		<control type="grouplist" id="9000">
			<left>700</left>
			<posy>530</posy>
			<width>1180</width>
			<height>90</height>
			<align>center</align>
			<onup>9009</onup>
			<ondown>50</ondown>
			<orientation>horizontal</orientation>
			<itemgap>16</itemgap>
			<control type="button" id="7" description="Rating">
				<height>90</height>
				<width min="220">auto</width>
				<font>Details</font>
				<align>center</align>
				<label>$LOCALIZE[31033]</label>
				<visible>String.IsEqual(ListItem.DBType,album) | String.IsEqual(ListItem.DBType,song)</visible>
			</control>
			<control type="button" id="6" description="Rwfresh">
				<height>90</height>
				<width min="220">auto</width>
				<ondown>50</ondown>
				<align>center</align>
				<font>Details</font>
				<label>$LOCALIZE[184]</label>
			</control>
			<control type="button" id="10" description="Get Thumb">
				<height>90</height>
				<width min="220">auto</width>
				<ondown>50</ondown>
				<align>center</align>
				<font>Details</font>
				<label>$LOCALIZE[13405]</label>
			</control>
			<control type="button" id="12" description="Get Fanart">
				<height>90</height>
				<width min="220">auto</width>
				<align>center</align>
				<font>Details</font>
				<label>$LOCALIZE[20413]</label>
			</control>
			<control type="button" id="297" description="AB: Choose Art">
				<height>90</height>
				<width min="220">auto</width>
				<align>center</align>
				<font>Details</font>
				<label>$LOCALIZE[32005]</label>
				<visible>[String.IsEqual(ListItem.DBType,artist) | String.IsEqual(ListItem.DBType,album) | String.IsEqual(ListItem.DBType,song)] + system.hasaddon(script.artwork.beef)</visible>
				<onclick condition="String.IsEqual(ListItem.DBType,artist)">XBMC.RunScript(script.artwork.beef, mode=gui, mediatype=artist, dbid=$INFO[ListItem.DBID])</onclick>
				<onclick condition="String.IsEqual(ListItem.DBType,album)">XBMC.RunScript(script.artwork.beef, mode=gui, mediatype=album, dbid=$INFO[ListItem.DBID])</onclick>
				<onclick condition="String.IsEqual(ListItem.DBType,song)">XBMC.RunScript(script.artwork.beef, mode=gui, mediatype=song, dbid=$INFO[ListItem.DBID])</onclick>
			</control>
			<control type="button" id="298" description="AB: All Art">
				<height>90</height>
				<width min="220">auto</width>
				<align>center</align>
				<font>Details</font>
				<label>$LOCALIZE[32006]</label>
				<visible>[String.IsEqual(ListItem.DBType,artist) | String.IsEqual(ListItem.DBType,album) | String.IsEqual(ListItem.DBType,song)] + system.hasaddon(script.artwork.beef)</visible>
				<onclick condition="String.IsEqual(ListItem.DBType,artist)">XBMC.RunScript(script.artwork.beef, mode=auto, mediatype=artist, dbid=$INFO[ListItem.DBID])</onclick>
				<onclick condition="String.IsEqual(ListItem.DBType,album)">XBMC.RunScript(script.artwork.beef, mode=auto, mediatype=album, dbid=$INFO[ListItem.DBID])</onclick>
				<onclick condition="String.IsEqual(ListItem.DBType,song)">XBMC.RunScript(script.artwork.beef, mode=auto, mediatype=song, dbid=$INFO[ListItem.DBID])</onclick>				
			</control>			
		</control>
		<control type="panel" id="50">
			<include>VisibleFadeEffectDelay</include>
			<posx>700</posx>
			<posy>640</posy>
			<width>1180</width>
			<height>410</height>
			<onleft>50</onleft>
			<onright>50</onright>
			<onup>9000</onup>
			<ondown>9000</ondown>
			<scrolltime>200</scrolltime>
			<orientation>horizontal</orientation>
			<itemlayout height="62" width="590" condition="Container.Content(albums)">
				<control type="label">
					<font>Details</font>
					<align>left</align>
					<aligny>center</aligny>
					<textcolor>Grey2</textcolor>
					<label>$INFO[ListItem.TrackNumber,,. ]$INFO[ListItem.Title]$INFO[ListItem.Duration, • (,)]</label>
					<textoffsetx>8</textoffsetx>
					<scroll>false</scroll>
				</control>
			</itemlayout>
			<focusedlayout height="62" width="590" condition="Container.Content(albums)">
				<control type="image">
					<texture colordiffuse="Highlight">img/WhiteRoundedST2.png</texture>
				</control>
				<control type="label">
					<font>Details</font>
					<align>left</align>
					<aligny>center</aligny>
					<textcolor>Black</textcolor>
					<shadowcolor></shadowcolor>
					<textoffsetx>8</textoffsetx>
					<label>$INFO[ListItem.TrackNumber,,. ]$INFO[ListItem.Title]$INFO[ListItem.Duration, • (,)]</label>
				</control>
			</focusedlayout>
			<itemlayout height="62" width="590" condition="Container.Content(songs)">
				<control type="label">
					<font>Details</font>
					<align>left</align>
					<aligny>center</aligny>
					<textcolor>Grey2</textcolor>
					<label>$INFO[ListItem.Label,,: ]$INFO[ListItem.Label2]</label>
					<textoffsetx>8</textoffsetx>
					<scroll>false</scroll>
				</control>
			</itemlayout>
			<focusedlayout height="62" width="590" condition="Container.Content(songs)">
				<control type="image">
					<texture colordiffuse="Highlight">img/WhiteRoundedST2.png</texture>
				</control>
				<control type="label">
					<font>Details</font>
					<align>left</align>
					<aligny>center</aligny>
					<textcolor>Black</textcolor>
					<shadowcolor></shadowcolor>
					<textoffsetx>8</textoffsetx>
					<label>$INFO[ListItem.Label,,. ]$INFO[ListItem.Label2]</label>
				</control>
			</focusedlayout>
			<include content="Info_Albums">
				<param name="viewid">50</param>
			</include>
		</control>
	</controls>
</window>
