<?xml version="1.0" encoding="UTF-8"?>
<includes>

	<include name="52_layout">
		<param name="left">155</param>
		<param name="width">1650</param>
		<param name="imgalign">center</param>
		<param name="imgwidth">233</param>
		<param name="image">$VAR[Poster]</param>
		<param name="isfocused">false</param>
		<definition>
			<control type="image">
				<visible>$PARAM[isfocused]</visible>
				<width>1860</width>
				<height>192</height>
				<texture border="4" colordiffuse="Highlight">img/WhiteRoundedST2.png</texture>
				<animation effect="fade" start="100" end="50" time="100" condition="!Control.HasFocus(52)">Conditional</animation>
			</control>
			<control type="image">
				<visible>!$PARAM[isfocused]</visible>
				<height>192</height>
				<width>1860</width>
				<texture flipy="true" border="3">list/ListNF.png</texture>
			</control>
			<include content="ShadowedImage">
				<param name="top">12</param>
				<param name="left">12</param>
				<param name="width">$PARAM[imgwidth]</param>
				<param name="height">160</param>
				<param name="shadowoffset">4</param>
				<param name="texture">$PARAM[image]</param>
				<param name="align">$PARAM[imgalign]</param>
			</include>
           <control type="label">
		        <visible>$PARAM[isfocused]</visible>
		        <posx>$PARAM[left]</posx>
		        <posy>10</posy>
		        <height>40</height>
		        <width>$PARAM[width]</width>
		        <font>font24_title</font>
		        <textcolor>Black</textcolor>
		        <shadowcolor></shadowcolor>
		        <scroll>false</scroll>
		        <aligny>center</aligny>
		        <label>$VAR[panelheading]</label>
	        </control>
	        <control type="label">
		        <visible>!$PARAM[isfocused]</visible>
		        <posx>$PARAM[left]</posx>
		        <posy>10</posy>
		        <height>40</height>
		        <width>$PARAM[width]</width>
		        <font>font24_title</font>
		        <scroll>false</scroll>
		        <aligny>center</aligny>
		        <label>$VAR[panelheading]</label>
	        </control>
	        <control type="label">
		        <visible>!$PARAM[isfocused]</visible>
		        <posx>$PARAM[left]</posx>
		        <posy>10</posy>
		        <height>40</height>
		        <width>$PARAM[width]</width>
		        <font>font24_title</font>
		        <aligny>center</aligny>
		        <align>right</align>
		        <label>$VAR[panelsubheading]</label>
	        </control>
	        <control type="label">
		        <visible>$PARAM[isfocused]</visible>
		        <posx>$PARAM[left]</posx>
		        <posy>10</posy>
		        <height>40</height>
		        <width>$PARAM[width]</width>
		        <font>font24_title</font>
		        <aligny>center</aligny>
		        <align>right</align>
		        <textcolor>Black</textcolor>
		        <shadowcolor></shadowcolor>
		        <label>$VAR[panelsubheading]</label>
	        </control>
            <control type="group" description="Left Flags">
       			<visible>!$PARAM[isfocused]</visible>
	    		<posx>$PARAM[left]</posx>
			    <posy>53</posy>
			    <width>$PARAM[width]</width>
			    <include content="MediaFlagItems">
    				<param name="showvideobadge">false</param>
				    <param name="showaudiobadge">false</param>
				    <param name="showratingbadge">[String.IsEqual(ListItem.DBType,album) | String.IsEqual(ListItem.DBType,artist) | String.IsEqual(ListItem.DBType,song) | String.IsEqual(ListItem.DBType,musicvideo) | String.IsEqual(ListItem.DBType,episode) | String.IsEqual(ListItem.DBType,tvshow) | String.IsEqual(ListItem.DBType,movie)]</param>
				    <param name="diffuse">Silver</param>
			    </include>
		    </control>
		    <control type="group" description="Left Flags">
    			<visible>$PARAM[isfocused]</visible>
			    <posx>$PARAM[left]</posx>
			    <posy>53</posy>
			    <width>$PARAM[width]</width>
			    <height>90</height>
		        <include content="MediaFlagItems">
        			<param name="showvideobadge">false</param>
			        <param name="showaudiobadge">false</param>
			        <param name="showratingbadge">[String.IsEqual(ListItem.DBType,album) | String.IsEqual(ListItem.DBType,artist) | String.IsEqual(ListItem.DBType,song) | String.IsEqual(ListItem.DBType,musicvideo) | String.IsEqual(ListItem.DBType,episode) | String.IsEqual(ListItem.DBType,tvshow) | String.IsEqual(ListItem.DBType,movie)]</param>
			        <param name="diffuse">Black</param>
		        </include>
		    </control>	
		    <control type="textbox">
        		<visible>$PARAM[isfocused]</visible>
		        <posx>$PARAM[left]</posx>
		        <posy>97</posy>
		        <height>82</height>
		        <width>$PARAM[width]</width>
		        <font>Details</font>
		        <aligny>center</aligny>
		        <textcolor>Black</textcolor>
		        <shadowcolor></shadowcolor>
		        <label>$VAR[Plots]</label>
		    </control>
		    <control type="textbox">
        		<visible>!$PARAM[isfocused]</visible>
		        <posx>$PARAM[left]</posx>
		        <posy>97</posy>
		        <height>82</height>
		        <width>$PARAM[width]</width>
		        <font>Details</font>
		        <aligny>center</aligny>
		        <autoscroll>false</autoscroll>
		        <label>$VAR[Plots]</label>
		        <textcolor>Grey2</textcolor>
		    </control>
		    <control type="group">
    			<visible>[Container.Content(Movies) | Container.Content(Episodes) | Container.Content(tvshows) | Container.Content(seasons)]</visible>
			    <control type="image">
    				<posx>54r</posx>
				    <posy>0</posy>
				    <width>30</width>
				    <height>192</height>
				    <texture>$VAR[Overlay]</texture>
				    <aspectratio aligny="center">keep</aspectratio>
			    </control>
		    </control>
		</definition>
	</include>
	
	<include name="View_52_BigList">
		<include content="BackgroundOverlay">
			<param name="parentid" value="52"/>
		</include>
		<control type="group" description="Large Infolist2">
			<visible>Control.IsVisible(52)</visible>
			<include>ContentFade</include>
			<control type="list" id="52">
				<viewtype label="$LOCALIZE[31999]">biglist</viewtype>
				<posx>30</posx>
				<posy>60</posy>
				<width>1860</width>
				<height>960</height>
				<pagecontrol>62</pagecontrol>
				<onleft>9000</onleft>
				<onright>62</onright>
				<onup>52</onup>
				<ondown>52</ondown>
				<preloaditems>4</preloaditems>
				<visible>!Skin.HasSetting(hide.biglistview)</visible>
				<itemlayout height="192" width="1860" condition="Container.Content() | Container.Content(files) | Container.Content(playlists) | Container.Content(Tags) | Container.Content(Actors) | Container.Content(Directors) | Container.Content(Years) | Container.Content(Countries) | Container.Content(roles) | [Container.Content(genres) + Window.IsActive(MyVideoNav.xml) + String.IsEmpty(skin.string(moviegenreiconsResource.path))] | [Container.Content(genres) + Window.IsActive(MyMusicNav.xml) + String.IsEmpty(skin.string(musicgenreiconsResource.path))] | [Container.Content(studios) + String.IsEmpty(skin.string(studiosResource.path))]">
					<include content="52_layout">
						<param name="left">16</param>
						<param name="width">1700</param>
						<param name="imgwidth">0</param>
						<param name="image"></param>
						<param name="isfocused">false</param>
					</include>
				</itemlayout>
				<focusedlayout height="192" width="1860" condition="Container.Content() | Container.Content(files) | Container.Content(playlists) | Container.Content(Tags) | Container.Content(Actors) | Container.Content(Directors) | Container.Content(Years) | Container.Content(Countries) | Container.Content(roles) | [Container.Content(genres) + Window.IsActive(MyVideoNav.xml) + String.IsEmpty(skin.string(moviegenreiconsResource.path))] | [Container.Content(genres) + Window.IsActive(MyMusicNav.xml) + String.IsEmpty(skin.string(musicgenreiconsResource.path))] | [Container.Content(studios) + String.IsEmpty(skin.string(studiosResource.path))]">
					<include content="52_layout">
						<param name="left">16</param>
						<param name="width">1700</param>
						<param name="imgwidth">0</param>
						<param name="image"></param>
						<param name="isfocused">true</param>
					</include>
				</focusedlayout>
				<itemlayout height="192" width="1860" condition="Container.Content(movies) | Container.Content(tvshows) | Container.Content(seasons) | Container.Content(sets)">
					<include content="52_layout">
						<param name="left">145</param>
						<param name="width">1640</param>
						<param name="imgwidth">109</param>
						<param name="isfocused">false</param>
					</include>
				</itemlayout>
				<focusedlayout height="192" width="1860" condition="Container.Content(movies) | Container.Content(tvshows) | Container.Content(seasons) | Container.Content(sets)">
					<include content="52_layout">
						<param name="left">145</param>
						<param name="width">1640</param>
						<param name="imgwidth">109</param>
						<param name="isfocused">true</param>
					</include>
				</focusedlayout>
				<itemlayout height="192" width="1860" condition="Container.Content(episodes)">
					<include content="52_layout">
						<param name="left">260</param>
						<param name="width">1505</param>
						<param name="imgwidth">232</param>
						<param name="image">$VAR[Episode]</param>
						<param name="isfocused">false</param>
					</include>
				</itemlayout>
				<focusedlayout height="192" width="1860" condition="Container.Content(episodes)">
					<include content="52_layout">
						<param name="left">260</param>
						<param name="width">1505</param>
						<param name="imgwidth">232</param>
						<param name="image">$VAR[Episode]</param>
						<param name="isfocused">true</param>
					</include>
				</focusedlayout>
				<itemlayout height="192" width="1860" condition="Container.Content(musicvideos) | Container.Content(artists) | Container.Content(albums) | Container.Content(songs) | Container.Content(addons)">
					<include content="52_layout">
						<param name="left">185</param>
						<param name="width">1650</param>
						<param name="imgwidth">160</param>
						<param name="isfocused">false</param>
						<param name="image">$VAR[Square]</param>
					</include>
				</itemlayout>
				<focusedlayout height="192" width="1860" condition="Container.Content(musicvideos) | Container.Content(artists) | Container.Content(albums) | Container.Content(songs) | Container.Content(addons)">
					<include content="52_layout">
						<param name="left">185</param>
						<param name="width">1650</param>
						<param name="imgwidth">160</param>
						<param name="isfocused">true</param>
						<param name="image">$VAR[Square]</param>
					</include>
				</focusedlayout>
				<itemlayout height="192" width="1860" condition="Container.Content(images)">
					<include content="52_layout">
						<param name="left">255</param>
						<param name="width">1560</param>
						<param name="imgalign">center</param>
						<param name="isfocused">false</param>
					</include>
				</itemlayout>
				<focusedlayout height="192" width="1860" condition="Container.Content(images)">
					<include content="52_layout">
						<param name="left">255</param>
						<param name="width">1560</param>
						<param name="imgalign">center</param>
						<param name="isfocused">true</param>
					</include>
				</focusedlayout>
				<itemlayout height="192" width="1860" condition="!Skin.HasSetting($PARAM[viewid]_SmallIcons) + ![container.content(episodes) | container.content(addons) | container.content(artists) | container.content(albums) | container.content(songs) | Container.Content(images) | Container.Content(musicvideos) | container.content(movies) | container.content(sets) | container.content(TVshows) | container.content(seasons)]">
					<include content="52_layout">
						<param name="left">185</param>
						<param name="width">1650</param>
						<param name="imgwidth">160</param>
						<param name="isfocused">false</param>
						<param name="image">$VAR[Square]</param>
					</include>
				</itemlayout>
				<focusedlayout height="192" width="1860" condition="!Skin.HasSetting($PARAM[viewid]_SmallIcons) + ![container.content(episodes) | container.content(addons) | container.content(artists) | container.content(albums) | container.content(songs) | Container.Content(images) | Container.Content(musicvideos) | container.content(movies) | container.content(sets) | container.content(TVshows) | container.content(seasons)]">
					<include content="52_layout">
						<param name="left">185</param>
						<param name="width">1650</param>
						<param name="imgwidth">160</param>
						<param name="image">$VAR[Square]</param>
						<param name="isfocused">true</param>
					</include>
				</focusedlayout>
			</control>

			<control type="scrollbar" id="62">
				<animation effect="slide" start="0,0" end="-8,0" time="150">Focus</animation>
				<animation effect="slide" start="-8,0" end="0,0" time="300">UnFocus</animation>
				<posx>21r</posx>
				<posy>60</posy>
				<width>36</width>
				<height>960</height>
				<texturesliderbackground></texturesliderbackground>
				<texturesliderbar></texturesliderbar>
				<texturesliderbarfocus></texturesliderbarfocus>
				<textureslidernib border="18">OSD/ScrollbarNibNF.png</textureslidernib>
				<textureslidernibfocus border="18">OSD/ScrollbarNibFO.png</textureslidernibfocus>
				<showonepage>false</showonepage>
				<orientation>vertical</orientation>
				<onleft>52</onleft>
				<onright>noop</onright>
			</control>
		</control>
	</include>
</includes>
