<?xml version="1.0" encoding="UTF-8"?>
<addon id="skin.amber" version="3.2.82" name="Amber" provider-name="Jester, Joethepartylion, Pecinko, bsoriano">
    <requires>
        <import addon="xbmc.gui" version="5.14.0"/>
        <import addon="script.favourites" version="7.1.1"/>
        <import addon="resource.uisounds.amber" version="1.0.0"/>
        <import addon="script.skin.helper.widgets" version="1.0.22"/>
        <import addon="script.skinshortcuts" version="1.0.17"/>
    </requires>
    <extension point="xbmc.gui.skin" debugging="false">
        <res width="1920" height="1080" aspect="16:9" default="true" folder="1080i" />
    </extension>
    <extension point="xbmc.addon.metadata">
        <summary lang="cs_CZ">Nic zbytečného, jenom vaše media a snadné ovládání</summary>
        <summary lang="de_DE">Keine Bloatware, nur Ihre Medien mit einer leicht zu navigierenden Oberfläche</summary>
        <summary lang="en_AU">No bloatware, just your media with an easy to navigate interface</summary>
        <summary lang="en_GB">No bloatware, just your media with an easy to navigate interface</summary>
        <summary lang="en_NZ">No bloatware, just your media with an easy to navigate interface</summary>
        <summary lang="en_US">No bloatware, just your media with an easy to navigate interface</summary>
        <summary lang="es_ES">Sin chorradas, solo su contenido con una interfaz fácil de navegar</summary>
        <summary lang="fi_FI">Ei sisällä turhia lisäominaisuuksia. Yksinkertainen käyttöliittymä mediakirjastollesi.</summary>
        <summary lang="fr_CA">Pas d’inflagiciel, juste vos médias avec une interface facile à parcourir</summary>
        <summary lang="fr_FR">Pas d'usine à gaz, juste les médias avec une interface épurée</summary>
        <summary lang="he_IL">אין כלים נוספים, רק התקשורת שלך עם ממשק קל לניווט</summary>
        <summary lang="hu_HU">Semmi pazarlás, csak a médiáid, könnyen navigálható felülettel</summary>
        <summary lang="is_IS">Alls ekki óþarfa prjál, heldur bara margmiðlunarefnið þitt með einföldu viðmóti</summary>
        <summary lang="it_IT">Skin leggera, i tuoi media con un'interfaccia semplice in cui navigare</summary>
        <summary lang="ko_KR">블로트웨어가 아닙니다. 쉬운 탐색 인터페이스를 가진 사용자의 미디어 자체입니다.</summary>
        <summary lang="lt_LT">Nieko nereikalingo, tik jūsų media įrašai ir lengvai valdoma vartotojo sąsaja</summary>
        <summary lang="ms_MY">Tiada perisian palsu, hanya media anda dengan antaramuka yang mudah dinavigasi</summary>
        <summary lang="nb_NO">Ingen tunge og unødvendige funksjoner, bare dine media og ett lettvint grensesnitt</summary>
        <summary lang="nl_NL">Geen bloatware, alleen jouw media in een makkelijk te navigeren omgeving</summary>
        <summary lang="pl_PL">Bez zbędnych funkcji, tylko Twoje media z intuicyjnym interfejsem</summary>
        <summary lang="pt_BR">Sem bloatware, apenas sua mídia com uma interface fácil de navegar</summary>
        <summary lang="sl_SI">Brez napihnjenega programja, zgolj vaši mediji z vmesnikom, enostavnim za krmarjenje.</summary>
        <summary lang="zh_CN">没有大的软件，只有你的媒体和易于浏览的界面</summary>
        <summary lang="zh_TW">只有您的影音和簡單的界面</summary>
        <description lang="ar_SA">بلا برمجيات متضخمة، فقط وسائط </description>
        <description lang="cs_CZ">Nic zbytečného, jenom vaše media a snadné ovládání[CR] Použité některé textury z projektů Mediastream a Aeon.</description>
        <description lang="de_DE">Keine Bloatware, nur Ihre Medien mit einer einfach zu navigierenden Oberfläche.[CR]Benutzt Texturen aus den Mediastream und Aeon skins.</description>
        <description lang="en_AU">No bloatware, just your media with an easy to navigate interface.[CR]Uses some textures from Mediastream and Aeon skins.</description>
        <description lang="en_GB">No bloatware, just your media with an easy to navigate interface.[CR]Uses some textures from Mediastream and Aeon skins.</description>
        <description lang="en_NZ">No bloatware, just your media with an easy to navigate interface.[CR]Uses some textures from Mediastream and Aeon skins.</description>
        <description lang="en_US">No bloatware, just your media with an easy to navigate interface.[CR]Uses some textures from Mediastream and Aeon skins.</description>
        <description lang="es_ES">Sin chorradas, sólo su contenido con una interfaz fácil de navegar.[CR]Utiliza algunas texturas de los skins Mediastream y Aeon.</description>
        <description lang="fi_FI">Ei sisällä turhia lisäominaisuuksia. Yksinkertainen käyttöliittymä mediakirjastollesi.[CR]Käyttää joitakin kuvatiedostoja Mediastream- ja Aeon-ulkoasuista.</description>
        <description lang="fr_CA">Pas d’inflagiciel, juste vos médias avec une interface facile à parcourir.[CR]Utilise des textures des habillages Mediastream et Aeon.</description>
        <description lang="fr_FR">Pas d'utilisation excessive des ressources, juste vos médias avec une interface facile à utiliser.[CR]Utilise quelques textures provenant des habillages Mediastream et Aeon.</description>
        <description lang="he_IL">מעטפת קלילה וללא רכיבים מיותרים, מאפשרת הצגת המדיה עם ממשק משתמש פשוט לניווט.[CR]משתמשת במאפייני עיצוב מסוימים מהמעטפות Mediastream ו-Aeon.</description>
        <description lang="hu_HU">Semmi pazarlás, csak a médiáid, könnyen navigálható felülettel.[CR]Néhány textúra a Mediastream és Aeon felszínből származik.</description>
        <description lang="is_IS">Alls ekki óþarfa prjál, heldur bara margmiðlunarefnið þitt með einföldu viðmóti.[CR]Notar ýmsar áferðir úr Mediastream og Aeon skinnunum.</description>
        <description lang="it_IT">Skin leggera, i tuoi media con un'interfaccia semplice in cui navigare.[CR]Usa alcuni elementi grafici delle skin Mediastream e Aeon.</description>
        <description lang="ko_KR">블로트웨어가 아닌 그냥 쉬운 탐색 인터페이스를 가진 사용자의 미디어입니다.[CR]Mediastream 과 Aeon 스킨의 텍스처를 사용하였습니다.</description>
        <description lang="lt_LT">Nieko nereikalingo, tik jūsų media įrašai ir lengvai valdoma vartotojo sąsaja. [CR] Naudoja kai kurias tekstūras iš Mediastream ir Aeon temų.</description>
        <description lang="ms_MY">Bukan perisian palsu, hanya media anda dengan antaramuka yang mudah dinavigasi.[CR]Gunakan beberapa tekstur dari kulit Mediastream dan Aeon.</description>
        <description lang="nb_NO">Ingen tunge og unødvendige funksjoner, bare dine media og ett lettvint grensesnitt.[CR]Noen teksturer er hentet fra Mediastream og Aeon -draktene.</description>
        <description lang="nl_NL">Geen bloatware. alleen jouw media met een makkelijk te navigeren interface.[CR]Gebruikt sommige texturen van de Mediastream- en Aeonontwerpen.</description>
        <description lang="pl_PL">Bez bezużytecznych funkcji, tylko Twoje media z łatwym w nawigacji interfejsem.[CR] Wykorzystuje niektóre tekstury skóry Mediastream i Aeon</description>
        <description lang="pt_BR">Sem excessos, apenas a sua mídia com uma interface fácil de navegar. [CR]Utiliza algumas texturas das skins Mediastream e Aeon.</description>
        <description lang="pt_PT">Um tema sem excessos que apenas mostra a sua média com uma interface de navegação simples.[CR]Utiliza algumas texturas dos temas Mediastream e Aeon.</description>
        <description lang="ru_RU">Никаких вирусов, только ваши медиа файлы в простом интерфейсе.[CR]Использует некоторые текстуры из тем Mediastream и Aeon.</description>
        <description lang="sl_SI">Brez nepotrebnega, le vaše medijske datoteke z enostavnim vmesnikom.[CR]Uporablja nekatere teksture iz tem Mediastream in Aeon.</description>
        <description lang="sv_SE">Inget överflödigt, bara dina media med enkelt navigeringsinterface.[CR]Använder texturer från skalen Mediastream och Aeon.</description>
        <description lang="zh_CN">没有花里胡哨的东西，只是你的媒体和易于浏览的界面。[CR]使用了一些来自 Mediastream 和 Aeon 皮肤的纹理材料.</description>
        <platform>all</platform>
        <license>GNU GENERAL PUBLIC LICENSE. Version 3, June 2007</license>
        <forum>https://forum.kodi.tv/forumdisplay.php?fid=203</forum>
        <source>https://github.com/bartolomesoriano/skin.amber</source>
        <assets>
            <icon>resources/icon.png</icon>
            <fanart>resources/fanart.jpg</fanart>
            <screenshot>resources/screenshot01.jpg</screenshot>
            <screenshot>resources/screenshot02.jpg</screenshot>
            <screenshot>resources/screenshot03.jpg</screenshot>
            <screenshot>resources/screenshot04.jpg</screenshot>
            <screenshot>resources/screenshot05.jpg</screenshot>
            <screenshot>resources/screenshot06.jpg</screenshot>
            <screenshot>resources/screenshot07.jpg</screenshot>
            <screenshot>resources/screenshot08.jpg</screenshot>
            <screenshot>resources/screenshot09.jpg</screenshot>
            <screenshot>resources/screenshot10.jpg</screenshot>
        </assets>
        <news>3.2.82 (18-05-2020)
		- Make optional settings for backgrounds and info lines
		- Fixes for fanart view
		- Show play count for songs in media views
		- More French language fixes
		3.2.80 (15-05-2020)
		- Add banners for movies in icon media views
		- Allow Embuary Helper for backgrounds for nodes
		- Fix recently played tv shows shelf for Kodi 18.6
		- Add option to limit number of fanarts used for background 
		- French language fixes
		3.2.79 (09-05-2020)
		- Improve in progress icons (thanks newbii)
		- Fixes to player process info
		3.2.77 (08-05-2020)
		- Improve icons (thanks newbii)
		- More fixes to hours and minutes display
		- Add Amber version in skin settings
		- Provide basic video info in player process info overlay
		- More fixes for German translation
		3.2.76 (07-05-2020)
		- Fix duration when show hours and minutes is set
		- Fix for German translation
		3.2.75 (07-05-2020)
		- Move EH for Playlist backgrounds to a per menu item option
		- Small fix to LibreELEC settings
		3.2.74 (06-05-2020)
		- Allow custom nodes as background and statistics line
		- Option to use Embuary Helper for playlist backgrounds
		- Allow using Kodi or Embuary Helper for home backgrounds
		- Fix in German translation
		3.2.73 (06-05-2020)
        - Skin LibreELEC settings dialogs
		3.2.67 (05-05-2020)
        - Fix recently added shelves issue
		3.2.66 (04-05-2020)
		- Remove number of movies in collection from top right overlay
		- Fix for issue with video addons triggering info
		- Fix for PVR group manager dialog
		- Fixes for in progress top right overlay
		3.2.65 (30-04-2020)
		- Use tmdb helper for blur (colorbox not maintained anymore)
		- Continue work on top right overlays (thanks newbii)
		- Fanart for genres,studios,countries,etc.
		- Misc. fixes
		3.2.64 (24-04-2020)
		- Fix overlay for episodes in list views
		- Option to disable Top 250 in media views
		- Fix collection count info in views
		3.2.63 (23-04-2020)
		- Option to use embuary helper for home backgrounds
		- More work on top right overlays (still WIP)
		- Misc. fixes
		3.2.62 (19-04-2020)
		- Add alternate layout for Big List
		- Update part of French translation (thanks Cyberdom)
		- Improve groupings when choosing items for menu/submenu in menu config.
		- Option to hide unwatched episode count for tv shows in list views
		- Misc. fixes
		3.2.61 (17-04-2020)
        - Fix LibreELEC settings bug
        3.2.60 (15-04-2020)
		- Top Right Overlays as option (thanks newbii!) (WIP)
		- Option for statistics not on shelf
		- Larger logo on home and views
		- Better icons (thanks newbii!)
        </news>
    </extension>
</addon>
