<?xml version="1.0" encoding="UTF-8"?>
<overrides>
	<!-- Do not share menu as other skins use custom language strings that do not work -->
	<doNotShareMenu />

	<widgetPlaylists>True</widgetPlaylists>
	<thumbnailBrowseDefault>special://skin/media/</thumbnailBrowseDefault>

	<!-- Set widget to false if there is no path -->
	<propertyfallback property="widgetTarget">false</propertyfallback>
	<propertyfallback property="widgetTarget.2">false</propertyfallback>
	<propertyfallback property="widgetTarget.3">false</propertyfallback>
	<propertyfallback property="widgetTarget.4">false</propertyfallback>
	<propertyfallback property="widgetTarget.5">false</propertyfallback>
	<propertyfallback property="widgetTarget.6">false</propertyfallback>

	<!-- Browse for Backgrounds -->
	<backgroundBrowse>True</backgroundBrowse>
	<background label="::PLAYLIST::">playlistBackground</background>
	<background label="31399">Movie.Fanart</background>
	<background label="31400">TV.Fanart</background>
	<background label="31401">Video.Fanart</background>
	<background label="31402">Music.Fanart</background>
	<background label="31403">Global.Fanart</background>
	<background label="31404" condition="!String.IsEmpty(Skin.String(weatherfanartResource.path))">Weather.Fanart</background>
	<background label="31569">special://skin/backgrounds/Default.jpg</background>
	<background label="31570">special://skin/backgrounds/Addons.jpg</background>
	<background label="31571">special://skin/backgrounds/Videos.jpg</background>
	<background label="31572">special://skin/backgrounds/Movies.jpg</background>
	<background label="31573">special://skin/backgrounds/TVShows.jpg</background>
	<background label="31574">special://skin/backgrounds/MusicVideos.jpg</background>
	<background label="31575">special://skin/backgrounds/Music.jpg</background>
	<background label="31576">special://skin/backgrounds/Pictures.jpg</background>
	<background label="31577">special://skin/backgrounds/Weather.jpg</background>
	<background label="31578">special://skin/backgrounds/Games.jpg</background>
	<background label="31579">special://skin/backgrounds/Favourites.jpg</background>
	<background label="31580">special://skin/backgrounds/Search.jpg</background>
	<background label="31581">special://skin/backgrounds/Quit.jpg</background>
	<background label="31582">special://skin/backgrounds/TV.jpg</background>
	<background label="31583">special://skin/backgrounds/Radio.jpg</background>
	<background label="31584">special://skin/backgrounds/Settings.jpg</background>

	<backgrounddefault defaultID="videos">$VAR[Videos.Art]</backgrounddefault>
	<backgrounddefault defaultID="movies">$VAR[Movies.Art]</backgrounddefault>
	<backgrounddefault defaultID="pictures">$VAR[Pictures.Art]</backgrounddefault>
	<backgrounddefault defaultID="tvshows">$VAR[TVShows.Art]</backgrounddefault>
	<backgrounddefault defaultID="tv">$VAR[Pvr.Art]</backgrounddefault>
	<backgrounddefault defaultID="radio">$VAR[Radio.Art]</backgrounddefault>
	<backgrounddefault defaultID="music">$VAR[Music.Art]</backgrounddefault>
	<backgrounddefault defaultID="musicvideos">$VAR[MusicVideos.Art]</backgrounddefault>
	<backgrounddefault defaultID="weather">$VAR[Weather.Art]</backgrounddefault>
	<backgrounddefault defaultID="addons">$VAR[Addons.Art]</backgrounddefault>
	<backgrounddefault defaultID="DVD">$VAR[DVD.Art]</backgrounddefault>
	<backgrounddefault defaultID="settings">$VAR[Settings.Art]</backgrounddefault>
	<backgrounddefault defaultID="favorites">$VAR[Favourites.Art]</backgrounddefault>
	<backgrounddefault defaultID="power">$VAR[Quit.Art]</backgrounddefault>
	<backgrounddefault defaultID="games">$VAR[Games.Art]</backgrounddefault>
	<backgrounddefault defaultID="search">$VAR[Search.Art]</backgrounddefault>

	<!-- action overrides -->
	<override action="start_search">
		<condition>!Skin.HasSetting(Enable.GlobalSearch) | !System.HasAddon(script.globalsearch)</condition>
		<action>SetProperty(CustomSearch,1,home)</action>
		<action>Skin.Reset(CustomSearchTerm)</action>
		<action>Skin.SetString(CustomSearchTerm)</action>
		<action>ActivateWindow(1122)</action>
	</override>
	<override action="start_search">
		<condition>Skin.HasSetting(Enable.GlobalSearch) + System.HasAddon(script.globalsearch)</condition>
		<action>RunScript(script.globalsearch)</action>
	</override>
	<override action="tv_guide">
		<condition>System.HasAddon(plugin.video.themoviedb.helper)</condition>
		<action>ActivateWindow(1136)</action>
	</override>
	<override action="tv_guide">
		<condition>!System.HasAddon(plugin.video.themoviedb.helper) + System.HasAddon(script.embuary.info)</condition>
		<action>ActivateWindow(1137)</action>
	</override>
	<override action="tv_guide">
		<condition>!System.HasAddon(plugin.video.themoviedb.helper) + !System.HasAddon(script.embuary.info) + System.HasAddon(script.tv.show.next.aired)</condition>
		<action>RunScript(script.tv.show.next.aired)</action>
	</override>
    <override action="reboot_to_android">
        <action>System.ExecWait("/usr/sbin/rebootfromnand")</action>
        <action>XBMC.Reset()</action>
    </override>

    <!-- For Power Menu -->
    <groupoverride group="powermenu" condition="Window.IsActive(DialogButtonMenu.xml)">Close</groupoverride>
    
	<!-- Warning to Remove/Disable Settings -->
	<warn heading="31395" message="31396">ActivateWindow(Settings)</warn>
	<!-- Warning to Remove/Disable Search -->
	<warn heading="31397" message="31398">start_search</warn>

	<!-- Infolines -->
	<property property="InfoLine" label="$LOCALIZE[31405]">movies</property>
	<property property="InfoLine" label="$LOCALIZE[31406]">tvshows</property>
	<property property="InfoLine" label="$LOCALIZE[31407]">music</property>
	<property property="InfoLine" label="$LOCALIZE[31408]">musicvideos</property>
	<property property="InfoLine" label="$LOCALIZE[3]">videos</property>
	<property property="InfoLine" label="$LOCALIZE[31413]">moviestvshows</property>
	<property property="InfoLine" label="$LOCALIZE[20434]">sets</property>
	<property property="InfoLine" label="$LOCALIZE[19020]">tv</property>
	<property property="InfoLine" label="$LOCALIZE[19021]">radio</property>
	<property property="InfoLine" label="$LOCALIZE[31409]">pvr</property>
	<property property="InfoLine" label="$LOCALIZE[8]">weather</property>
	<property property="InfoLine" label="$LOCALIZE[24001]">addons</property>
	<property property="InfoLine" label="$LOCALIZE[1037]">videoaddons</property>
	<property property="InfoLine" label="$LOCALIZE[1038]">musicaddons</property>
	<property property="InfoLine" label="$LOCALIZE[1043]">programaddons</property>
	<property property="InfoLine" label="$LOCALIZE[1039]">pictureaddons</property>
    <property property="InfoLine" label="$LOCALIZE[35049]">gameaddons</property>
	<property property="InfoLine" label="$LOCALIZE[1036]" condition="System.HasAddon(script.favourites)">favourites</property>
	<property property="InfoLine" label="$LOCALIZE[427]">disc</property>
	<property property="InfoLine" label="$LOCALIZE[130]">systeminfo</property>
	<property property="InfoLine" label="$LOCALIZE[31410]" condition="System.HasAddon(script.embuary.helper)">movieplaylist</property>
	<property property="InfoLine" label="$LOCALIZE[31411]" condition="System.HasAddon(script.embuary.helper)">tvshowplaylist</property>
	<property property="InfoLine" label="$LOCALIZE[31412]" condition="System.HasAddon(script.embuary.helper)">musicvideoplaylist</property>
	<property property="InfoLine" label="$LOCALIZE[31418]" condition="System.HasAddon(script.embuary.helper)">episodeplaylist</property>

	<!-- Widget (Shelf) Properties -->

	<!-- Widget 1 Sort -->
	<property property="widgetSortBy" label="$LOCALIZE[568]">lastplayed</property>
	<property property="widgetSortBy" label="$LOCALIZE[369]">title</property>
	<property property="widgetSortBy" label="$LOCALIZE[36902]" condition="String.IsEqual(Container(211).ListItem.Property(widgetType),episodes)">tvshowtitle</property>
	<property property="widgetSortBy" label="$LOCALIZE[552]" condition="String.IsEqual(Container(211).ListItem.Property(widgetType),episodes)">date</property>
	<property property="widgetSortBy" label="$LOCALIZE[557]" condition="String.IsEqual(Container(211).ListItem.Property(widgetType),musicvideos) | String.IsEqual(Container(211).ListItem.Property(widgetType),artists) | String.IsEqual(Container(211).ListItem.Property(widgetType),albums) | String.IsEqual(Container(211).ListItem.Property(widgetType),songs)">artist</property>
	<property property="widgetSortBy" label="$LOCALIZE[558]" condition="String.IsEqual(Container(211).ListItem.Property(widgetType),musicvideos) | String.IsEqual(Container(211).ListItem.Property(widgetType),albums) | String.IsEqual(Container(211).ListItem.Property(widgetType),songs)">album</property>
	<property property="widgetSortBy" label="$LOCALIZE[554]" condition="String.IsEqual(Container(211).ListItem.Property(widgetType),songs)">tracknumber</property>
	<property property="widgetSortBy" label="$LOCALIZE[19029]" condition="String.IsEqual(Container(211).ListItem.Property(widgetType),pvr)">channelnumber</property>
	<property property="widgetSortBy" label="$LOCALIZE[345]" condition="String.IsEqual(Container(211).ListItem.Property(widgetType),movies) | String.IsEqual(Container(211).ListItem.Property(widgetType),tvshows) | String.IsEqual(Container(211).ListItem.Property(widgetType),musicvideos) | String.IsEqual(Container(211).ListItem.Property(widgetType),albums)">year</property>
	<property property="widgetSortBy" label="$LOCALIZE[570]" condition="!String.IsEqual(Container(211).ListItem.Property(widgetType),pvr)">dateadded</property>
	<property property="widgetSortBy" label="$LOCALIZE[590]">random</property>
	<property property="widgetSortBy" label="$LOCALIZE[515]" condition="String.IsEqual(Container(211).ListItem.Property(widgetType),movies) | String.IsEqual(Container(211).ListItem.Property(widgetType),tvshows) | String.IsEqual(Container(211).ListItem.Property(widgetType),musicvideos) | String.IsEqual(Container(211).ListItem.Property(widgetType),albums) | String.IsEqual(Container(211).ListItem.Property(widgetType),songs)">genre</property>
	<property property="widgetSortBy" label="$LOCALIZE[567]" condition="String.IsEqual(Container(211).ListItem.Property(widgetType),movies) | String.IsEqual(Container(211).ListItem.Property(widgetType),tvshows) | String.IsEqual(Container(211).ListItem.Property(widgetType),musicvideos) | String.IsEqual(Container(211).ListItem.Property(widgetType),episodes)">playcount</property>
	<property property="widgetSortBy" label="$LOCALIZE[572]" condition="String.IsEqual(Container(211).ListItem.Property(widgetType),movies) | String.IsEqual(Container(211).ListItem.Property(widgetType),tvshows)">studio</property>
	<property property="widgetSortBy" label="$LOCALIZE[574]" condition="String.IsEqual(Container(211).ListItem.Property(widgetType),movies)">country</property>
	<property property="widgetSortBy" label="$LOCALIZE[563]" condition="String.IsEqual(Container(211).ListItem.Property(widgetType),movies) | String.IsEqual(Container(211).ListItem.Property(widgetType),tvshows) | String.IsEqual(Container(211).ListItem.Property(widgetType),episodes)">rating</property>
	<property property="widgetSortBy" label="$LOCALIZE[33067]" condition="String.IsEqual(Container(211).ListItem.Property(widgetTarget),video) | String.IsEqual(Container(211).ListItem.Property(widgetTarget),music)">userrating</property>
	<propertySettings property="widgetSortBy" buttonID="3003" title="Widget Sort Method" templateonly="true"/>

	<!-- Widget 1 Sort Direction -->
	<property property="widgetSortOrder">ascending</property>
	<property property="widgetSortOrder">descending</property>
	<propertySettings property="widgetSortOrder" buttonID="3004" title="Widget Sort Direction" templateonly="true"/>

	<!-- Widget 1 Limit -->
	<property property="widgetLimit" label="10 ">$NUMBER[10]</property>
	<property property="widgetLimit" label="25 ">$NUMBER[25]</property>
	<property property="widgetLimit" label="50 ">$NUMBER[50]</property>
	<property property="widgetLimit" label="100 ">$NUMBER[100]</property>
	<propertySettings property="widgetLimit" buttonID="3005" title="Widget Item Limit" templateonly="true"/>

	<!-- Widget 2 Sort -->
	<property property="widgetSortBy.2" label="$LOCALIZE[568]">lastplayed</property>
	<property property="widgetSortBy.2" label="$LOCALIZE[369]">title</property>
	<property property="widgetSortBy.2" label="$LOCALIZE[36902]" condition="String.IsEqual(Container(211).ListItem.Property(widgetType.2),episodes)">tvshowtitle</property>
	<property property="widgetSortBy.2" label="$LOCALIZE[552]" condition="String.IsEqual(Container(211).ListItem.Property(widgetType.2),episodes)">date</property>
	<property property="widgetSortBy.2" label="$LOCALIZE[557]" condition="String.IsEqual(Container(211).ListItem.Property(widgetType.2),musicvideos) | String.IsEqual(Container(211).ListItem.Property(widgetType.2),artists) | String.IsEqual(Container(211).ListItem.Property(widgetType.2),albums) | String.IsEqual(Container(211).ListItem.Property(widgetType.2),songs)">artist</property>
	<property property="widgetSortBy.2" label="$LOCALIZE[558]" condition="String.IsEqual(Container(211).ListItem.Property(widgetType.2),musicvideos) | String.IsEqual(Container(211).ListItem.Property(widgetType.2),albums) | String.IsEqual(Container(211).ListItem.Property(widgetType.2),songs)">album</property>
	<property property="widgetSortBy.2" label="$LOCALIZE[554]" condition="String.IsEqual(Container(211).ListItem.Property(widgetType.2),songs)">tracknumber</property>
	<property property="widgetSortBy.2" label="$LOCALIZE[19029]" condition="String.IsEqual(Container(211).ListItem.Property(widgetType.2),pvr)">channelnumber</property>
	<property property="widgetSortBy.2" label="$LOCALIZE[345]" condition="String.IsEqual(Container(211).ListItem.Property(widgetType.2),movies) | String.IsEqual(Container(211).ListItem.Property(widgetType.2),tvshows) | String.IsEqual(Container(211).ListItem.Property(widgetType.2),musicvideos) | String.IsEqual(Container(211).ListItem.Property(widgetType.2),albums)">year</property>
	<property property="widgetSortBy.2" label="$LOCALIZE[570]" condition="!String.IsEqual(Container(211).ListItem.Property(widgetType.2),pvr)">dateadded</property>
	<property property="widgetSortBy.2" label="$LOCALIZE[590]">random</property>
	<property property="widgetSortBy.2" label="$LOCALIZE[515]" condition="String.IsEqual(Container(211).ListItem.Property(widgetType.2),movies) | String.IsEqual(Container(211).ListItem.Property(widgetType.2),tvshows) | String.IsEqual(Container(211).ListItem.Property(widgetType.2),musicvideos) | String.IsEqual(Container(211).ListItem.Property(widgetType.2),albums) | String.IsEqual(Container(211).ListItem.Property(widgetType),songs)">genre</property>
	<property property="widgetSortBy.2" label="$LOCALIZE[567]" condition="String.IsEqual(Container(211).ListItem.Property(widgetType.2),movies) | String.IsEqual(Container(211).ListItem.Property(widgetType.2),tvshows) | String.IsEqual(Container(211).ListItem.Property(widgetType.2),musicvideos) | String.IsEqual(Container(211).ListItem.Property(widgetType.2),episodes)">playcount</property>
	<property property="widgetSortBy.2" label="$LOCALIZE[572]" condition="String.IsEqual(Container(211).ListItem.Property(widgetType.2),movies) | String.IsEqual(Container(211).ListItem.Property(widgetType.2),tvshows)">studio</property>
	<property property="widgetSortBy.2" label="$LOCALIZE[574]" condition="String.IsEqual(Container(211).ListItem.Property(widgetType.2),movies)">country</property>
	<property property="widgetSortBy.2" label="$LOCALIZE[563]" condition="String.IsEqual(Container(211).ListItem.Property(widgetType.2),movies) | String.IsEqual(Container(211).ListItem.Property(widgetType.2),tvshows) | String.IsEqual(Container(211).ListItem.Property(widgetType.2),episodes)">rating</property>
	<property property="widgetSortBy.2" label="$LOCALIZE[33067]" condition="String.IsEqual(Container(211).ListItem.Property(widgetTarget.2),video) | String.IsEqual(Container(211).ListItem.Property(widgetTarget.2),music)">userrating</property>

	<propertySettings property="widgetSortBy.2" buttonID="4003" title="Widget Sort Method" templateonly="true"/>

	<!-- Widget 2 Sort Direction -->
	<property property="widgetSortOrder.2">ascending</property>
	<property property="widgetSortOrder.2">descending</property>
	<propertySettings property="widgetSortOrder.2" buttonID="4004" title="Widget Sort Direction" templateonly="true"/>

	<!-- Widget 2 Limit -->
	<property property="widgetLimit.2" label="10 ">$NUMBER[10]</property>
	<property property="widgetLimit.2" label="25 ">$NUMBER[25]</property>
	<property property="widgetLimit.2" label="50 ">$NUMBER[50]</property>
	<property property="widgetLimit.2" label="100 ">$NUMBER[100]</property>
	<propertySettings property="widgetLimit.2" buttonID="4005" title="Widget Item Limit" templateonly="true"/>

	<!-- Widget 3 Sort -->
	<property property="widgetSortBy.3" label="$LOCALIZE[568]">lastplayed</property>
	<property property="widgetSortBy.3" label="$LOCALIZE[369]">title</property>
	<property property="widgetSortBy.3" label="$LOCALIZE[36902]" condition="String.IsEqual(Container(211).ListItem.Property(widgetType.3),episodes)">tvshowtitle</property>
	<property property="widgetSortBy.3" label="$LOCALIZE[552]" condition="String.IsEqual(Container(211).ListItem.Property(widgetType.3),episodes)">date</property>
	<property property="widgetSortBy.3" label="$LOCALIZE[557]" condition="String.IsEqual(Container(211).ListItem.Property(widgetType.3),musicvideos) | String.IsEqual(Container(211).ListItem.Property(widgetType.3),artists) | String.IsEqual(Container(211).ListItem.Property(widgetType.3),albums) | String.IsEqual(Container(211).ListItem.Property(widgetType.3),songs)">artist</property>
	<property property="widgetSortBy.3" label="$LOCALIZE[558]" condition="String.IsEqual(Container(211).ListItem.Property(widgetType.3),musicvideos) | String.IsEqual(Container(211).ListItem.Property(widgetType.3),albums) | String.IsEqual(Container(211).ListItem.Property(widgetType.3),songs)">album</property>
	<property property="widgetSortBy.3" label="$LOCALIZE[554]" condition="String.IsEqual(Container(211).ListItem.Property(widgetType.3),songs)">tracknumber</property>
	<property property="widgetSortBy.3" label="$LOCALIZE[19029]" condition="String.IsEqual(Container(211).ListItem.Property(widgetType.3),pvr)">channelnumber</property>
	<property property="widgetSortBy.3" label="$LOCALIZE[345]" condition="String.IsEqual(Container(211).ListItem.Property(widgetType.3),movies) | String.IsEqual(Container(211).ListItem.Property(widgetType.3),tvshows) | String.IsEqual(Container(211).ListItem.Property(widgetType.3),musicvideos) | String.IsEqual(Container(211).ListItem.Property(widgetType.3),albums)">year</property>
	<property property="widgetSortBy.3" label="$LOCALIZE[570]" condition="!String.IsEqual(Container(211).ListItem.Property(widgetType.3),pvr)">dateadded</property>
	<property property="widgetSortBy.3" label="$LOCALIZE[590]">random</property>
	<property property="widgetSortBy.3" label="$LOCALIZE[515]" condition="String.IsEqual(Container(211).ListItem.Property(widgetType.3),movies) | String.IsEqual(Container(211).ListItem.Property(widgetType.3),tvshows) | String.IsEqual(Container(211).ListItem.Property(widgetType.3),musicvideos) | String.IsEqual(Container(211).ListItem.Property(widgetType.3),albums) | String.IsEqual(Container(211).ListItem.Property(widgetType),songs)">genre</property>
	<property property="widgetSortBy.3" label="$LOCALIZE[567]" condition="String.IsEqual(Container(211).ListItem.Property(widgetType.3),movies) | String.IsEqual(Container(211).ListItem.Property(widgetType.3),tvshows) | String.IsEqual(Container(211).ListItem.Property(widgetType.3),musicvideos) | String.IsEqual(Container(211).ListItem.Property(widgetType.3),episodes)">playcount</property>
	<property property="widgetSortBy.3" label="$LOCALIZE[572]" condition="String.IsEqual(Container(211).ListItem.Property(widgetType.3),movies) | String.IsEqual(Container(211).ListItem.Property(widgetType.3),tvshows)">studio</property>
	<property property="widgetSortBy.3" label="$LOCALIZE[574]" condition="String.IsEqual(Container(211).ListItem.Property(widgetType.3),movies)">country</property>
	<property property="widgetSortBy.3" label="$LOCALIZE[563]" condition="String.IsEqual(Container(211).ListItem.Property(widgetType.3),movies) | String.IsEqual(Container(211).ListItem.Property(widgetType.3),tvshows) | String.IsEqual(Container(211).ListItem.Property(widgetType.3),episodes)">rating</property>
	<property property="widgetSortBy.3" label="$LOCALIZE[33067]" condition="String.IsEqual(Container(211).ListItem.Property(widgetTarget.3),video) | String.IsEqual(Container(211).ListItem.Property(widgetTarget.3),music)">userrating</property>

	<propertySettings property="widgetSortBy.3" buttonID="5003" title="Widget Sort Method" templateonly="true"/>

	<!-- Widget 3 Sort Direction -->
	<property property="widgetSortOrder.3">ascending</property>
	<property property="widgetSortOrder.3">descending</property>
	<propertySettings property="widgetSortOrder.3" buttonID="5004" title="Widget Sort Direction" templateonly="true"/>

	<!-- Widget 3 Limit -->
	<property property="widgetLimit.3" label="10 ">$NUMBER[10]</property>
	<property property="widgetLimit.3" label="25 ">$NUMBER[25]</property>
	<property property="widgetLimit.3" label="50 ">$NUMBER[50]</property>
	<property property="widgetLimit.3" label="100 ">$NUMBER[100]</property>
	<propertySettings property="widgetLimit.3" buttonID="5005" title="Widget Item Limit" templateonly="true"/>

	<!-- Widget 4 Sort -->
	<property property="widgetSortBy.4" label="$LOCALIZE[568]">lastplayed</property>
	<property property="widgetSortBy.4" label="$LOCALIZE[369]">title</property>
	<property property="widgetSortBy.4" label="$LOCALIZE[36902]" condition="String.IsEqual(Container(211).ListItem.Property(widgetType.4),episodes)">tvshowtitle</property>
	<property property="widgetSortBy.4" label="$LOCALIZE[552]" condition="String.IsEqual(Container(211).ListItem.Property(widgetType.4),episodes)">date</property>
	<property property="widgetSortBy.4" label="$LOCALIZE[557]" condition="String.IsEqual(Container(211).ListItem.Property(widgetType.4),musicvideos) | String.IsEqual(Container(211).ListItem.Property(widgetType.4),artists) | String.IsEqual(Container(211).ListItem.Property(widgetType.4),albums) | String.IsEqual(Container(211).ListItem.Property(widgetType.4),songs)">artist</property>
	<property property="widgetSortBy.4" label="$LOCALIZE[558]" condition="String.IsEqual(Container(211).ListItem.Property(widgetType.4),musicvideos) | String.IsEqual(Container(211).ListItem.Property(widgetType.4),albums) | String.IsEqual(Container(211).ListItem.Property(widgetType.4),songs)">album</property>
	<property property="widgetSortBy.4" label="$LOCALIZE[554]" condition="String.IsEqual(Container(211).ListItem.Property(widgetType.4),songs)">tracknumber</property>
	<property property="widgetSortBy.4" label="$LOCALIZE[19029]" condition="String.IsEqual(Container(211).ListItem.Property(widgetType.4),pvr)">channelnumber</property>
	<property property="widgetSortBy.4" label="$LOCALIZE[345]" condition="String.IsEqual(Container(211).ListItem.Property(widgetType.4),movies) | String.IsEqual(Container(211).ListItem.Property(widgetType.4),tvshows) | String.IsEqual(Container(211).ListItem.Property(widgetType.4),musicvideos) | String.IsEqual(Container(211).ListItem.Property(widgetType.4),albums)">year</property>
	<property property="widgetSortBy.4" label="$LOCALIZE[570]" condition="!String.IsEqual(Container(211).ListItem.Property(widgetType.4),pvr)">dateadded</property>
	<property property="widgetSortBy.4" label="$LOCALIZE[590]">random</property>
	<property property="widgetSortBy.4" label="$LOCALIZE[515]" condition="String.IsEqual(Container(211).ListItem.Property(widgetType.4),movies) | String.IsEqual(Container(211).ListItem.Property(widgetType.4),tvshows) | String.IsEqual(Container(211).ListItem.Property(widgetType.4),musicvideos) | String.IsEqual(Container(211).ListItem.Property(widgetType.4),albums) | String.IsEqual(Container(211).ListItem.Property(widgetType),songs)">genre</property>
	<property property="widgetSortBy.4" label="$LOCALIZE[567]" condition="String.IsEqual(Container(211).ListItem.Property(widgetType.4),movies) | String.IsEqual(Container(211).ListItem.Property(widgetType.4),tvshows) | String.IsEqual(Container(211).ListItem.Property(widgetType.4),musicvideos) | String.IsEqual(Container(211).ListItem.Property(widgetType.4),episodes)">playcount</property>    
	<property property="widgetSortBy.4" label="$LOCALIZE[572]" condition="String.IsEqual(Container(211).ListItem.Property(widgetType.4),movies) | String.IsEqual(Container(211).ListItem.Property(widgetType.4),tvshows)">studio</property>
	<property property="widgetSortBy.4" label="$LOCALIZE[574]" condition="String.IsEqual(Container(211).ListItem.Property(widgetType.4),movies)">country</property>
	<property property="widgetSortBy.4" label="$LOCALIZE[563]" condition="String.IsEqual(Container(211).ListItem.Property(widgetType.4),movies) | String.IsEqual(Container(211).ListItem.Property(widgetType.4),tvshows) | String.IsEqual(Container(211).ListItem.Property(widgetType.4),episodes)">rating</property>
	<property property="widgetSortBy.4" label="$LOCALIZE[33067]" condition="String.IsEqual(Container(211).ListItem.Property(widgetTarget.4),video) | String.IsEqual(Container(211).ListItem.Property(widgetTarget.4),music)">userrating</property>

	<propertySettings property="widgetSortBy.4" buttonID="6003" title="Widget Sort Method" templateonly="true"/>

	<!-- Widget 4 Sort Direction -->
	<property property="widgetSortOrder.4">ascending</property>
	<property property="widgetSortOrder.4">descending</property>

	<propertySettings property="widgetSortOrder.4" buttonID="6004" title="Widget Sort Direction" templateonly="true"/>

	<!-- Widget 4 Limit -->
	<property property="widgetLimit.4" label="10 ">$NUMBER[10]</property>
	<property property="widgetLimit.4" label="25 ">$NUMBER[25]</property>
	<property property="widgetLimit.4" label="50 ">$NUMBER[50]</property>
	<property property="widgetLimit.4" label="100 ">$NUMBER[100]</property>

	<propertySettings property="widgetLimit.4" buttonID="6005" title="Widget Item Limit" templateonly="true"/>

	<!-- Widget 5 Sort -->
	<property property="widgetSortBy.5" label="$LOCALIZE[568]">lastplayed</property>
	<property property="widgetSortBy.5" label="$LOCALIZE[369]">title</property>
	<property property="widgetSortBy.5" label="$LOCALIZE[36902]" condition="String.IsEqual(Container(211).ListItem.Property(widgetType.5),episodes)">tvshowtitle</property>
	<property property="widgetSortBy.5" label="$LOCALIZE[552]" condition="String.IsEqual(Container(211).ListItem.Property(widgetType.5),episodes)">date</property>
	<property property="widgetSortBy.5" label="$LOCALIZE[557]" condition="String.IsEqual(Container(211).ListItem.Property(widgetType.5),musicvideos) | String.IsEqual(Container(211).ListItem.Property(widgetType.5),artists) | String.IsEqual(Container(211).ListItem.Property(widgetType.5),albums) | String.IsEqual(Container(211).ListItem.Property(widgetType.5),songs)">artist</property>
	<property property="widgetSortBy.5" label="$LOCALIZE[558]" condition="String.IsEqual(Container(211).ListItem.Property(widgetType.5),musicvideos) | String.IsEqual(Container(211).ListItem.Property(widgetType.5),albums) | String.IsEqual(Container(211).ListItem.Property(widgetType.5),songs)">album</property>
	<property property="widgetSortBy.5" label="$LOCALIZE[554]" condition="String.IsEqual(Container(211).ListItem.Property(widgetType.5),songs)">tracknumber</property>
	<property property="widgetSortBy.5" label="$LOCALIZE[19029]" condition="String.IsEqual(Container(211).ListItem.Property(widgetType.5),pvr)">channelnumber</property>
	<property property="widgetSortBy.5" label="$LOCALIZE[345]" condition="String.IsEqual(Container(211).ListItem.Property(widgetType.5),movies) | String.IsEqual(Container(211).ListItem.Property(widgetType.5),tvshows) | String.IsEqual(Container(211).ListItem.Property(widgetType.5),musicvideos) | String.IsEqual(Container(211).ListItem.Property(widgetType.5),albums)">year</property>
	<property property="widgetSortBy.5" label="$LOCALIZE[570]" condition="!String.IsEqual(Container(211).ListItem.Property(widgetType.5),pvr)">dateadded</property>
	<property property="widgetSortBy.5" label="$LOCALIZE[590]">random</property>
	<property property="widgetSortBy.5" label="$LOCALIZE[515]" condition="String.IsEqual(Container(211).ListItem.Property(widgetType.5),movies) | String.IsEqual(Container(211).ListItem.Property(widgetType.5),tvshows) | String.IsEqual(Container(211).ListItem.Property(widgetType.5),musicvideos) | String.IsEqual(Container(211).ListItem.Property(widgetType.5),albums) | String.IsEqual(Container(211).ListItem.Property(widgetType),songs)">genre</property>
	<property property="widgetSortBy.5" label="$LOCALIZE[567]" condition="String.IsEqual(Container(211).ListItem.Property(widgetType.5),movies) | String.IsEqual(Container(211).ListItem.Property(widgetType.5),tvshows) | String.IsEqual(Container(211).ListItem.Property(widgetType.5),musicvideos) | String.IsEqual(Container(211).ListItem.Property(widgetType.5),episodes)">playcount</property>    
	<property property="widgetSortBy.5" label="$LOCALIZE[572]" condition="String.IsEqual(Container(211).ListItem.Property(widgetType.5),movies) | String.IsEqual(Container(211).ListItem.Property(widgetType.5),tvshows)">studio</property>
	<property property="widgetSortBy.5" label="$LOCALIZE[574]" condition="String.IsEqual(Container(211).ListItem.Property(widgetType.5),movies)">country</property>
	<property property="widgetSortBy.5" label="$LOCALIZE[563]" condition="String.IsEqual(Container(211).ListItem.Property(widgetType.5),movies) | String.IsEqual(Container(211).ListItem.Property(widgetType.5),tvshows) | String.IsEqual(Container(211).ListItem.Property(widgetType.5),episodes)">rating</property>
	<property property="widgetSortBy.5" label="$LOCALIZE[33067]" condition="String.IsEqual(Container(211).ListItem.Property(widgetTarget.5),video) | String.IsEqual(Container(211).ListItem.Property(widgetTarget.5),music)">userrating</property>

	<propertySettings property="widgetSortBy.5" buttonID="7003" title="Widget Sort Method" templateonly="true"/>

	<!-- Widget 5 Sort Direction -->
	<property property="widgetSortOrder.5">ascending</property>
	<property property="widgetSortOrder.5">descending</property>

	<propertySettings property="widgetSortOrder.5" buttonID="7004" title="Widget Sort Direction" templateonly="true"/>

	<!-- Widget 5 Limit -->
	<property property="widgetLimit.5" label="10 ">$NUMBER[10]</property>
	<property property="widgetLimit.5" label="25 ">$NUMBER[25]</property>
	<property property="widgetLimit.5" label="50 ">$NUMBER[50]</property>
	<property property="widgetLimit.5" label="100 ">$NUMBER[100]</property>

	<propertySettings property="widgetLimit.5" buttonID="7005" title="Widget Item Limit" templateonly="true"/>

	<!-- Widget 6 Sort -->
	<property property="widgetSortBy.6" label="$LOCALIZE[568]">lastplayed</property>
	<property property="widgetSortBy.6" label="$LOCALIZE[369]">title</property>
	<property property="widgetSortBy.6" label="$LOCALIZE[36902]" condition="String.IsEqual(Container(211).ListItem.Property(widgetType.6),episodes)">tvshowtitle</property>
	<property property="widgetSortBy.6" label="$LOCALIZE[552]" condition="String.IsEqual(Container(211).ListItem.Property(widgetType.6),episodes)">date</property>
	<property property="widgetSortBy.6" label="$LOCALIZE[557]" condition="String.IsEqual(Container(211).ListItem.Property(widgetType.6),musicvideos) | String.IsEqual(Container(211).ListItem.Property(widgetType.6),artists) | String.IsEqual(Container(211).ListItem.Property(widgetType.6),albums) | String.IsEqual(Container(211).ListItem.Property(widgetType.6),songs)">artist</property>
	<property property="widgetSortBy.6" label="$LOCALIZE[558]" condition="String.IsEqual(Container(211).ListItem.Property(widgetType.6),musicvideos) | String.IsEqual(Container(211).ListItem.Property(widgetType.6),albums) | String.IsEqual(Container(211).ListItem.Property(widgetType.6),songs)">album</property>
	<property property="widgetSortBy.6" label="$LOCALIZE[554]" condition="String.IsEqual(Container(211).ListItem.Property(widgetType.6),songs)">tracknumber</property>
	<property property="widgetSortBy.6" label="$LOCALIZE[19029]" condition="String.IsEqual(Container(211).ListItem.Property(widgetType.6),pvr)">channelnumber</property>
	<property property="widgetSortBy.6" label="$LOCALIZE[345]" condition="String.IsEqual(Container(211).ListItem.Property(widgetType.6),movies) | String.IsEqual(Container(211).ListItem.Property(widgetType.6),tvshows) | String.IsEqual(Container(211).ListItem.Property(widgetType.6),musicvideos) | String.IsEqual(Container(211).ListItem.Property(widgetType.6),albums)">year</property>
	<property property="widgetSortBy.6" label="$LOCALIZE[570]" condition="!String.IsEqual(Container(211).ListItem.Property(widgetType.6),pvr)">dateadded</property>
	<property property="widgetSortBy.6" label="$LOCALIZE[590]">random</property>
	<property property="widgetSortBy.6" label="$LOCALIZE[515]" condition="String.IsEqual(Container(211).ListItem.Property(widgetType.6),movies) | String.IsEqual(Container(211).ListItem.Property(widgetType.6),tvshows) | String.IsEqual(Container(211).ListItem.Property(widgetType.6),musicvideos) | String.IsEqual(Container(211).ListItem.Property(widgetType.6),albums) | String.IsEqual(Container(211).ListItem.Property(widgetType),songs)">genre</property>
	<property property="widgetSortBy.6" label="$LOCALIZE[567]" condition="String.IsEqual(Container(211).ListItem.Property(widgetType.6),movies) | String.IsEqual(Container(211).ListItem.Property(widgetType.6),tvshows) | String.IsEqual(Container(211).ListItem.Property(widgetType.6),musicvideos) | String.IsEqual(Container(211).ListItem.Property(widgetType.6),episodes)">playcount</property>
	<property property="widgetSortBy.6" label="$LOCALIZE[572]" condition="String.IsEqual(Container(211).ListItem.Property(widgetType.6),movies) | String.IsEqual(Container(211).ListItem.Property(widgetType.6),tvshows)">studio</property>
	<property property="widgetSortBy.6" label="$LOCALIZE[574]" condition="String.IsEqual(Container(211).ListItem.Property(widgetType.6),movies)">country</property>
	<property property="widgetSortBy.6" label="$LOCALIZE[563]" condition="String.IsEqual(Container(211).ListItem.Property(widgetType.6),movies) | String.IsEqual(Container(211).ListItem.Property(widgetType.6),tvshows) | String.IsEqual(Container(211).ListItem.Property(widgetType.6),episodes)">rating</property>
	<property property="widgetSortBy.6" label="$LOCALIZE[33067]" condition="String.IsEqual(Container(211).ListItem.Property(widgetTarget.6),video) | String.IsEqual(Container(211).ListItem.Property(widgetTarget.6),music)">userrating</property>

	<propertySettings property="widgetSortBy.6" buttonID="8003" title="Widget Sort Method" templateonly="true"/>

	<!-- Widget 6 Sort Direction -->
	<property property="widgetSortOrder.6">ascending</property>
	<property property="widgetSortOrder.6">descending</property>

	<propertySettings property="widgetSortOrder.6" buttonID="8004" title="Widget Sort Direction" templateonly="true"/>

	<!-- Widget 6 Limit -->
	<property property="widgetLimit.6" label="10 ">$NUMBER[10]</property>
	<property property="widgetLimit.6" label="25 ">$NUMBER[25]</property>
	<property property="widgetLimit.6" label="50 ">$NUMBER[50]</property>
	<property property="widgetLimit.6" label="100 ">$NUMBER[100]</property>

	<propertySettings property="widgetLimit.6" buttonID="8005" title="Widget Item Limit" templateonly="true"/>


	<!-- Widget fallback if empty -->
    <!-- Show Two Shelves together is false by default -->
	<propertyfallback property="widgetTwoShelves">false</propertyfallback>
    <!-- Widget type is set to none by default -->
	<propertyfallback property="widgetType">none</propertyfallback>
	<propertyfallback property="widgetType.2">none</propertyfallback>
	<propertyfallback property="widgetType.3">none</propertyfallback>
	<propertyfallback property="widgetType.4">none</propertyfallback>
	<propertyfallback property="widgetType.5">none</propertyfallback>
	<propertyfallback property="widgetType.6">none</propertyfallback>    
	<!-- Set widgetContent to static for non-dynamic widgets -->
	<propertyfallback property="widgetContent" attribute="widget" value="static">static</propertyfallback>
    <propertyfallback property="widgetContent.2" attribute="widget.2" value="static">static</propertyfallback>
    <propertyfallback property="widgetContent.3" attribute="widget.3" value="static">static</propertyfallback>
    <propertyfallback property="widgetContent.4" attribute="widget.4" value="static">static</propertyfallback>
    <propertyfallback property="widgetContent.5" attribute="widget.5" value="static">static</propertyfallback>
    <propertyfallback property="widgetContent.6" attribute="widget.6" value="static">static</propertyfallback>
	<propertyfallback property="widgetContent">default</propertyfallback>
    <propertyfallback property="widgetContent.2">default</propertyfallback>
    <propertyfallback property="widgetContent.3">default</propertyfallback>
    <propertyfallback property="widgetContent.4">default</propertyfallback>
    <propertyfallback property="widgetContent.5">default</propertyfallback>
    <propertyfallback property="widgetContent.6">default</propertyfallback>

	<!-- Widget Grouping -->
	<widget-groupings>
		<!-- Default Widgets -->
		<node label="$LOCALIZE[31420]" icon="DefaultFolder.png">
			<!-- Movies -->
			<node label="$LOCALIZE[342]" icon="DefaultMovies.png">
				<shortcut widget="NewMovies" label="$LOCALIZE[31422]" icon="DefaultRecentlyAddedMovies.png" widgetType="movies" widgetTarget="video" condition="Library.HasContent(movies)">$VAR[RecentlyAddedMoviesVar]</shortcut>
				<shortcut widget="RecentMovies" label="$LOCALIZE[31423]" icon="DefaultMusicRecentlyPlayed.png" widgetType="movies" widgetTarget="video" condition="Library.HasContent(movies)">special://skin/xsp/movies_recentlyplayed.xsp</shortcut>
				<shortcut widget="RandomMovies" label="$LOCALIZE[31424]" icon="DefaultMovies.png" widgetType="movies" widgetTarget="video" condition="Library.HasContent(movies)">special://skin/xsp/movies_random.xsp</shortcut>
				<shortcut widget="InProgressMovies" label="$LOCALIZE[31425]" icon="DefaultInProgressShows.png" widgetType="movies" widgetTarget="video" condition="Library.HasContent(movies)">special://skin/xsp/movies_inprogress.xsp</shortcut>
				<shortcut widget="TopRatedMovies" label="$LOCALIZE[31427]" icon="DefaultMusicTop100Albums.png" widgetType="movies" widgetTarget="video" condition="Library.HasContent(movies)">special://skin/xsp/movies_toprated.xsp</shortcut>
				<shortcut widget="Top250Movies" label="$LOCALIZE[31431]" icon="DefaultMusicTop100Albums.png" widgetType="movies" widgetTarget="video" condition="Library.HasContent(movies)">special://skin/xsp/movies_top250.xsp</shortcut>
				<shortcut widget="UnwatchedMovies" label="$LOCALIZE[31426]" icon="DefaultMovies.png" widgetType="movies" widgetTarget="video" condition="Library.HasContent(movies)">special://skin/xsp/movies_unwatched.xsp</shortcut>
				<shortcut widget="MovieNodes" label="$LOCALIZE[31430]" icon="DefaultMovies.png" widgetType="movies" widgetTarget="video" condition="Library.HasContent(movies)">library://video/movies/</shortcut>
				<shortcut widget="MovieGenres" label="$LOCALIZE[31428]" icon="DefaultGenre.png" widgetType="movies" widgetTarget="video" condition="Library.HasContent(movies)">library://video/movies/genres.xml</shortcut>
				<shortcut widget="MovieSets" label="$LOCALIZE[31429]" icon="DefaultSets.png" widgetType="movies" widgetTarget="video" condition="Library.HasContent(movies)">videodb://movies/sets/</shortcut>
			</node>
			<!-- TV Shows -->
			<node label="$LOCALIZE[31432]" icon="DefaultTVShows.png">
				<shortcut widget="NewTvShows" label="$LOCALIZE[31433]" icon="DefaultRecentlyAddedEpisodes.png" widgetType="tvshows" widgetTarget="video" condition="Library.HasContent(tvshows)">$VAR[RecentlyAddedTVShowsVar]</shortcut>
				<shortcut widget="RecentTvShows" label="$LOCALIZE[31434]" icon="DefaultMusicRecentlyPlayed.png" widgetType="tvshows" widgetTarget="video" condition="Library.HasContent(tvshows)">$VAR[RecentlyPlayedTVShowsVar]</shortcut>
				<shortcut widget="RandomTvShows" label="$LOCALIZE[31435]" icon="DefaultTVShows.png" widgetType="tvshows" widgetTarget="video" condition="Library.HasContent(tvshows)">special://skin/xsp/tvshows_random.xsp</shortcut>
				<shortcut widget="InProgressTVShows" label="$LOCALIZE[31436]" icon="DefaultInProgressShows.png" widgetType="tvshows" widgetTarget="video" condition="Library.HasContent(tvshows)">library://video/tvshows/inprogressshows.xml</shortcut>
				<shortcut widget="TopRatedTvShows" label="$LOCALIZE[31438]" icon="DefaultMusicTop100Albums.png" widgetType="tvshows" widgetTarget="video" condition="Library.HasContent(tvshows)">special://skin/xsp/tvshows_toprated.xsp</shortcut>
				<shortcut widget="UnwatchedTVShows" label="$LOCALIZE[31493]" icon="DefaultTVShows.png" widgetType="tvshows" widgetTarget="video" condition="Library.HasContent(tvshows)">special://skin/xsp/tvshows_unwatched.xsp</shortcut>
                <shortcut widget="TvShowNodes" label="$LOCALIZE[31440]" icon="DefaultTVShows.png" widgetType="tvshows" widgetTarget="video" condition="Library.HasContent(tvshows)">library://video/tvshows/</shortcut>
				<shortcut widget="TvShowGenres" label="$LOCALIZE[31439]" icon="DefaultGenre.png" widgetType="tvshows" widgetTarget="video" condition="Library.HasContent(tvshows)">library://video/tvshows/genres.xml</shortcut>
			</node>
			<!-- Episodes -->
			<node label="$LOCALIZE[20360]" icon="DefaultTVShows.png">
				<shortcut widget="NewEpisodes" label="$LOCALIZE[31441]" icon="DefaultRecentlyAddedEpisodes.png" widgetType="episodes" widgetTarget="video" condition="Library.HasContent(tvshows)">$VAR[RecentlyAddedEpisodesVar]</shortcut>
				<shortcut widget="RecentEpisodes" label="$LOCALIZE[31442]" icon="DefaultMusicRecentlyPlayed.png" widgetType="episodes" widgetTarget="video" condition="Library.HasContent(tvshows)">special://skin/xsp/episodes_recentlyplayed.xsp</shortcut>
				<shortcut widget="RandomEpisodes" label="$LOCALIZE[31443]" icon="DefaultTVShows.png" widgetType="episodes" widgetTarget="video" condition="Library.HasContent(tvshows)">special://skin/xsp/episodes_random.xsp</shortcut>
				<shortcut widget="InProgressEpisodes" label="$LOCALIZE[31444]" icon="DefaultInProgressShows.png" widgetType="episodes" widgetTarget="video" condition="Library.HasContent(tvshows)">special://skin/xsp/episodes_inprogress.xsp</shortcut>
				<shortcut widget="TopRatedEpisodes" label="$LOCALIZE[31446]" icon="DefaultMusicTop100Albums.png" widgetType="episodes" widgetTarget="video" condition="Library.HasContent(tvshows)">special://skin/xsp/episodes_toprated.xsp</shortcut>
				<shortcut widget="UnwatchedEpisodes" label="$LOCALIZE[31445]" icon="DefaultTVShows.png" widgetType="episodes" widgetTarget="video" condition="Library.HasContent(tvshows)">special://skin/xsp/episodes_unwatched.xsp</shortcut>
				<shortcut widget="static" label="$LOCALIZE[31488]" icon="DefaultTVShows.png" widgetType="nextaired" widgetTarget="video" condition="Library.HasContent(tvshows) + System.HasAddon(script.tv.show.next.aired)">$INCLUDE[skinshortcuts-template-NextAiredContent]</shortcut>
                <shortcut widget="static" label="$LOCALIZE[31492]" icon="DefaultTVShows.png" widgetType="swrecommendedeps" widgetTarget="video" condition="Library.HasContent(tvshows) + System.HasAddon(service.skin.widgets)">$INCLUDE[skinshortcuts-template-RecommendedEpisodesContent]</shortcut>
			</node>
			<!-- Artists -->
			<node label="$LOCALIZE[133]" icon="DefaultMusicArtists.png">
				<shortcut widget="NewArtists" label="$LOCALIZE[31466]" icon="DefaultMusicArtists.png" widgetType="artists" widgetTarget="music" condition="Library.HasContent(music)">special://skin/xsp/artists_recentlyadded.xsp</shortcut>
				<shortcut widget="RandomArtists" label="$LOCALIZE[31451]" icon="DefaultMusicArtists.png" widgetType="artists" widgetTarget="music" condition="Library.HasContent(music)">special://skin/xsp/artists_random.xsp</shortcut>
				<shortcut widget="MusicNodes" label="$LOCALIZE[31452]" icon="DefaultMusicAlbums.png" widgetType="artists" widgetTarget="music" condition="Library.HasContent(music)">library://music/</shortcut>
			</node>
			<!-- Albums -->
			<node label="$LOCALIZE[132]" icon="DefaultMusicAlbums.png">
				<shortcut widget="NewAlbums" label="$LOCALIZE[31447]" icon="DefaultMusicRecentlyAdded.png" widgetType="albums" widgetTarget="music" condition="Library.HasContent(music)">musicdb://recentlyaddedalbums/</shortcut>
				<shortcut widget="RecentAlbums" label="$LOCALIZE[31448]" icon="DefaultMusicRecentlyPlayed.png" widgetType="albums" widgetTarget="music" condition="Library.HasContent(music)">musicdb://recentlyplayedalbums/</shortcut>
				<shortcut widget="RecentlyReleasedAlbums" label="$LOCALIZE[31494]" icon="DefaultMusicAlbums.png" widgetType="albums" widgetTarget="music" condition="Library.HasContent(music)">special://skin/xsp/albumd_recentlyreleased.xsp</shortcut>
                <shortcut widget="TopAlbums" label="$LOCALIZE[31450]" icon="DefaultMusicTop100Albums.png" widgetType="albums" widgetTarget="music" condition="Library.HasContent(music)">musicdb://top100/albums/</shortcut>
				<shortcut widget="RandomAlbums" label="$LOCALIZE[31449]" icon="DefaultMusicAlbums.png" widgetType="albums" widgetTarget="music" condition="Library.HasContent(music)">special://skin/xsp/albums_random.xsp</shortcut>
				<shortcut widget="MostPlayedAlbums" label="$LOCALIZE[31465]" icon="DefaultMusicRecentlyPlayed.png" widgetType="albums" widgetTarget="music" condition="Library.HasContent(music)">special://skin/xsp/albums_mostplayed.xsp</shortcut>
			</node>
			<!-- Songs -->
			<node label="$LOCALIZE[134]" icon="DefaultMusicSongs.png">
				<shortcut widget="NewSongs" label="$LOCALIZE[31467]" icon="DefaultMusicSongs.png" widgetType="songs" widgetTarget="music" condition="Library.HasContent(music)">$VAR[RecentlyAddedSongsVar]</shortcut>
				<shortcut widget="RecentlyReleasedSongs" label="$LOCALIZE[31468]" icon="DefaultMusicSongs.png" widgetType="songs" widgetTarget="music" condition="Library.HasContent(music)">special://skin/xsp/songs_recentlyreleased.xsp</shortcut>
				<shortcut widget="MostPlayedSongs" label="$LOCALIZE[31469]" icon="DefaultMusicSongs.png" widgetType="songs" widgetTarget="music" condition="Library.HasContent(music)">special://skin/xsp/songs_mostplayed.xsp</shortcut>
				<shortcut widget="RandomSongs" label="$LOCALIZE[31470]" icon="DefaultMusicSongs.png" widgetType="songs" widgetTarget="music" condition="Library.HasContent(music)">special://skin/xsp/songs_random.xsp</shortcut>
			</node>
			<!-- Music videos -->
			<node label="$LOCALIZE[20389]" icon="DefaultMusicVideos.png">
				<shortcut widget="NewMusicVideos" label="$LOCALIZE[31471]" icon="DefaultRecentlyAddedMusicVideos.png" widgetType="musicvideos" widgetTarget="video" condition="Library.HasContent(musicvideos)">$VAR[RecentlyAddedMusicVideosVar]</shortcut>
				<shortcut widget="InProgressMusicVideos" label="$LOCALIZE[31472]" icon="DefaultMusicVideos.png" widgetType="musicvideos" widgetTarget="video" condition="Library.HasContent(musicvideos)">special://skin/xsp/musicvideos_inprogress.xsp</shortcut>
				<shortcut widget="RandomMusicVideos" label="$LOCALIZE[31473]" icon="DefaultMusicVideos.png" widgetType="musicvideos" widgetTarget="video" condition="Library.HasContent(musicvideos)">special://skin/xsp/musicvideos_random.xsp</shortcut>
				<shortcut widget="UnwatchedMusicVideos" label="$LOCALIZE[31474]" icon="DefaultMusicVideos.png" widgetType="musicvideos" widgetTarget="video" condition="Library.HasContent(musicvideos)">special://skin/xsp/musicvideos_unwatched.xsp</shortcut>
			</node>
			<!-- PVR - TV -->
			<node label="$LOCALIZE[31453]" icon="DefaultAddonPVRClient.png">
				<shortcut widget="LastPlayedChannels" label="$LOCALIZE[31454]" icon="DefaultAddonPVRClient.png" widgetType="tv" widgetTarget="pvr" condition="Pvr.HasTVChannels">pvr://channels/tv/*?view=lastplayed</shortcut>
				<shortcut widget="AllChannels" label="$LOCALIZE[19217]" icon="DefaultAddonPVRClient.png" widgetType="tv" widgetTarget="pvr" condition="Pvr.HasTVChannels">pvr://channels/tv/*</shortcut>
                <shortcut widget="TVChannelGroups" label="$LOCALIZE[19173]" icon="DefaultAddonPVRClient.png" widgetType="tv" widgetTarget="tvguide" condition="Pvr.HasTVChannels">pvr://channels/tv/</shortcut>
				<shortcut widget="ActiveRecordings" label="$LOCALIZE[31455]" icon="DefaultAddonPVRClient.png" widgetType="tv" widgetTarget="pvr" condition="Pvr.HasTVChannels">pvr://recordings/tv/active?view=flat</shortcut>
				<shortcut widget="GroupedActiveRecordings" label="$LOCALIZE[31456]" icon="DefaultAddonPVRClient.png" widgetType="tv" widgetTarget="pvr" condition="Pvr.HasTVChannels">pvr://recordings/tv/active?view=grouped</shortcut>
				<shortcut widget="DeletedRecordings" label="$LOCALIZE[19184]" icon="DefaultAddonPVRClient.png" widgetType="tv" widgetTarget="pvr" condition="Pvr.HasTVChannels">pvr://recordings/tv/deleted?view=flat</shortcut>
				<shortcut widget="GroupedDeletedRecordings" label="$LOCALIZE[31457]" icon="DefaultAddonPVRClient.png" widgetType="tv" widgetTarget="pvr" condition="Pvr.HasTVChannels">pvr://recordings/tv/deleted?view=grouped</shortcut>
				<shortcut widget="TVTimers" label="$LOCALIZE[10703]" icon="DefaultAddonPVRClient.png" widgetTarget="pvr" widgetType="tv" condition="Pvr.HasTVChannels">pvr://timers/tv/timers</shortcut>
			</node>
			<!-- PVR - Radio -->
			<node label="$LOCALIZE[19021]" icon="DefaultAddonPVRClient.png">
				<shortcut widget="LastPlayedRadioChannels" label="$LOCALIZE[31461]" icon="DefaultAddonPVRClient.png" widgetType="radio" widgetTarget="pvr" condition="Pvr.HasRadioChannels">pvr://channels/radio/*?view=lastplayed</shortcut>
                <shortcut widget="AllRadioChannels" label="$LOCALIZE[19216]" icon="DefaultAddonPVRClient.png" widgetType="radio" widgetTarget="pvr" condition="Pvr.HasRadioChannels">pvr://channels/radio/*</shortcut>
				<shortcut widget="RadioChannelGroups" label="$LOCALIZE[19174]" icon="DefaultAddonPVRClient.png" widgetType="tv" widgetTarget="radioguide" condition="Pvr.HasRadioChannels">pvr://channels/radio/</shortcut>
                <shortcut widget="ActiveRadioRecordings" label="$LOCALIZE[31462]" icon="DefaultAddonPVRClient.png" widgetType="radio" widgetTarget="pvr" condition="Pvr.HasRadioChannels">pvr://recordings/radio/active?view=flat</shortcut>
				<shortcut widget="GroupedActiveRadioRecordings" label="$LOCALIZE[31463]" icon="DefaultAddonPVRClient.png" widgetType="radio" widgetTarget="pvr" condition="Pvr.HasRadioChannels">pvr://recordings/radio/active?view=grouped</shortcut>
				<shortcut widget="DeletedRadioRecordings" label="$LOCALIZE[19184]" icon="DefaultAddonPVRClient.png" widgetType="radio" widgetTarget="pvr" condition="Pvr.HasRadioChannels">pvr://recordings/radio/deleted?view=flat</shortcut>
				<shortcut widget="GroupedDeletedRadioRecordings" label="$LOCALIZE[31464]" icon="DefaultAddonPVRClient.png" widgetType="radio" widgetTarget="pvr" condition="Pvr.HasRadioChannels">pvr://recordings/radio/deleted?view=grouped</shortcut>
				<shortcut widget="RadioTimers" label="$LOCALIZE[10708]" icon="DefaultAddonPVRClient.png" widgetType="radio" widgetTarget="pvr" condition="Pvr.HasRadioChannels">pvr://timers/radio/timers</shortcut>
			</node>
			<!-- Weather -->
			<node label="$LOCALIZE[12600]">
				<shortcut widget="static" label="$LOCALIZE[31475]" icon="DefaultAddonWeather.png" widgetType="weatherdaily" condition="!String.IsEmpty(Weather.Plugin)">$INCLUDE[skinshortcuts-template-WeatherContentDaily]</shortcut>
				<shortcut widget="static" label="$LOCALIZE[31476]" icon="DefaultAddonWeather.png" widgetType="weatherhourly" condition="!String.IsEmpty(Weather.Plugin)">$INCLUDE[skinshortcuts-template-WeatherContentHourly]</shortcut>
			</node>
			<!-- Favourites -->
			<shortcut widget="allfavorites" label="$LOCALIZE[1036]" icon="DefaultFavourites.png" widgetType="favourite" condition="System.HasAddon(script.favourites)">favourites://</shortcut>
			<!-- System -->
			<shortcut widget="static" label="$LOCALIZE[130]" icon="thumbs/systeminfo/square/system.png" widgetType="system" condition="true">$INCLUDE[skinshortcuts-template-SystemContent]</shortcut>
			<!-- Favourite Addons -->
			<shortcut widget="static" label="$LOCALIZE[31487]" icon="DefaultAddon.png" widgetType="favouriteaddons" condition="!String.IsEmpty(Skin.String(ShelfAddons.1.Label))">$INCLUDE[skinshortcuts-template-FavouriteAddonsContent]</shortcut>
			<!-- Submenu -->
			<shortcut widget="mysubmenu" label="$LOCALIZE[1034]" icon="DefaultAddon.png" widgetType="addons" widgetTarget="programs">$INCLUDE[skinshortcuts-submenu]</shortcut>
		</node>
        <!-- Embuary Helper Widgets -->
		<node label="$LOCALIZE[31495]" icon="DefaultFolder.png">
			<shortcut widget="embuaryhelpermovies" label="$LOCALIZE[31497]" icon="shelves/embuary.helper.png" widgetType="movies" widgetTarget="video" condition="Library.HasContent(movies) + System.HasAddon(script.embuary.helper)">plugin://script.embuary.helper/?info=getbygenre&amp;unwatched=True&amp;type=movie&amp;reload=$INFO[Window(home).Property(EmbuaryWidgetUpdate)]</shortcut>
			<shortcut widget="embuaryhelpertvshows" label="$LOCALIZE[31517]" icon="shelves/embuary.helper.png" widgetType="tvshows" widgetTarget="video" condition="Library.HasContent(tvshows) + System.HasAddon(script.embuary.helper)">plugin://script.embuary.helper/?info=getbygenre&amp;unwatched=True&amp;type=tvshow&amp;reload=$INFO[Window(home).Property(EmbuaryWidgetUpdate)]</shortcut>
            <shortcut widget="embuaryhelpernextepisodes" label="$LOCALIZE[31526]" icon="shelves/embuary.helper.png" widgetType="tvshows" widgetTarget="video" condition="Library.HasContent(tvshows) + System.HasAddon(script.embuary.helper)">plugin://script.embuary.helper/?info=getnextup&amp;reload=$INFO[Window(home).Property(EmbuaryWidgetUpdate)]</shortcut>
        </node>
		<!-- Embuary Info Widgets -->
		<node label="$LOCALIZE[31553]" icon="DefaultFolder.png">
			<!-- Movies -->
			<node label="$LOCALIZE[342]" icon="DefaultMovies.png">
				<shortcut widget="embuaryinfomovies" label="$LOCALIZE[31554]" icon="shelves/embuary.info.png" widgetType="movies" widgetTarget="video" condition="Library.HasContent(movies) + System.HasAddon(script.embuary.info)">plugin://script.embuary.info/movie/popular</shortcut>
				<shortcut widget="embuaryinfomovies" label="$LOCALIZE[31555]" icon="shelves/embuary.info.png" widgetType="movies" widgetTarget="video" condition="Library.HasContent(movies) + System.HasAddon(script.embuary.info)">plugin://script.embuary.info/movie/top_rated</shortcut>
				<shortcut widget="embuaryinfomovies" label="$LOCALIZE[31556]" icon="shelves/embuary.info.png" widgetType="movies" widgetTarget="video" condition="Library.HasContent(movies) + System.HasAddon(script.embuary.info)">plugin://script.embuary.info/movie/upcoming</shortcut>
				<shortcut widget="embuaryinfomovies" label="$LOCALIZE[31557]" icon="shelves/embuary.info.png" widgetType="movies" widgetTarget="video" condition="Library.HasContent(movies) + System.HasAddon(script.embuary.info)">plugin://script.embuary.info/movie/now_playing</shortcut>
				<shortcut widget="embuaryinfomovies" label="$LOCALIZE[31558]" icon="shelves/embuary.info.png" widgetType="movies" widgetTarget="video" condition="Library.HasContent(movies) + System.HasAddon(script.embuary.info)">plugin://script.embuary.info/movie/trending</shortcut>
			</node>
			<!-- TV Shows -->
			<node label="$LOCALIZE[31432]" icon="DefaultTVShows.png">
				<shortcut widget="embuaryinfotvshows" label="$LOCALIZE[31559]" icon="shelves/embuary.info.png" widgetType="tvshows" widgetTarget="video" condition="Library.HasContent(tvshows) + System.HasAddon(script.embuary.info)">plugin://script.embuary.info/tv/popular</shortcut>
				<shortcut widget="embuaryinfotvshows" label="$LOCALIZE[31560]" icon="shelves/embuary.info.png" widgetType="tvshows" widgetTarget="video" condition="Library.HasContent(tvshows) + System.HasAddon(script.embuary.info)">plugin://script.embuary.info/tv/top_rated</shortcut>
				<shortcut widget="embuaryinfotvshows" label="$LOCALIZE[31561]" icon="shelves/embuary.info.png" widgetType="tvshows" widgetTarget="video" condition="Library.HasContent(tvshows) + System.HasAddon(script.embuary.info)">plugin://script.embuary.info/tv/airing_today</shortcut>
				<shortcut widget="embuaryinfotvshows" label="$LOCALIZE[31562]" icon="shelves/embuary.info.png" widgetType="tvshows" widgetTarget="video" condition="Library.HasContent(tvshows) + System.HasAddon(script.embuary.info)">plugin://script.embuary.info/tv/on_the_air</shortcut>
				<shortcut widget="embuaryinfotvshows" label="$LOCALIZE[31563]" icon="shelves/embuary.info.png" widgetType="tvshows" widgetTarget="video" condition="Library.HasContent(tvshows) + System.HasAddon(script.embuary.info)">plugin://script.embuary.info/tv/trending</shortcut>
			</node>
			<!-- Episodes -->
			<node label="$LOCALIZE[20360]" icon="DefaultTVShows.png">
			    <shortcut widget="embuaryinfoepisodes" label="$LOCALIZE[31567]" icon="shelves/embuary.info.png" widgetType="episodes" widgetTarget="video" condition="Library.HasContent(tvshows) + System.HasAddon(script.embuary.info)">plugin://script.embuary.info/nextaired/week</shortcut>
				<shortcut widget="embuaryinfoepisodes" label="$LOCALIZE[31568]" icon="shelves/embuary.info.png" widgetType="episodes" widgetTarget="video" condition="Library.HasContent(tvshows) + System.HasAddon(script.embuary.info)">plugin://script.embuary.info/nextaired/today</shortcut>
			</node>
        </node>
        <!-- Themoviedb Helper Widgets -->
		<node label="$LOCALIZE[31498]" icon="DefaultFolder.png">
			<!-- Movies -->
			<node label="$LOCALIZE[342]" icon="DefaultMovies.png">
				<shortcut widget="tmdbhelpermovies" label="$LOCALIZE[31518]" icon="shelves/themoviedb.helper.png" widgetType="movies" widgetTarget="video" condition="Library.HasContent(movies) + System.HasAddon(plugin.video.themoviedb.helper)">plugin://plugin.video.themoviedb.helper/?info=popular&amp;type=movie</shortcut>
				<shortcut widget="tmdbhelpermovies" label="$LOCALIZE[31519]" icon="shelves/themoviedb.helper.png" widgetType="movies" widgetTarget="video" condition="Library.HasContent(movies) + System.HasAddon(plugin.video.themoviedb.helper)">plugin://plugin.video.themoviedb.helper/?info=top_rated&amp;type=movie</shortcut>
				<shortcut widget="tmdbhelpermovies" label="$LOCALIZE[31520]" icon="shelves/themoviedb.helper.png" widgetType="movies" widgetTarget="video" condition="Library.HasContent(movies) + System.HasAddon(plugin.video.themoviedb.helper)">plugin://plugin.video.themoviedb.helper/?info=upcoming&amp;type=movie</shortcut>
				<shortcut widget="tmdbhelpermovies" label="$LOCALIZE[31521]" icon="shelves/themoviedb.helper.png" widgetType="movies" widgetTarget="video" condition="Library.HasContent(movies) + System.HasAddon(plugin.video.themoviedb.helper)">plugin://plugin.video.themoviedb.helper/?info=now_playing&amp;type=movie</shortcut>
				<shortcut widget="tmdbhelpermovies" label="$LOCALIZE[31530]" icon="shelves/themoviedb.helper.png" widgetType="movies" widgetTarget="video" condition="Library.HasContent(movies) + System.HasAddon(plugin.video.themoviedb.helper)">plugin://plugin.video.themoviedb.helper/?info=trending_day&amp;type=movie</shortcut>
				<shortcut widget="tmdbhelpermovies" label="$LOCALIZE[31531]" icon="shelves/themoviedb.helper.png" widgetType="movies" widgetTarget="video" condition="Library.HasContent(movies) + System.HasAddon(plugin.video.themoviedb.helper)">plugin://plugin.video.themoviedb.helper/?info=trending_week&amp;type=movie</shortcut>
				<shortcut widget="tmdbhelpermovies" label="$LOCALIZE[31532]" icon="shelves/themoviedb.helper.png" widgetType="movies" widgetTarget="video" condition="Library.HasContent(movies) + System.HasAddon(plugin.video.themoviedb.helper)">plugin://plugin.video.themoviedb.helper/?info=revenue_movies&amp;type=movie</shortcut>
				<shortcut widget="tmdbhelpermovies" label="$LOCALIZE[31533]" icon="shelves/themoviedb.helper.png" widgetType="movies" widgetTarget="video" condition="Library.HasContent(movies) + System.HasAddon(plugin.video.themoviedb.helper)">plugin://plugin.video.themoviedb.helper/?info=most_voted&amp;type=movie</shortcut>
				<shortcut widget="tmdbhelpermovies" label="$LOCALIZE[31538]" icon="shelves/themoviedb.helper.png" widgetType="movies" widgetTarget="video" condition="Library.HasContent(movies) + System.HasAddon(plugin.video.themoviedb.helper) + System.HasAddon(script.trakt)">plugin://plugin.video.themoviedb.helper/?info=trakt_watchlist&amp;type=movie</shortcut>
				<shortcut widget="tmdbhelpermovies" label="$LOCALIZE[31539]" icon="shelves/themoviedb.helper.png" widgetType="movies" widgetTarget="video" condition="Library.HasContent(movies) + System.HasAddon(plugin.video.themoviedb.helper) + System.HasAddon(script.trakt)">plugin://plugin.video.themoviedb.helper/?info=trakt_history&amp;type=movie</shortcut>
				<shortcut widget="tmdbhelpermovies" label="$LOCALIZE[31540]" icon="shelves/themoviedb.helper.png" widgetType="movies" widgetTarget="video" condition="Library.HasContent(movies) + System.HasAddon(plugin.video.themoviedb.helper) + System.HasAddon(script.trakt)">plugin://plugin.video.themoviedb.helper/?info=trakt_mostwatched&amp;type=movie</shortcut>
				<shortcut widget="tmdbhelpermovies" label="$LOCALIZE[31542]" icon="shelves/themoviedb.helper.png" widgetType="movies" widgetTarget="video" condition="Library.HasContent(movies) + System.HasAddon(plugin.video.themoviedb.helper) + System.HasAddon(script.trakt)">plugin://plugin.video.themoviedb.helper/?info=trakt_recommendations&amp;type=movie</shortcut>
				<shortcut widget="tmdbhelpermovies" label="$LOCALIZE[31543]" icon="shelves/themoviedb.helper.png" widgetType="movies" widgetTarget="video" condition="Library.HasContent(movies) + System.HasAddon(plugin.video.themoviedb.helper) + System.HasAddon(script.trakt)">plugin://plugin.video.themoviedb.helper/?info=trakt_trending&amp;type=movie</shortcut>
				<shortcut widget="tmdbhelpermovies" label="$LOCALIZE[31544]" icon="shelves/themoviedb.helper.png" widgetType="movies" widgetTarget="video" condition="Library.HasContent(movies) + System.HasAddon(plugin.video.themoviedb.helper) + System.HasAddon(script.trakt)">plugin://plugin.video.themoviedb.helper/?info=trakt_popular&amp;type=movie</shortcut>
				<shortcut widget="tmdbhelpermovies" label="$LOCALIZE[31545]" icon="shelves/themoviedb.helper.png" widgetType="movies" widgetTarget="video" condition="Library.HasContent(movies) + System.HasAddon(plugin.video.themoviedb.helper) + System.HasAddon(script.trakt)">plugin://plugin.video.themoviedb.helper/?info=trakt_mostplayed&amp;type=movie</shortcut>
				<shortcut widget="tmdbhelpermovies" label="$LOCALIZE[31546]" icon="shelves/themoviedb.helper.png" widgetType="movies" widgetTarget="video" condition="Library.HasContent(movies) + System.HasAddon(plugin.video.themoviedb.helper) + System.HasAddon(script.trakt)">plugin://plugin.video.themoviedb.helper/?info=trakt_anticipated&amp;type=movie</shortcut>
				<shortcut widget="tmdbhelpermovies" label="$LOCALIZE[31547]" icon="shelves/themoviedb.helper.png" widgetType="movies" widgetTarget="video" condition="Library.HasContent(movies) + System.HasAddon(plugin.video.themoviedb.helper) + System.HasAddon(script.trakt)">plugin://plugin.video.themoviedb.helper/?info=trakt_boxoffice&amp;type=movie</shortcut>
			</node>
			<!-- TV Shows -->
			<node label="$LOCALIZE[31432]" icon="DefaultTVShows.png">
				<shortcut widget="tmdbhelpertvshows" label="$LOCALIZE[31522]" icon="shelves/themoviedb.helper.png" widgetType="tvshows" widgetTarget="video" condition="Library.HasContent(tvshows) + System.HasAddon(plugin.video.themoviedb.helper)">plugin://plugin.video.themoviedb.helper/?info=popular&amp;type=tv</shortcut>
				<shortcut widget="tmdbhelpertvshows" label="$LOCALIZE[31523]" icon="shelves/themoviedb.helper.png" widgetType="tvshows" widgetTarget="video" condition="Library.HasContent(tvshows) + System.HasAddon(plugin.video.themoviedb.helper)">plugin://plugin.video.themoviedb.helper/?info=top_rated&amp;type=tv</shortcut>
				<shortcut widget="tmdbhelpertvshows" label="$LOCALIZE[31524]" icon="shelves/themoviedb.helper.png" widgetType="tvshows" widgetTarget="video" condition="Library.HasContent(tvshows) + System.HasAddon(plugin.video.themoviedb.helper)">plugin://plugin.video.themoviedb.helper/?info=airing_today&amp;type=tv</shortcut>
				<shortcut widget="tmdbhelpertvshows" label="$LOCALIZE[31525]" icon="shelves/themoviedb.helper.png" widgetType="tvshows" widgetTarget="video" condition="Library.HasContent(tvshows) + System.HasAddon(plugin.video.themoviedb.helper)">plugin://plugin.video.themoviedb.helper/?info=on_the_air&amp;type=tv</shortcut>
				<shortcut widget="tmdbhelpertvshows" label="$LOCALIZE[31530]" icon="shelves/themoviedb.helper.png" widgetType="tvshows" widgetTarget="video" condition="Library.HasContent(tvshows) + System.HasAddon(plugin.video.themoviedb.helper)">plugin://plugin.video.themoviedb.helper/?info=trending_day&amp;type=tv</shortcut>
				<shortcut widget="tmdbhelpertvshows" label="$LOCALIZE[31531]" icon="shelves/themoviedb.helper.png" widgetType="tvshows" widgetTarget="video" condition="Library.HasContent(tvshows) + System.HasAddon(plugin.video.themoviedb.helper)">plugin://plugin.video.themoviedb.helper/?info=trending_week&amp;type=tv</shortcut>
				<shortcut widget="tmdbhelpertvshows" label="$LOCALIZE[31533]" icon="shelves/themoviedb.helper.png" widgetType="tvshows" widgetTarget="video" condition="Library.HasContent(tvshows) + System.HasAddon(plugin.video.themoviedb.helper)">plugin://plugin.video.themoviedb.helper/?info=most_voted&amp;type=tv</shortcut>
				<shortcut widget="tmdbhelpertvshows" label="$LOCALIZE[31538]" icon="shelves/themoviedb.helper.png" widgetType="tvshows" widgetTarget="video" condition="Library.HasContent(tvshows) + System.HasAddon(plugin.video.themoviedb.helper) + System.HasAddon(script.trakt)">plugin://plugin.video.themoviedb.helper/?info=trakt_watchlist&amp;type=tv</shortcut>
				<shortcut widget="tmdbhelpertvshows" label="$LOCALIZE[31539]" icon="shelves/themoviedb.helper.png" widgetType="tvshows" widgetTarget="video" condition="Library.HasContent(tvshows) + System.HasAddon(plugin.video.themoviedb.helper) + System.HasAddon(script.trakt)">plugin://plugin.video.themoviedb.helper/?info=trakt_history&amp;type=tv</shortcut>
				<shortcut widget="tmdbhelpertvshows" label="$LOCALIZE[31540]" icon="shelves/themoviedb.helper.png" widgetType="tvshows" widgetTarget="video" condition="Library.HasContent(tvshows) + System.HasAddon(plugin.video.themoviedb.helper) + System.HasAddon(script.trakt)">plugin://plugin.video.themoviedb.helper/?info=trakt_mostwatched&amp;type=tv</shortcut>
				<shortcut widget="tmdbhelpertvshows" label="$LOCALIZE[31541]" icon="shelves/themoviedb.helper.png" widgetType="tvshows" widgetTarget="video" condition="Library.HasContent(tvshows) + System.HasAddon(plugin.video.themoviedb.helper) + System.HasAddon(script.trakt)">plugin://plugin.video.themoviedb.helper/?info=trakt_inprogress&amp;type=tv</shortcut>
				<shortcut widget="tmdbhelpertvshows" label="$LOCALIZE[31542]" icon="shelves/themoviedb.helper.png" widgetType="tvshows" widgetTarget="video" condition="Library.HasContent(tvshows) + System.HasAddon(plugin.video.themoviedb.helper) + System.HasAddon(script.trakt)">plugin://plugin.video.themoviedb.helper/?info=trakt_recommendations&amp;type=tv</shortcut>
				<shortcut widget="tmdbhelpertvshows" label="$LOCALIZE[31543]" icon="shelves/themoviedb.helper.png" widgetType="tvshows" widgetTarget="video" condition="Library.HasContent(tvshows) + System.HasAddon(plugin.video.themoviedb.helper) + System.HasAddon(script.trakt)">plugin://plugin.video.themoviedb.helper/?info=trakt_trending&amp;type=tv</shortcut>
				<shortcut widget="tmdbhelpertvshows" label="$LOCALIZE[31544]" icon="shelves/themoviedb.helper.png" widgetType="tvshows" widgetTarget="video" condition="Library.HasContent(tvshows) + System.HasAddon(plugin.video.themoviedb.helper) + System.HasAddon(script.trakt)">plugin://plugin.video.themoviedb.helper/?info=trakt_popular&amp;type=tv</shortcut>
				<shortcut widget="tmdbhelpertvshows" label="$LOCALIZE[31545]" icon="shelves/themoviedb.helper.png" widgetType="tvshows" widgetTarget="video" condition="Library.HasContent(tvshows) + System.HasAddon(plugin.video.themoviedb.helper) + System.HasAddon(script.trakt)">plugin://plugin.video.themoviedb.helper/?info=trakt_mostplayed&amp;type=tv</shortcut>
				<shortcut widget="tmdbhelpertvshows" label="$LOCALIZE[31546]" icon="shelves/themoviedb.helper.png" widgetType="tvshows" widgetTarget="video" condition="Library.HasContent(tvshows) + System.HasAddon(plugin.video.themoviedb.helper) + System.HasAddon(script.trakt)">plugin://plugin.video.themoviedb.helper/?info=trakt_anticipated&amp;type=tv</shortcut>
				<shortcut widget="tmdbhelpertvshows" label="$LOCALIZE[31548]" icon="shelves/themoviedb.helper.png" widgetType="tvshows" widgetTarget="video" condition="Library.HasContent(tvshows) + System.HasAddon(plugin.video.themoviedb.helper) + System.HasAddon(script.trakt)">plugin://plugin.video.themoviedb.helper/?info=trakt_myairing&amp;type=tv</shortcut>
			</node>
			<!-- Episodes -->
			<node label="$LOCALIZE[20360]" icon="DefaultTVShows.png">
			    <shortcut widget="tmdbhelperepisodes" label="$LOCALIZE[31564]" icon="shelves/themoviedb.helper.png" widgetType="episodes" widgetTarget="video" condition="Library.HasContent(tvshows) + System.HasAddon(plugin.video.themoviedb.helper)">plugin://plugin.video.themoviedb.helper/?info=library_nextaired&amp;days=365&amp;startdate=0&amp;type=episode&amp;widget=true&amp;localdb=true</shortcut>
				<shortcut widget="tmdbhelperepisodes" label="$LOCALIZE[31565]" icon="shelves/themoviedb.helper.png" widgetType="episodes" widgetTarget="video" condition="Library.HasContent(tvshows) + System.HasAddon(plugin.video.themoviedb.helper)">plugin://plugin.video.themoviedb.helper/?info=library_nextaired&amp;days=7&amp;startdate=0&amp;type=episode&amp;widget=true&amp;localdb=true</shortcut>
				<shortcut widget="tmdbhelperepisodes" label="$LOCALIZE[31566]" icon="shelves/themoviedb.helper.png" widgetType="episodes" widgetTarget="video" condition="Library.HasContent(tvshows) + System.HasAddon(plugin.video.themoviedb.helper)">plugin://plugin.video.themoviedb.helper/?info=library_nextaired&amp;startdate=0&amp;type=episode&amp;widget=true&amp;localdb=true</shortcut>	
			</node>
			<!-- People -->
			<node label="$LOCALIZE[31534]" icon="DefaultActor.png">
				<shortcut widget="tmdbhelperpeople" label="$LOCALIZE[31529]" icon="shelves/themoviedb.helper.png" widgetType="people" widgetTarget="video" condition="[Library.HasContent(tvshows) | Library.HasContent(movies)] + System.HasAddon(plugin.video.themoviedb.helper)">plugin://plugin.video.themoviedb.helper/?info=popular&amp;type=person&amp;widget=True</shortcut>
				<shortcut widget="tmdbhelperpeople" label="$LOCALIZE[31535]" icon="shelves/themoviedb.helper.png" widgetType="people" widgetTarget="video" condition="[Library.HasContent(tvshows) | Library.HasContent(movies)] + System.HasAddon(plugin.video.themoviedb.helper)">plugin://plugin.video.themoviedb.helper/?info=trending_day&amp;type=person&amp;widget=True</shortcut>
				<shortcut widget="tmdbhelperpeople" label="$LOCALIZE[31536]" icon="shelves/themoviedb.helper.png" widgetType="people" widgetTarget="video" condition="[Library.HasContent(tvshows) | Library.HasContent(movies)] + System.HasAddon(plugin.video.themoviedb.helper)">plugin://plugin.video.themoviedb.helper/?info=trending_week&amp;type=person&amp;widget=True</shortcut>
			</node>
			<!-- Trakt -->
			<node label="$LOCALIZE[31537]" icon="DefaultMovies.png">
				<shortcut widget="tmdbhelpertrakt" label="$LOCALIZE[31549]" icon="shelves/themoviedb.helper.png" widgetType="movies" widgetTarget="video" condition="[Library.HasContent(tvshows) | Library.HasContent(movies)] + System.HasAddon(plugin.video.themoviedb.helper) + System.HasAddon(script.trakt)">plugin://plugin.video.themoviedb.helper?info=trakt_trendinglists&amp;type=both&amp;widget=True</shortcut>
				<shortcut widget="tmdbhelpertrakt" label="$LOCALIZE[31550]" icon="shelves/themoviedb.helper.png" widgetType="movies" widgetTarget="video" condition="[Library.HasContent(tvshows) | Library.HasContent(movies)] + System.HasAddon(plugin.video.themoviedb.helper) + System.HasAddon(script.trakt)">plugin://plugin.video.themoviedb.helper?info=trakt_popularlists&amp;type=both&amp;widget=True</shortcut>
				<shortcut widget="tmdbhelpertrakt" label="$LOCALIZE[31551]" icon="shelves/themoviedb.helper.png" widgetType="movies" widgetTarget="video" condition="[Library.HasContent(tvshows) | Library.HasContent(movies)] + System.HasAddon(plugin.video.themoviedb.helper) + System.HasAddon(script.trakt)">plugin://plugin.video.themoviedb.helper?info=trakt_likedlists&amp;type=both&amp;widget=True</shortcut>
				<shortcut widget="tmdbhelpertrakt" label="$LOCALIZE[31552]" icon="shelves/themoviedb.helper.png" widgetType="movies" widgetTarget="video" condition="[Library.HasContent(tvshows) | Library.HasContent(movies)] + System.HasAddon(plugin.video.themoviedb.helper) + System.HasAddon(script.trakt)">plugin://plugin.video.themoviedb.helper?info=trakt_mylists&amp;type=both&amp;widget=True</shortcut>
			</node>
        </node>            
		<!-- Picture sources -->
		<node label="32020">
			<content>picturesources</content>
		</node>
		<!-- Games -->
		<node label="$LOCALIZE[31419]">
			<content>sources://games/</content>
		</node>
		<shortcut label="$LOCALIZE[10821]" icon="DefaultGames.png" widget="gamesources" widgetType="games" widgetTarget="games">sources://games/</shortcut>
		<!-- Add-ons -->
		<node label="32007">
			<node label="32010">
				<content>addon-video</content>
			</node>
			<node label="32011">
				<content>addon-audio</content>
			</node>
			<node label="32012">
				<content>addon-image</content>
			</node>
			<node label="32009">
				<content>addon-program</content>
			</node>
			<shortcut label="$LOCALIZE[1043]" widget="addon" icon="DefaultAddonProgram.png" widgetType="addons" widgetTarget="programs">addons://sources/executable/</shortcut>
			<shortcut label="$LOCALIZE[20244]" widget="addon" icon="DefaultAddonProgram.png" widgetType="addons" widgetTarget="programs" condition="System.Platform.Android">androidapp://sources/apps/</shortcut>
			<shortcut label="$LOCALIZE[1037]" widget="addon" icon="DefaultAddonVideo.png" widgetType="addons" widgetTarget="video">addons://sources/video/</shortcut>
			<shortcut label="$LOCALIZE[1038]" widget="addon" icon="DefaultAddonMusic.png" widgetType="addons" widgetTarget="music">addons://sources/audio/</shortcut>
			<shortcut label="$LOCALIZE[1039]" widget="addon" icon="DefaultAddonPicture.png" widgetType="addons" widgetTarget="pictures">addons://sources/image/</shortcut>
			<shortcut label="$LOCALIZE[35049]" widget="addon" icon="DefaultAddonGame.png" widgetType="addons" widgetTarget="games">addons://sources/game</shortcut>
		</node>
		<!-- Video Library -->
		<node label="32030">
			<content>video</content>
			<node label="32040">
				<content>playlist-video</content>
			</node>
			<node label="32075">
				<content>videosources</content>
			</node>
		</node>
		<!-- Music Library -->
		<node label="32031">
			<content>music</content>
			<node label="32040">
				<content>playlist-audio</content>
			</node>
			<node label="32075">
				<content>musicsources</content>
			</node>
		</node>
	</widget-groupings>

    <!-- Default widgets -->
<!--    <propertydefault defaultID="movies" property="widget">NewMovies</propertydefault>
    <propertydefault defaultID="movies" property="widgetTarget">video</propertydefault>
    <propertydefault defaultID="movies" property="widgetType">movies</propertydefault>
    <propertydefault defaultID="movies" property="widgetPath">special://skin/xsp/movies_recentlyadded.xsp</propertydefault>
    <propertydefault defaultID="movies" property="widgetName">$LOCALIZE[31422]</propertydefault>
    <propertydefault defaultID="movies" property="widgetSortBy">dateadded</propertydefault>
    <propertydefault defaultID="movies" property="widgetSortOrder">descending</propertydefault>
    <propertydefault defaultID="movies" property="widgetLimit">$NUMBER[25]</propertydefault>
    <propertydefault defaultID="movies" property="widget.2">InProgressMovies</propertydefault>
    <propertydefault defaultID="movies" property="widgetTarget.2">video</propertydefault>
    <propertydefault defaultID="movies" property="widgetType.2">movies</propertydefault>
    <propertydefault defaultID="movies" property="widgetPath.2">special://skin/xsp/movies_inprogress.xsp</propertydefault>
    <propertydefault defaultID="movies" property="widgetName.2">$LOCALIZE[31425]</propertydefault>
    <propertydefault defaultID="movies" property="widgetSortBy.2">lastplayed</propertydefault>
    <propertydefault defaultID="movies" property="widgetSortOrder.2">descending</propertydefault>
    <propertydefault defaultID="movies" property="widgetLimit.2">$NUMBER[25]</propertydefault>
    <propertydefault defaultID="movies" property="widget.3">RandomMovies</propertydefault>
    <propertydefault defaultID="movies" property="widgetTarget.3">video</propertydefault>
    <propertydefault defaultID="movies" property="widgetType.3">movies</propertydefault>
    <propertydefault defaultID="movies" property="widgetPath.3">special://skin/xsp/movies_random.xsp</propertydefault>
    <propertydefault defaultID="movies" property="widgetName.3">$LOCALIZE[31424]</propertydefault>
    <propertydefault defaultID="movies" property="widgetSortBy.3">random</propertydefault>
    <propertydefault defaultID="movies" property="widgetLimit.3">$NUMBER[25]</propertydefault>
    
    <propertydefault defaultID="tvshows" property="widget">NewEpisodes</propertydefault>
    <propertydefault defaultID="tvshows" property="widgetTarget">video</propertydefault>
    <propertydefault defaultID="tvshows" property="widgetType">episodes</propertydefault>
    <propertydefault defaultID="tvshows" property="widgetPath">special://skin/xsp/episodes_recentlyadded.xsp</propertydefault>
    <propertydefault defaultID="tvshows" property="widgetName">$LOCALIZE[31441]</propertydefault>
    <propertydefault defaultID="tvshows" property="widgetSortBy">dateadded</propertydefault>
    <propertydefault defaultID="tvshows" property="widgetSortOrder">descending</propertydefault>
    <propertydefault defaultID="tvshows" property="widgetLimit">$NUMBER[25]</propertydefault>    
    <propertydefault defaultID="tvshows" property="widget.2">UnwatchedTVShows</propertydefault>
    <propertydefault defaultID="tvshows" property="widgetTarget.2">video</propertydefault>
    <propertydefault defaultID="tvshows" property="widgetType.2">tvshows</propertydefault>
    <propertydefault defaultID="tvshows" property="widgetPath.2">special://skin/xsp/tvshows_unwatched.xsp</propertydefault>
    <propertydefault defaultID="tvshows" property="widgetName.2">$LOCALIZE[31437]</propertydefault>
    <propertydefault defaultID="tvshows" property="widgetSortBy.2">random</propertydefault>
    <propertydefault defaultID="tvshows" property="widgetLimit.2">$NUMBER[25]</propertydefault>
    <propertydefault defaultID="tvshows" property="widget.3">InProgressTVShows</propertydefault>
    <propertydefault defaultID="tvshows" property="widgetTarget.3">video</propertydefault>
    <propertydefault defaultID="tvshows" property="widgetType.3">tvshows</propertydefault>
    <propertydefault defaultID="tvshows" property="widgetPath.3">library://video/tvshows/inprogressshows.xml</propertydefault>
    <propertydefault defaultID="tvshows" property="widgetName.3">$LOCALIZE[31436]</propertydefault>
    <propertydefault defaultID="tvshows" property="widgetSortBy.3">lastplayed</propertydefault>
    <propertydefault defaultID="tvshows" property="widgetSortOrder.3">descending</propertydefault>
    <propertydefault defaultID="tvshows" property="widgetLimit.3">$NUMBER[25]</propertydefault>
    <propertydefault defaultID="tvshows" property="widget.4">InProgressEpisodes</propertydefault>
    <propertydefault defaultID="tvshows" property="widgetTarget.4">video</propertydefault>
    <propertydefault defaultID="tvshows" property="widgetType.4">episodes</propertydefault>
    <propertydefault defaultID="tvshows" property="widgetPath.4">special://skin/xsp/episodes_inprogress.xsp</propertydefault>
    <propertydefault defaultID="tvshows" property="widgetName.4">$LOCALIZE[31444]</propertydefault>
    <propertydefault defaultID="tvshows" property="widgetSortBy.4">lastplayed</propertydefault>
    <propertydefault defaultID="tvshows" property="widgetSortOrder.4">descending</propertydefault>
    <propertydefault defaultID="tvshows" property="widgetLimit.4">$NUMBER[25]</propertydefault>
    <propertydefault defaultID="tvshows" property="widget.5">NextEpisodes</propertydefault>
    <propertydefault defaultID="tvshows" property="widgetTarget.5">video</propertydefault>
    <propertydefault defaultID="tvshows" property="widgetType.5">episodes</propertydefault>
    <propertydefault defaultID="tvshows" property="widgetPath.5">plugin://script.skin.helper.widgets/?action=next&amp;mediatype=episodes&amp;reload=$INFO[Window(Home).Property(widgetreload-episodes)]</propertydefault>
    <propertydefault defaultID="tvshows" property="widgetName.5">$LOCALIZE[31489]</propertydefault>
    <propertydefault defaultID="tvshows" property="widgetLimit.5">$NUMBER[25]</propertydefault>
    <propertydefault defaultID="tvshows" property="widget.6">AiringTodayEpisodes</propertydefault>
    <propertydefault defaultID="tvshows" property="widgetTarget.6">video</propertydefault>
    <propertydefault defaultID="tvshows" property="widgetType.6">episodes</propertydefault>
    <propertydefault defaultID="tvshows" property="widgetPath.6">plugin://script.skin.helper.widgets/?action=airingtoday&amp;mediatype=episodes&amp;reload=$INFO[Window(Home).Property(widgetreload-episodes)]</propertydefault>
    <propertydefault defaultID="tvshows" property="widgetName.6">$LOCALIZE[31490]</propertydefault>
    <propertydefault defaultID="tvshows" property="widgetLimit.6">$NUMBER[25]</propertydefault>

    <propertydefault defaultID="music" property="widget">NewAlbums</propertydefault>
    <propertydefault defaultID="music" property="widgetTarget">music</propertydefault>
    <propertydefault defaultID="music" property="widgetType">albums</propertydefault>
    <propertydefault defaultID="music" property="widgetPath">musicdb://recentlyaddedalbums/</propertydefault>
    <propertydefault defaultID="music" property="widgetName">$LOCALIZE[31447]</propertydefault>
    <propertydefault defaultID="music" property="widgetSortBy">dateadded</propertydefault>
    <propertydefault defaultID="music" property="widgetSortOrder">descending</propertydefault>
    <propertydefault defaultID="music" property="widgetLimit">$NUMBER[25]</propertydefault>    
    <propertydefault defaultID="music" property="widget.2">MostPlayedAlbums</propertydefault>
    <propertydefault defaultID="music" property="widgetTarget.2">music</propertydefault>
    <propertydefault defaultID="music" property="widgetType.2">albums</propertydefault>
    <propertydefault defaultID="music" property="widgetPath.2">special://skin/xsp/albums_mostplayed.xsp</propertydefault>
    <propertydefault defaultID="music" property="widgetName.2">$LOCALIZE[31465]</propertydefault>
    <propertydefault defaultID="music" property="widgetSortBy.2">lastplayed</propertydefault>
    <propertydefault defaultID="music" property="widgetSortOrder.2">descending</propertydefault>
    <propertydefault defaultID="music" property="widgetLimit.2">$NUMBER[25]</propertydefault>
    <propertydefault defaultID="music" property="widget.3">RandomAlbums</propertydefault>
    <propertydefault defaultID="music" property="widgetTarget.3">music</propertydefault>
    <propertydefault defaultID="music" property="widgetType.3">albums</propertydefault>
    <propertydefault defaultID="music" property="widgetPath.3">special://skin/xsp/albums_random.xsp</propertydefault>
    <propertydefault defaultID="music" property="widgetName.3">$LOCALIZE[31449]</propertydefault>
    <propertydefault defaultID="music" property="widgetSortBy.3">random</propertydefault>
    <propertydefault defaultID="music" property="widgetLimit.3">$NUMBER[25]</propertydefault>
    <propertydefault defaultID="music" property="widget.4">MostPlayedSongs</propertydefault>
    <propertydefault defaultID="music" property="widgetTarget.4">music</propertydefault>
    <propertydefault defaultID="music" property="widgetType.4">songs</propertydefault>
    <propertydefault defaultID="music" property="widgetPath.4">special://skin/xsp/songs_mostplayed.xsp</propertydefault>
    <propertydefault defaultID="music" property="widgetName.4">$LOCALIZE[31469]</propertydefault>
    <propertydefault defaultID="music" property="widgetSortBy.4">lastplayed</propertydefault>
    <propertydefault defaultID="music" property="widgetSortOrder.4">descending</propertydefault>
    <propertydefault defaultID="music" property="widgetLimit.4">$NUMBER[25]</propertydefault>
    <propertydefault defaultID="music" property="widget.5">RandomArtists</propertydefault>
    <propertydefault defaultID="music" property="widgetTarget.5">music</propertydefault>
    <propertydefault defaultID="music" property="widgetType.5">artists</propertydefault>
    <propertydefault defaultID="music" property="widgetPath.5">special://skin/xsp/artists_random.xsp</propertydefault>
    <propertydefault defaultID="music" property="widgetName.5">$LOCALIZE[31451]</propertydefault>
    <propertydefault defaultID="music" property="widgetSortBy.5">random</propertydefault>
    <propertydefault defaultID="music" property="widgetLimit.5">$NUMBER[25]</propertydefault>
    
    <propertydefault defaultID="musicvideos" property="widget">NewMusicVideos</propertydefault>
    <propertydefault defaultID="musicvideos" property="widgetTarget">video</propertydefault>
    <propertydefault defaultID="musicvideos" property="widgetType">musicvideos</propertydefault>
    <propertydefault defaultID="musicvideos" property="widgetPath">special://skin/xsp/musicvideos_recentlyadded.xsp</propertydefault>
    <propertydefault defaultID="musicvideos" property="widgetName">$LOCALIZE[31471]</propertydefault>
    <propertydefault defaultID="musicvideos" property="widgetSortBy">dateadded</propertydefault>
    <propertydefault defaultID="musicvideos" property="widgetSortOrder">descending</propertydefault>    
    <propertydefault defaultID="musicvideos" property="widgetLimit">$NUMBER[25]</propertydefault>    
    <propertydefault defaultID="musicvideos" property="widget.2">RandomMusicVideos</propertydefault>
    <propertydefault defaultID="musicvideos" property="widgetTarget.2">video</propertydefault>
    <propertydefault defaultID="musicvideos" property="widgetType.2">musicvideos</propertydefault>
    <propertydefault defaultID="musicvideos" property="widgetPath.2">special://skin/xsp/musicvideos_random.xsp</propertydefault>
    <propertydefault defaultID="musicvideos" property="widgetName.2">$LOCALIZE[31473]</propertydefault>
    <propertydefault defaultID="musicvideos" property="widgetLimit.2">$NUMBER[25]</propertydefault>
    <propertydefault defaultID="musicvideos" property="widget.3">UnwatchedMusicVideos</propertydefault>
    <propertydefault defaultID="musicvideos" property="widgetTarget.3">video</propertydefault>
    <propertydefault defaultID="musicvideos" property="widgetType.3">musicvideos</propertydefault>
    <propertydefault defaultID="musicvideos" property="widgetPath.3">special://skin/xsp/musicvideos_unwatched.xsp</propertydefault>
    <propertydefault defaultID="musicvideos" property="widgetName.3">$LOCALIZE[31474]</propertydefault>
    <propertydefault defaultID="musicvideos" property="widgetLimit.3">$NUMBER[25]</propertydefault>    
 
    <propertydefault defaultID="tv" property="widget">LastPlayedChannels</propertydefault>
    <propertydefault defaultID="tv" property="widgetTarget">pvr</propertydefault>
    <propertydefault defaultID="tv" property="widgetType">tv</propertydefault>
    <propertydefault defaultID="tv" property="widgetPath">pvr://channels/tv/*?=lastplayed</propertydefault>
    <propertydefault defaultID="tv" property="widgetName">$LOCALIZE[31454]</propertydefault>
    <propertydefault defaultID="tv" property="widgetSortBy">lastplayed</propertydefault>
    <propertydefault defaultID="tv" property="widgetSortOrder">descending</propertydefault>    
    <propertydefault defaultID="tv" property="widgetLimit">$NUMBER[25]</propertydefault>
    <propertydefault defaultID="tv" property="widget.2">ActiveTVRecordings</propertydefault>
    <propertydefault defaultID="tv" property="widgetTarget.2">pvr</propertydefault>
    <propertydefault defaultID="tv" property="widgetType.2">tv</propertydefault>
    <propertydefault defaultID="tv" property="widgetPath.2">pvr://recordings/tv/active?view=flat</propertydefault>
    <propertydefault defaultID="tv" property="widgetName.2">$LOCALIZE[31455]</propertydefault>
    <propertydefault defaultID="tv" property="widgetLimit.2">$NUMBER[25]</propertydefault>
    
    <propertydefault defaultID="radio" property="widget">LastPlayedRadioChannels</propertydefault>
    <propertydefault defaultID="radio" property="widgetTarget">pvr</propertydefault>
    <propertydefault defaultID="radio" property="widgetType">radio</propertydefault>
    <propertydefault defaultID="radio" property="widgetPath">pvr://channels/radio/*?=lastplayed</propertydefault>
    <propertydefault defaultID="radio" property="widgetName">$LOCALIZE[31461]</propertydefault>
    <propertydefault defaultID="tv" property="widgetSortBy">lastplayed</propertydefault>
    <propertydefault defaultID="tv" property="widgetSortOrder">descending</propertydefault>
    <propertydefault defaultID="radio" property="widgetLimit">$NUMBER[25]</propertydefault>    
    <propertydefault defaultID="radio" property="widget.2">ActiveRadioRecordings</propertydefault>
    <propertydefault defaultID="radio" property="widgetTarget.2">pvr</propertydefault>
    <propertydefault defaultID="radio" property="widgetType.2">radio</propertydefault>
    <propertydefault defaultID="radio" property="widgetPath.2">pvr://recordings/radio/active?view=flat</propertydefault>
    <propertydefault defaultID="radio" property="widgetName.2">$LOCALIZE[31476]</propertydefault>
    <propertydefault defaultID="radio" property="widgetLimit.2">$NUMBER[25]</propertydefault>

    <propertydefault defaultID="weather" property="widget">static</propertydefault>
    <propertydefault defaultID="weather" property="widgetType">weatherdaily</propertydefault>
    <propertydefault defaultID="weather" property="widgetPath">$INCLUDE[skinshortcuts-template-WeatherContentDaily]</propertydefault>
    <propertydefault defaultID="weather" property="widgetName">$LOCALIZE[31475]</propertydefault>
    <propertydefault defaultID="weather" property="widget.2">static</propertydefault>
    <propertydefault defaultID="weather" property="widgetType.2">weatherhourly</propertydefault>
    <propertydefault defaultID="weather" property="widgetPath.2">$INCLUDE[skinshortcuts-template-WeatherContentHourly]</propertydefault>
    <propertydefault defaultID="weather" property="widgetName.2">$LOCALIZE[31476]</propertydefault>
 
    <propertydefault defaultID="addons" property="widget">videoaddons</propertydefault>
    <propertydefault defaultID="addons" property="widgetTarget">video</propertydefault>
    <propertydefault defaultID="addons" property="widgetType">videos</propertydefault>
    <propertydefault defaultID="addons" property="widgetPath">addons://sources/video/</propertydefault>
    <propertydefault defaultID="addons" property="widgetName">$LOCALIZE[1037]</propertydefault>
    <propertydefault defaultID="addons" property="widgetLimit">$NUMBER[25]</propertydefault>
    <propertydefault defaultID="addons" property="widget.2">musicaddons</propertydefault>
    <propertydefault defaultID="addons" property="widgetTarget.2">music</propertydefault>
    <propertydefault defaultID="addons" property="widgetType.2">music</propertydefault>
    <propertydefault defaultID="addons" property="widgetPath.2">addons://sources/audio/</propertydefault>
    <propertydefault defaultID="addons" property="widgetName.2">$LOCALIZE[1038]</propertydefault>
    <propertydefault defaultID="addons" property="widgetLimit.2">$NUMBER[25]</propertydefault>
    <propertydefault defaultID="addons" property="widget.3">programaddons</propertydefault>
    <propertydefault defaultID="addons" property="widgetTarget.3">programs</propertydefault>
    <propertydefault defaultID="addons" property="widgetType.3">program</propertydefault>
    <propertydefault defaultID="addons" property="widgetPath.3">addons://sources/executable/</propertydefault>
    <propertydefault defaultID="addons" property="widgetName.3">$LOCALIZE[1043]</propertydefault>
    <propertydefault defaultID="addons" property="widgetLimit.3">$NUMBER[25]</propertydefault>
    <propertydefault defaultID="addons" property="widget.4">pictureaddons</propertydefault>
    <propertydefault defaultID="addons" property="widgetTarget.4">picture</propertydefault>
    <propertydefault defaultID="addons" property="widgetType.4">pictures</propertydefault>
    <propertydefault defaultID="addons" property="widgetPath.4">addons://sources/image/</propertydefault>
    <propertydefault defaultID="addons" property="widgetName.4">$LOCALIZE[1039]</propertydefault>
    <propertydefault defaultID="addons" property="widgetLimit.4">$NUMBER[25]</propertydefault>
    <propertydefault defaultID="addons" property="widget.5">gameaddons</propertydefault>
    <propertydefault defaultID="addons" property="widgetTarget.5">games</propertydefault>
    <propertydefault defaultID="addons" property="widgetType.5">games</propertydefault>
    <propertydefault defaultID="addons" property="widgetPath.5">addons://sources/game</propertydefault>
    <propertydefault defaultID="addons" property="widgetName.5">$LOCALIZE[35049]</propertydefault>
    <propertydefault defaultID="addons" property="widgetLimit.5">$NUMBER[25]</propertydefault>
    <propertydefault defaultID="addons" property="widget.6">static</propertydefault>
    <propertydefault defaultID="addons" property="widgetType.6">favouriteaddons</propertydefault>
    <propertydefault defaultID="addons" property="widgetPath.6">$INCLUDE[skinshortcuts-template-FavouriteAddonsContent]</propertydefault>
    <propertydefault defaultID="addons" property="widgetName.6">$LOCALIZE[31487]</propertydefault>

    <propertydefault defaultID="games" property="widget">gamesources</propertydefault>
    <propertydefault defaultID="games" property="widgetTarget">games</propertydefault>
    <propertydefault defaultID="games" property="widgetType">games</propertydefault>
    <propertydefault defaultID="games" property="widgetPath">sources://games/</propertydefault>
    <propertydefault defaultID="games" property="widgetName">$LOCALIZE[10821]</propertydefault>
    <propertydefault defaultID="games" property="widgetLimit">$NUMBER[25]</propertydefault>

    <propertydefault defaultID="videos" property="widget">videosources</propertydefault>
    <propertydefault defaultID="videos" property="widgetTarget">videos</propertydefault>
    <propertydefault defaultID="videos" property="widgetType">video</propertydefault>
    <propertydefault defaultID="videos" property="widgetPath">sources://videos/</propertydefault>
    <propertydefault defaultID="videos" property="widgetName">$LOCALIZE[32069]</propertydefault>
    <propertydefault defaultID="videos" property="widgetLimit">$NUMBER[25]</propertydefault>
    
    <propertydefault defaultID="pictures" property="widget">picturesources</propertydefault>
    <propertydefault defaultID="pictures" property="widgetTarget">pictures</propertydefault>
    <propertydefault defaultID="pictures" property="widgetType">pictures</propertydefault>
    <propertydefault defaultID="pictures" property="widgetPath">sources://pictures/</propertydefault>
    <propertydefault defaultID="pictures" property="widgetName">$LOCALIZE[32089]</propertydefault>
    <propertydefault defaultID="pictures" property="widgetLimit">$NUMBER[25]</propertydefault>    

    <propertydefault defaultID="favorites" property="widget">static</propertydefault>
    <propertydefault defaultID="favorites" property="widgetType">favourite</propertydefault>
    <propertydefault defaultID="favorites" property="widgetPath">$INCLUDE[skinshortcuts-template-FavouriteContent]</propertydefault>
    <propertydefault defaultID="favorites" property="widgetName">$LOCALIZE[1036]</propertydefault> -->


	<!-- On backs for management dialog -->
	<onback to="800">312</onback>
	<onback to="800">3001</onback>
	<onback to="800">3002</onback>
	<onback to="800">3003</onback>
	<onback to="800">3004</onback>
	<onback to="800">3005</onback>
	<onback to="800">3010</onback>
	<onback to="800">3011</onback>
	<onback to="800">3012</onback>

	<onback to="801">4312</onback>
	<onback to="801">4001</onback>
	<onback to="801">4002</onback>
	<onback to="801">4003</onback>
	<onback to="801">4004</onback>
	<onback to="801">4005</onback>
	<onback to="801">4010</onback>
	<onback to="801">4011</onback>

	<onback to="802">5312</onback>
	<onback to="802">5001</onback>
	<onback to="802">5002</onback>
	<onback to="802">5003</onback>
	<onback to="802">5004</onback>
	<onback to="802">5005</onback>
	<onback to="802">5010</onback>
	<onback to="802">5011</onback>

	<onback to="803">6312</onback>
	<onback to="803">6001</onback>
	<onback to="803">6002</onback>
	<onback to="803">6003</onback>
	<onback to="803">6004</onback>
	<onback to="803">6005</onback>
	<onback to="803">6010</onback>
	<onback to="803">6011</onback>

	<onback to="804">7312</onback>
	<onback to="804">7001</onback>
	<onback to="804">7002</onback>
	<onback to="804">7003</onback>
	<onback to="804">7004</onback>
	<onback to="804">7005</onback>
	<onback to="804">7010</onback>
	<onback to="804">7011</onback>

	<onback to="805">8312</onback>
	<onback to="805">8001</onback>
	<onback to="805">8002</onback>
	<onback to="805">8003</onback>
	<onback to="805">8004</onback>
	<onback to="805">8005</onback>
	<onback to="805">8010</onback>
	<onback to="805">8011</onback>    

</overrides>