<?xml version="1.0" encoding="UTF-8"?>
<includes>
	<!-- Custom Select -->
    <!-- Select actor info source: local library or extendedinfo -->
	<include name="SelectActorInfoSource">
		<item>
			<label>$LOCALIZE[32017]</label>
			<onclick>Dialog.Close(1121)</onclick>
			<onclick>SetProperty(DoAction,True,movieinformation)</onclick>
		</item>
		<item>
			<label>$LOCALIZE[32018]</label>
			<onclick>Dialog.Close(1121)</onclick>
			<onclick>ClearProperty(ActorID,movieinformation)</onclick>
			<onclick>ClearProperty(DirectorID,movieinformation)</onclick>
			<onclick>RunScript(script.extendedinfo,info=extendedactorinfo,name=$INFO[Window(movieinformation).Property(ActorName)])</onclick>
			<onclick>ClearProperty(ActorName,movieinformation)</onclick>
		</item>
	</include>
    <!-- Select delay in seconds to rotate fanart on home screen -->
	<include name="SelectFanartTimePerImage">
		<item>
			<label>5 $LOCALIZE[32047]</label>
			<onclick>Dialog.Close(1121)</onclick>
			<onclick>Skin.SetString(FanartTimePerImage,5)</onclick>
		</item>
		<item>
			<label>6 $LOCALIZE[32047]</label>
			<onclick>Dialog.Close(1121)</onclick>
			<onclick>Skin.SetString(FanartTimePerImage,6)</onclick>
		</item>
		<item>
			<label>7 $LOCALIZE[32047]</label>
			<onclick>Dialog.Close(1121)</onclick>
			<onclick>Skin.Reset(FanartTimePerImage)</onclick>
		</item>
		<item>
			<label>8 $LOCALIZE[32047]</label>
			<onclick>Dialog.Close(1121)</onclick>
			<onclick>Skin.SetString(FanartTimePerImage,8)</onclick>
		</item>
		<item>
			<label>9 $LOCALIZE[32047]</label>
			<onclick>Dialog.Close(1121)</onclick>
			<onclick>Skin.SetString(FanartTimePerImage,9)</onclick>
		</item>
		<item>
			<label>10 $LOCALIZE[32047]</label>
			<onclick>Dialog.Close(1121)</onclick>
			<onclick>Skin.SetString(FanartTimePerImage,10)</onclick>
		</item>
		<item>
			<label>15 $LOCALIZE[32047]</label>
			<onclick>Dialog.Close(1121)</onclick>
			<onclick>Skin.SetString(FanartTimePerImage,15)</onclick>
		</item>
		<item>
			<label>20 $LOCALIZE[32047]</label>
			<onclick>Dialog.Close(1121)</onclick>
			<onclick>Skin.SetString(FanartTimePerImage,20)</onclick>
		</item>
		<item>
			<label>30 $LOCALIZE[32047]</label>
			<onclick>Dialog.Close(1121)</onclick>
			<onclick>Skin.SetString(FanartTimePerImage,30)</onclick>
		</item>
		<item>
			<label>60 $LOCALIZE[32047]</label>
			<onclick>Dialog.Close(1121)</onclick>
			<onclick>Skin.SetString(FanartTimePerImage,60)</onclick>
		</item>
		<item>
			<label>90 $LOCALIZE[32047]</label>
			<onclick>Dialog.Close(1121)</onclick>
			<onclick>Skin.SetString(FanartTimePerImage,90)</onclick>
		</item>
	</include>
    <!-- Select default background for the skin: one image, multi-image or reset to skin default -->
	<include name="SelectDefaultBackground">
		<item>
			<label>$LOCALIZE[31113]</label>
			<onclick>Dialog.Close(1121)</onclick>
			<onclick>Skin.SetImage(Default.Background,special://skin/backgrounds)</onclick>
		</item>
		<item>
			<label>$LOCALIZE[31114]</label>
			<onclick>Dialog.Close(1121)</onclick>
			<onclick>Skin.SetPath(Default.Background)</onclick>
		</item>		
        <item>
			<label>$LOCALIZE[15109]</label>
			<onclick>Dialog.Close(1121)</onclick>
			<onclick>Skin.Reset(Default.Background)</onclick>
		</item>
	</include>    
    <!-- Choose up to 10 favorite addons to show in favourite addons widget -->
	<include name="SelectFavouriteAddons">
		<item>
			<label>$LOCALIZE[24000] 1</label>
			<label2>$INFO[Skin.String(ShelfAddons.1.Label)]</label2>
			<onclick>Skin.SetAddon(ShelfAddons.1.Label,xbmc.addon.video,xbmc.addon.audio,xbmc.addon.image,xbmc.addon.game,xbmc.addon.executable)</onclick>
		</item>
		<item>
			<label>$LOCALIZE[24000] 2</label>
			<label2>$INFO[Skin.String(ShelfAddons.2.Label)]</label2>
			<onclick>Skin.SetAddon(ShelfAddons.2.Label,xbmc.addon.video,xbmc.addon.audio,xbmc.addon.image,xbmc.addon.game,xbmc.addon.executable)</onclick>
		</item>
		<item>
			<label>$LOCALIZE[24000] 3</label>
			<label2>$INFO[Skin.String(ShelfAddons.3.Label)]</label2>
			<onclick>Skin.SetAddon(ShelfAddons.3.Label,xbmc.addon.video,xbmc.addon.audio,xbmc.addon.image,xbmc.addon.game,xbmc.addon.executable)</onclick>
		</item>
		<item>
			<label>$LOCALIZE[24000] 4</label>
			<label2>$INFO[Skin.String(ShelfAddons.4.Label)]</label2>
			<onclick>Skin.SetAddon(ShelfAddons.4.Label,xbmc.addon.video,xbmc.addon.audio,xbmc.addon.image,xbmc.addon.game,xbmc.addon.executable)</onclick>
		</item>
		<item>
			<label>$LOCALIZE[24000] 5</label>
			<label2>$INFO[Skin.String(ShelfAddons.5.Label)]</label2>
			<onclick>Skin.SetAddon(ShelfAddons.5.Label,xbmc.addon.video,xbmc.addon.audio,xbmc.addon.image,xbmc.addon.game,xbmc.addon.executable)</onclick>
		</item>
		<item>
			<label>$LOCALIZE[24000] 6</label>
			<label2>$INFO[Skin.String(ShelfAddons.6.Label)]</label2>
			<onclick>Skin.SetAddon(ShelfAddons.6.Label,xbmc.addon.video,xbmc.addon.audio,xbmc.addon.image,xbmc.addon.game,xbmc.addon.executable)</onclick>
		</item>
		<item>
			<label>$LOCALIZE[24000] 7</label>
			<label2>$INFO[Skin.String(ShelfAddons.7.Label)]</label2>
			<onclick>Skin.SetAddon(ShelfAddons.7.Label,xbmc.addon.video,xbmc.addon.audio,xbmc.addon.image,xbmc.addon.game,xbmc.addon.executable)</onclick>
		</item>
		<item>
			<label>$LOCALIZE[24000] 8</label>
			<label2>$INFO[Skin.String(ShelfAddons.8.Label)]</label2>
			<onclick>Skin.SetAddon(ShelfAddons.8.Label,xbmc.addon.video,xbmc.addon.audio,xbmc.addon.image,xbmc.addon.game,xbmc.addon.executable)</onclick>
		</item>
		<item>
			<label>$LOCALIZE[24000] 9</label>
			<label2>$INFO[Skin.String(ShelfAddons.9.Label)]</label2>
			<onclick>Skin.SetAddon(ShelfAddons.9.Label,xbmc.addon.video,xbmc.addon.audio,xbmc.addon.image,xbmc.addon.game,xbmc.addon.executable)</onclick>
		</item>
		<item>
			<label>$LOCALIZE[24000] 10</label>
			<label2>$INFO[Skin.String(ShelfAddons.10.Label)]</label2>
			<onclick>Skin.SetAddon(ShelfAddons.10.Label,xbmc.addon.video,xbmc.addon.audio,xbmc.addon.image,xbmc.addon.game,xbmc.addon.executable)</onclick>
		</item>
	</include>

</includes>