<?xml version="1.0" encoding="UTF-8"?>
<includes>

    <!-- Widgets background and labels, single height shelf -->
	<include name="WidgetBackground">
		<param name="id"></param>
		<param name="label"></param>
		<param name="top"></param>
		<param name="height"></param>
		<param name="visible"></param>
		<definition>
            <visible>$PARAM[visible]</visible>
			<control type="group">
				<top>$PARAM[top]</top>
				<control type="image">
					<top>-48</top>
					<width>1920</width>
					<height>$PARAM[height]</height>
					<texture border="0,40,0,0">home/ShelfBackground.png</texture>
					<colordiffuse>$VAR[WidgetBGColor]</colordiffuse>
				</control>
                <!-- label for embuary helper suggestions by random genre -->
				<control type="label">
					<top>-54</top>
					<right>32</right>
					<width>900</width>
					<height>45</height>
					<align>right</align>
					<font>Shelf_Title</font>
					<textcolor>$VAR[HighlightColor]</textcolor>
					<label>$INFO[Container($PARAM[id]).ListItem.Property(searchstring),$LOCALIZE[31497] ,]</label>
                    <visible>!String.IsEmpty(Container($PARAM[id]).ListItem.Property(searchstring)) + String.IsEqual(Container($PARAM[id]).ListItem.DBType,movie)</visible>
				</control>
				<control type="label">
					<top>-54</top>
					<right>32</right>
					<width>900</width>
					<height>45</height>
					<align>right</align>
					<font>Shelf_Title</font>
					<textcolor>$VAR[HighlightColor]</textcolor>
					<label>$INFO[Container($PARAM[id]).ListItem.Property(searchstring),$LOCALIZE[31517] ,]</label>
                    <visible>!String.IsEmpty(Container($PARAM[id]).ListItem.Property(searchstring)) + String.IsEqual(Container($PARAM[id]).ListItem.DBType,tvshow)</visible>
				</control>                
				<control type="label">
					<top>-54</top>
					<right>32</right>
					<width>900</width>
					<height>45</height>
					<align>right</align>
					<font>Shelf_Title</font>
					<textcolor>$VAR[HighlightColor]</textcolor>
					<label>$PARAM[label]</label>
                    <visible>String.IsEmpty(Container($PARAM[id]).ListItem.Property(searchstring))</visible>
				</control>                
				<control type="label">
					<visible>Control.HasFocus($PARAM[id])</visible>
					<top>-54</top>
					<left>32</left>
					<width>900</width>
					<height>45</height>
					<font>Shelf_Title</font>
					<textcolor>$VAR[HighlightColor]</textcolor>
					<label>$VAR[HomeWidgetLabel]</label>
				</control>
                <!-- Info Line -->
				<control type="label">
					<visible>!Control.HasFocus($PARAM[id]) + Skin.HasSetting(ShowInfoLine) + Skin.HasSetting(ShowInfoLineShelf)</visible>
					<top>-54</top>
					<left>32</left>
					<width>900</width>
					<height>45</height>
					<font>Shelf_Title</font>
					<textcolor>$VAR[HighlightColor]</textcolor>
					<label>$VAR[LibraryStats]</label>
				</control>                
			</control>
		</definition>
	</include>
    
	<!-- Widget background and labels, two shelves together -->
    <include name="WidgetBackground2">
		<param name="id1"></param>
		<param name="id2"></param>
		<param name="label1"></param>
		<param name="label2"></param>
		<definition>
			<control type="group">
				<visible>Integer.IsGreater(Container($PARAM[id1]).NumItems,0) + Integer.IsGreater(Container($PARAM[id2]).NumItems,0)</visible>
				<animation effect="fade" time="200">VisibleChange</animation>
				<top>170</top>
				<control type="image">
					<top>-48</top>
					<width>1920</width>
					<height>727</height>
					<colordiffuse>$VAR[WidgetBGColor]</colordiffuse>
					<texture border="0,40,0,40">home/OverlayRA2T.png</texture>
				</control>
				<control type="label">
					<top>-54</top>
					<right>32</right>
					<width>900</width>
					<height>45</height>
					<align>right</align>
					<font>Shelf_Title</font>
					<textcolor>$VAR[HighlightColor]</textcolor>
					<label>$PARAM[label2]</label>
                    <visible>String.IsEmpty(Container($PARAM[id2]).ListItem.Property(searchstring))</visible>
				</control>
				<control type="label">
					<top>-54</top>
					<right>32</right>
					<width>900</width>
					<height>45</height>
					<align>right</align>
					<font>Shelf_Title</font>
					<textcolor>$VAR[HighlightColor]</textcolor>
					<label>$INFO[Container($PARAM[id2]).ListItem.Property(searchstring),$LOCALIZE[31497] ,]</label>
                    <visible>!String.IsEmpty(Container($PARAM[id2]).ListItem.Property(searchstring)) + String.IsEqual(Container($PARAM[id2]).ListItem.DBType,movie)</visible>
				</control>
				<control type="label">
					<top>-54</top>
					<right>32</right>
					<width>900</width>
					<height>45</height>
					<align>right</align>
					<font>Shelf_Title</font>
					<textcolor>$VAR[HighlightColor]</textcolor>
					<label>$INFO[Container($PARAM[id2]).ListItem.Property(searchstring),$LOCALIZE[31517] ,]</label>
                    <visible>!String.IsEmpty(Container($PARAM[id2]).ListItem.Property(searchstring)) + String.IsEqual(Container($PARAM[id2]).ListItem.DBType,tvshow)</visible>
				</control>                
				<control type="label">
					<top>636</top>
					<right>32</right>
					<width>900</width>
					<height>45</height>
					<align>right</align>
					<font>Shelf_Title</font>
					<textcolor>$VAR[HighlightColor]</textcolor>
					<label>$PARAM[label1]</label>
                    <visible>String.IsEmpty(Container($PARAM[id1]).ListItem.Property(searchstring))</visible>
				</control>
				<control type="label">
					<top>636</top>
					<right>32</right>
					<width>900</width>
					<height>45</height>
					<align>right</align>
					<font>Shelf_Title</font>
					<textcolor>$VAR[HighlightColor]</textcolor>
					<label>$INFO[Container($PARAM[id1]).ListItem.Property(searchstring),$LOCALIZE[31497] ,]</label>
                    <visible>!String.IsEmpty(Container($PARAM[id1]).ListItem.Property(searchstring)) + String.IsEqual(Container($PARAM[id1]).ListItem.DBType,movie)</visible>
				</control>
				<control type="label">
					<top>636</top>
					<right>32</right>
					<width>900</width>
					<height>45</height>
					<align>right</align>
					<font>Shelf_Title</font>
					<textcolor>$VAR[HighlightColor]</textcolor>
					<label>$INFO[Container($PARAM[id1]).ListItem.Property(searchstring),$LOCALIZE[31517] ,]</label>
                    <visible>!String.IsEmpty(Container($PARAM[id1]).ListItem.Property(searchstring)) + String.IsEqual(Container($PARAM[id1]).ListItem.DBType,tvshow)</visible>
				</control>                
				<control type="label">
					<visible>Control.HasFocus($PARAM[id2])</visible>
					<top>-54</top>
					<left>32</left>
					<width>900</width>
					<height>45</height>
					<font>Shelf_Title</font>
					<textcolor>$VAR[HighlightColor]</textcolor>
					<label>$VAR[HomeWidgetLabel]</label>
				</control>
				<control type="label">
					<visible>Control.HasFocus($PARAM[id1])</visible>
					<top>636</top>
					<left>32</left>
					<width>900</width>
					<height>45</height>
					<font>Shelf_Title</font>
					<textcolor>$VAR[HighlightColor]</textcolor>
					<label>$VAR[HomeWidgetLabel]</label>
				</control>
                <!-- Info Line -->
				<control type="label">
					<visible>!Control.HasFocus($PARAM[id1]) + !Control.HasFocus($PARAM[id2]) + Skin.HasSetting(ShowInfoLine) + Skin.HasSetting(ShowInfoLineShelf)</visible>
					<top>-54</top>
					<left>32</left>
					<width>900</width>
					<height>45</height>
					<font>Shelf_Title</font>
					<textcolor>$VAR[HighlightColor]</textcolor>
					<label>$VAR[LibraryStats]</label>
				</control>                
			</control>
			<control type="group">
				<visible>Integer.IsGreater(Container($PARAM[id1]).NumItems,0) + !Integer.IsGreater(Container($PARAM[id2]).NumItems,0)</visible>
				<top>327</top>
				<control type="image">
					<top>-48</top>
					<width>1920</width>
					<height>375</height>
					<colordiffuse>$VAR[WidgetBGColor]</colordiffuse>
					<texture border="0,40,0,0">home/ShelfBackground.png</texture>
				</control>
				<control type="label">
					<top>-54</top>
					<right>32</right>
					<width>900</width>
					<height>45</height>
					<align>right</align>
					<font>Shelf_Title</font>
					<textcolor>$VAR[HighlightColor]</textcolor>
					<label>$PARAM[label1]</label>
                    <visible>String.IsEmpty(Container($PARAM[id1]).ListItem.Property(searchstring))</visible>
				</control>
				<control type="label">
					<top>-54</top>
					<right>32</right>
					<width>900</width>
					<height>45</height>
					<align>right</align>
					<font>Shelf_Title</font>
					<textcolor>$VAR[HighlightColor]</textcolor>
					<label>$INFO[Container($PARAM[id1]).ListItem.Property(searchstring),$LOCALIZE[31497] ,]</label>
                    <visible>!String.IsEmpty(Container($PARAM[id1]).ListItem.Property(searchstring)) + String.IsEqual(Container($PARAM[id1]).ListItem.DBType,movie)</visible>
				</control>
				<control type="label">
					<top>-54</top>
					<right>32</right>
					<width>900</width>
					<height>45</height>
					<align>right</align>
					<font>Shelf_Title</font>
					<textcolor>$VAR[HighlightColor]</textcolor>
					<label>$INFO[Container($PARAM[id1]).ListItem.Property(searchstring),$LOCALIZE[31517] ,]</label>
                    <visible>!String.IsEmpty(Container($PARAM[id1]).ListItem.Property(searchstring)) + String.IsEqual(Container($PARAM[id1]).ListItem.DBType,tvshow)</visible>
				</control>                
				<control type="label">
					<visible>Control.HasFocus($PARAM[id1])</visible>
					<top>-54</top>
					<left>32</left>
					<width>900</width>
					<height>45</height>
					<font>Shelf_Title</font>
					<textcolor>$VAR[HighlightColor]</textcolor>
					<label>$VAR[HomeWidgetLabel]</label>
				</control>
                <!-- Info Line -->
				<control type="label">
					<visible>!Control.HasFocus($PARAM[id1]) + Skin.HasSetting(ShowInfoLine) + Skin.HasSetting(ShowInfoLineShelf)</visible>
					<top>-54</top>
					<left>32</left>
					<width>900</width>
					<height>45</height>
					<font>Shelf_Title</font>
					<textcolor>$VAR[HighlightColor]</textcolor>
					<label>$VAR[LibraryStats]</label>
				</control>                
			</control>
			<control type="group">
				<visible>!Integer.IsGreater(Container($PARAM[id1]).NumItems,0) + Integer.IsGreater(Container($PARAM[id2]).NumItems,0)</visible>
				<top>327</top>
				<control type="image">
					<top>-48</top>
					<width>1920</width>
					<height>375</height>
					<colordiffuse>$VAR[WidgetBGColor]</colordiffuse>
					<texture border="0,40,0,0">home/ShelfBackground.png</texture>
				</control>
				<control type="label">
					<top>-54</top>
					<right>32</right>
					<width>900</width>
					<height>45</height>
					<align>right</align>
					<font>Shelf_Title</font>
					<textcolor>$VAR[HighlightColor]</textcolor>
					<label>$PARAM[label2]</label>
                    <visible>String.IsEmpty(Container($PARAM[id2]).ListItem.Property(searchstring))</visible>
				</control>
				<control type="label">
					<top>-54</top>
					<right>32</right>
					<width>900</width>
					<height>45</height>
					<align>right</align>
					<font>Shelf_Title</font>
					<textcolor>$VAR[HighlightColor]</textcolor>
					<label>$INFO[Container($PARAM[id2]).ListItem.Property(searchstring),$LOCALIZE[31497] ,]</label>
                    <visible>!String.IsEmpty(Container($PARAM[id2]).ListItem.Property(searchstring)) + String.IsEqual(Container($PARAM[id2]).ListItem.DBType,movie)</visible>
				</control>
				<control type="label">
					<top>-54</top>
					<right>32</right>
					<width>900</width>
					<height>45</height>
					<align>right</align>
					<font>Shelf_Title</font>
					<textcolor>$VAR[HighlightColor]</textcolor>
					<label>$INFO[Container($PARAM[id2]).ListItem.Property(searchstring),$LOCALIZE[31517] ,]</label>
                    <visible>!String.IsEmpty(Container($PARAM[id2]).ListItem.Property(searchstring)) + String.IsEqual(Container($PARAM[id2]).ListItem.DBType,tvshow)</visible>
				</control>                
				<control type="label">
					<visible>Control.HasFocus($PARAM[id2])</visible>
					<top>-54</top>
					<left>32</left>
					<width>900</width>
					<height>45</height>
					<font>Shelf_Title</font>
					<textcolor>$VAR[HighlightColor]</textcolor>
					<label>$VAR[HomeWidgetLabel]</label>
				</control>
                <!-- Info Line -->
				<control type="label">
					<visible>!Control.HasFocus($PARAM[id2]) + Skin.HasSetting(ShowInfoLine) + Skin.HasSetting(ShowInfoLineShelf)</visible>
					<top>-54</top>
					<left>32</left>
					<width>900</width>
					<height>45</height>
					<font>Shelf_Title</font>
					<textcolor>$VAR[HighlightColor]</textcolor>
					<label>$VAR[LibraryStats]</label>
				</control>                
			</control>
		</definition>
	</include>

    <!-- Widget Container Layouts for dynamic content widgets: Square and Poster -->

    <!-- Shelf Layouts for Square widgets -->
	<include name="Shelf_GenericSquare">
		<param name="id1"/>
        <param name="isYear">false</param>
        <param name="isPlaylist">false</param>
        <param name="isMusicGenre">false</param>
        <param name="labelvisibility">false</param>
		<param name="textboxvisibility">true</param>
		<param name="textboxfont">Shelf_Label</param>
        <param name="aspect">keep</param>
		<definition>  
			<itemlayout height="315" width="228" condition="![$PARAM[isYear] | $PARAM[isMusicGenre] | $PARAM[isPlaylist]]">
			    <include content="GenericThumbIconTemplate">
				    <param name="isFocused">false</param>
                    <param name="iconimage">$VAR[WidgetArtVar]</param>
                    <param name="aspect">$PARAM[aspect]</param>
                    <param name="fallbackicon">$VAR[WidgetArtVar]</param>
				    <param name="iconwidth">228</param>
				    <param name="iconheight">228</param>
				    <param name="iconoffset">0</param>
				    <param name="shadowoffset">8</param>
				    <param name="bordersizeLT">12</param>
				    <param name="bordersizeRB">20</param>
				    <param name="belowtextboxvisibility">[$PARAM[textboxvisibility] + !String.IsEqual(ListItem.Icon,DefaultAddonNone.png)]</param>
				    <param name="belowtextbox">$VAR[WidgetItemLabel]</param>
				    <param name="belowtextboxwidth">204</param>
					<param name="belowtextboxfont">$PARAM[textboxfont]</param>
			    </include>				
			</itemlayout>
			<focusedlayout height="315" width="228" condition="![$PARAM[isYear] | $PARAM[isMusicGenre] | $PARAM[isPlaylist]]">
			    <include content="GenericThumbIconTemplate">
				    <param name="isFocused">Control.HasFocus($PARAM[id1])</param>
                    <param name="iconimage">$VAR[WidgetArtVar]</param>
                    <param name="aspect">$PARAM[aspect]</param>
                    <param name="fallbackicon">$VAR[WidgetArtVar]</param>
				    <param name="iconwidth">228</param>
				    <param name="iconheight">228</param>
				    <param name="iconoffset">0</param>
				    <param name="shadowoffset">8</param>
				    <param name="bordersizeLT">12</param>
				    <param name="bordersizeRB">20</param>
				    <param name="belowtextboxvisibility">[$PARAM[textboxvisibility] + !String.IsEqual(ListItem.Icon,DefaultAddonNone.png)]</param>
				    <param name="belowtextbox">$VAR[WidgetItemLabel]</param>
				    <param name="belowtextboxwidth">204</param>
					<param name="belowtextboxfont">$PARAM[textboxfont]</param>
			    </include>				            
			</focusedlayout>
			<itemlayout height="315" width="228" condition="$PARAM[isYear]">
			    <include content="GenericThumbIconTemplate">
				    <param name="isFocused">false</param>
                    <param name="iconimage">DefaultYear.png</param>
                    <param name="aspect">keep</param>
                    <param name="fallbackicon">DefaultYear.png</param>
				    <param name="iconwidth">228</param>
				    <param name="iconheight">228</param>
				    <param name="iconoffset">0</param>
				    <param name="shadowoffset">8</param>
				    <param name="bordersizeLT">12</param>
				    <param name="bordersizeRB">20</param>
				    <param name="belowtextboxvisibility">[$PARAM[textboxvisibility] + !String.IsEqual(ListItem.Icon,DefaultAddonNone.png)]</param>
				    <param name="belowtextbox">$VAR[WidgetItemLabel]</param>
				    <param name="belowtextboxwidth">204</param>
					<param name="belowtextboxfont">$PARAM[textboxfont]</param>
			    </include>				            
			</itemlayout>
			<focusedlayout height="315" width="228" condition="$PARAM[isYear]">
			    <include content="GenericThumbIconTemplate">
				    <param name="isFocused">Control.HasFocus($PARAM[id1])</param>
                    <param name="iconimage">DefaultYear.png</param>
                    <param name="aspect">keep</param>
                    <param name="fallbackicon">DefaultYear.png</param>
				    <param name="iconwidth">228</param>
				    <param name="iconheight">228</param>
				    <param name="iconoffset">0</param>
				    <param name="shadowoffset">8</param>
				    <param name="bordersizeLT">12</param>
				    <param name="bordersizeRB">20</param>
				    <param name="belowtextboxvisibility">[$PARAM[textboxvisibility] + !String.IsEqual(ListItem.Icon,DefaultAddonNone.png)]</param>
				    <param name="belowtextbox">$VAR[WidgetItemLabel]</param>
				    <param name="belowtextboxwidth">204</param>
					<param name="belowtextboxfont">$PARAM[textboxfont]</param>
			    </include>				            
			</focusedlayout>
			<itemlayout height="315" width="228" condition="$PARAM[isMusicGenre]">
			    <include content="GenericThumbIconTemplate">
				    <param name="isFocused">false</param>
                    <param name="iconimage">$VAR[MusicGenres]</param>
                    <param name="aspect">keep</param>
                    <param name="fallbackicon">DefaultMusicGenres.png</param>
				    <param name="iconwidth">228</param>
				    <param name="iconheight">228</param>
				    <param name="iconoffset">0</param>
				    <param name="shadowoffset">8</param>
				    <param name="bordersizeLT">12</param>
				    <param name="bordersizeRB">20</param>
				    <param name="belowtextboxvisibility">[$PARAM[textboxvisibility] + !String.IsEqual(ListItem.Icon,DefaultAddonNone.png)]</param>
				    <param name="belowtextbox">$VAR[WidgetItemLabel]</param>
				    <param name="belowtextboxwidth">204</param>
					<param name="belowtextboxfont">$PARAM[textboxfont]</param>
			    </include>				            
			</itemlayout>
			<focusedlayout height="315" width="228" condition="$PARAM[isMusicGenre]">
			    <include content="GenericThumbIconTemplate">
				    <param name="isFocused">Control.HasFocus($PARAM[id1])</param>
                    <param name="iconimage">$VAR[MusicGenres]</param>
                    <param name="aspect">keep</param>
                    <param name="fallbackicon">DefaultMusicGenres.png</param>
				    <param name="iconwidth">228</param>
				    <param name="iconheight">228</param>
				    <param name="iconoffset">0</param>
				    <param name="shadowoffset">8</param>
				    <param name="bordersizeLT">12</param>
				    <param name="bordersizeRB">20</param>
				    <param name="belowtextboxvisibility">[$PARAM[textboxvisibility] + !String.IsEqual(ListItem.Icon,DefaultAddonNone.png)]</param>
				    <param name="belowtextbox">$VAR[WidgetItemLabel]</param>
				    <param name="belowtextboxwidth">204</param>
					<param name="belowtextboxfont">$PARAM[textboxfont]</param>
			    </include>				            
			</focusedlayout>
			<itemlayout height="315" width="228" condition="$PARAM[isPlaylist]">
			    <include content="GenericThumbIconTemplate">
				    <param name="isFocused">false</param>
                    <param name="iconimage">DefaultVideoPlaylists.png</param>
                    <param name="aspect">keep</param>
                    <param name="fallbackicon">DefaultVideoPlaylists.png</param>
				    <param name="iconwidth">228</param>
				    <param name="iconheight">228</param>
				    <param name="iconoffset">0</param>
				    <param name="shadowoffset">8</param>
				    <param name="bordersizeLT">12</param>
				    <param name="bordersizeRB">20</param>
				    <param name="belowtextboxvisibility">[$PARAM[textboxvisibility] + !String.IsEqual(ListItem.Icon,DefaultAddonNone.png)]</param>
				    <param name="belowtextbox">$VAR[WidgetItemLabel]</param>
				    <param name="belowtextboxwidth">204</param>
					<param name="belowtextboxfont">$PARAM[textboxfont]</param>
			    </include>				            
			</itemlayout>
			<focusedlayout height="315" width="228" condition="$PARAM[isPlaylist]">
			    <include content="GenericThumbIconTemplate">
				    <param name="isFocused">Control.HasFocus($PARAM[id1])</param>
                    <param name="iconimage">DefaultVideoPlaylists.png</param>
                    <param name="aspect">keep</param>
                    <param name="fallbackicon">DefaultVideoPlaylists.png</param>
				    <param name="iconwidth">228</param>
				    <param name="iconheight">228</param>
				    <param name="iconoffset">0</param>
				    <param name="shadowoffset">8</param>
				    <param name="bordersizeLT">12</param>
				    <param name="bordersizeRB">20</param>
				    <param name="belowtextboxvisibility">[$PARAM[textboxvisibility] + !String.IsEqual(ListItem.Icon,DefaultAddonNone.png)]</param>
				    <param name="belowtextbox">$VAR[WidgetItemLabel]</param>
				    <param name="belowtextboxwidth">204</param>
					<param name="belowtextboxfont">$PARAM[textboxfont]</param>
			    </include>				            
			</focusedlayout>            
		</definition>
	</include>  
    <!-- Shelf Layout for poster widgets -->
	<include name="Shelf_GenericPoster">
		<param name="id1"/>
        <param name="labelvisibility">false</param>
		<param name="labelfont">Shelf_Label</param>
		<param name="textboxvisibility">false</param>
		<param name="textboxfont">Shelf_Label</param>
		<definition>  
			<itemlayout height="315" width="228">
			    <include content="GenericThumbIconTemplate">
				    <param name="isFocused">false</param>
					<param name="isSmallIcon">true</param>
                    <param name="iconimage">$VAR[Poster]</param>
                    <param name="aspect">keep</param>
                    <param name="fallbackicon">$VAR[Poster]</param>
				    <param name="iconwidth">228</param>
				    <param name="iconheight">315</param>
				    <param name="iconoffset">0</param>
				    <param name="shadowoffset">8</param>
				    <param name="bordersizeLT">12</param>
				    <param name="bordersizeRB">20</param>
                    <param name="overlaylabelvisibility">[$PARAM[labelvisibility] + !String.IsEqual(ListItem.Icon,DefaultAddonNone.png)]</param>
                    <param name="overlaylabel">[B]$VAR[SeasonEpisodeLabel][/B]</param>
					<param name="overlaylabelfont">$PARAM[labelfont]</param>
                    <param name="overlaylabelalign">center</param>
					<param name="belowtextboxvisibility">[$PARAM[textboxvisibility] + !String.IsEqual(ListItem.Icon,DefaultAddonNone.png)]</param>
				    <param name="belowtextbox">$VAR[WidgetItemLabel]</param>
					<param name="belowtextboxfont">$PARAM[textboxfont]</param>
			    </include>            
			</itemlayout>
			<focusedlayout height="315" width="228">
			    <include content="GenericThumbIconTemplate">
				    <param name="isFocused">Control.HasFocus($PARAM[id1])</param>
                    <param name="isSmallIcon">true</param>
					<param name="iconimage">$VAR[Poster]</param>
                    <param name="aspect">keep</param>
                    <param name="fallbackicon">$VAR[Poster]</param>
				    <param name="iconwidth">228</param>
				    <param name="iconheight">315</param>
				    <param name="iconoffset">0</param>
				    <param name="shadowoffset">8</param>
				    <param name="bordersizeLT">12</param>
				    <param name="bordersizeRB">20</param>
                    <param name="overlaylabelvisibility">[$PARAM[labelvisibility] + !String.IsEqual(ListItem.Icon,DefaultAddonNone.png)]</param>
                    <param name="overlaylabel">[B]$VAR[SeasonEpisodeLabel][/B]</param>
					<param name="overlaylabelfont">$PARAM[labelfont]</param>
                    <param name="overlaylabelalign">center</param>
					<param name="belowtextboxvisibility">[$PARAM[textboxvisibility] + !String.IsEqual(ListItem.Icon,DefaultAddonNone.png)]</param>
				    <param name="belowtextbox">$VAR[WidgetItemLabel]</param>
					<param name="belowtextboxfont">$PARAM[textboxfont]</param>
			    </include>                        
			</focusedlayout>
		</definition>
	</include>

    <!-- Shelf container layouts for static widgets -->
    
    <!-- Shelf layout for static widgets other than weather -->
	<include name="Shelf_GenericStatic">
		<param name="id1"/>
        <param name="iconheight">228</param>
        <param name="iconimage">$VAR[Square]</param>
        <param name="aspect">scale</param>
        <param name="labelvisibility">false</param>
        <param name="textboxvisibility">true</param>
		<param name="labelfont">font16</param>
		<definition>
			<include>VisibleFadeEffectDelayShelf</include>
			<itemlayout height="315" width="228">
			    <include content="GenericThumbIconTemplate">
				    <param name="isFocused">false</param>
				    <param name="iconwidth">228</param>
				    <param name="iconheight">$PARAM[iconheight]</param>
				    <param name="iconoffset">0</param>
				    <param name="iconimage">$PARAM[iconimage]</param>
                    <param name="aspect">$PARAM[aspect]</param>
				    <param name="shadowoffset">8</param>
				    <param name="bordersizeLT">12</param>
				    <param name="bordersizeRB">20</param>
				    <param name="belowtextboxvisibility">[$PARAM[textboxvisibility] + !String.IsEqual(ListItem.Icon,DefaultAddonNone.png)]</param>
				    <param name="belowtextbox">$VAR[WidgetItemLabel]</param>
				    <param name="belowtextboxwidth">204</param>
                    <param name="overlaylabelvisibility">[$PARAM[labelvisibility] + !String.IsEqual(ListItem.Icon,DefaultAddonNone.png)]</param>
                    <param name="overlaylabel">$INFO[ListItem.Label2]</param>
                    <param name="overlaylabelalign">center</param>                    
			    </include>
			</itemlayout>
			<focusedlayout height="315" width="228">
			    <include content="GenericThumbIconTemplate">
				    <param name="isFocused">Control.HasFocus($PARAM[id1])</param>
				    <param name="iconwidth">228</param>
				    <param name="iconheight">$PARAM[iconheight]</param>
				    <param name="iconoffset">0</param>
				    <param name="iconimage">$PARAM[iconimage]</param>
                    <param name="aspect">$PARAM[aspect]</param>
				    <param name="shadowoffset">8</param>
				    <param name="bordersizeLT">12</param>
				    <param name="bordersizeRB">20</param>
				    <param name="belowtextboxvisibility">[$PARAM[textboxvisibility] + !String.IsEqual(ListItem.Icon,DefaultAddonNone.png)]</param>
				    <param name="belowtextbox">$VAR[WidgetItemLabel]</param>
				    <param name="belowtextboxwidth">204</param>
                    <param name="overlaylabelvisibility">[$PARAM[labelvisibility] + !String.IsEqual(ListItem.Icon,DefaultAddonNone.png)]</param>
                    <param name="overlaylabel">$INFO[ListItem.Label2]</param>
                    <param name="overlaylabelalign">center</param>                    
			    </include>            
			</focusedlayout>
		</definition>
	</include>
    <!-- Shelf layout for Weather static widgets -->
	<include name="Shelf_GenericStaticWeather">
		<param name="id1"/>
        <param name="iconheight">228</param>
        <param name="aspect">scale</param>
		<definition>
			<include>VisibleFadeEffectDelayShelf</include>
			<itemlayout height="315" width="228">
			<include content="GenericThumbIconTemplateWeather">
				<param name="isFocused">false</param>
				<param name="iconwidth">228</param>
				<param name="iconheight">228</param>
				<param name="iconoffset">0</param>
				<param name="iconimage">$VAR[Square]</param>
                <param name="aspect">$PARAM[aspect]</param>
				<param name="shadowoffset">8</param>
				<param name="bordersizeLT">12</param>
				<param name="bordersizeRB">20</param>
				<param name="belowtextboxvisibility">true</param>
				<param name="belowtextbox">$VAR[WidgetItemLabel]</param>
				<param name="belowtextboxwidth">204</param>
			</include>
			</itemlayout>
			<focusedlayout height="315" width="228">
			    <include content="GenericThumbIconTemplateWeather">
				    <param name="isFocused">Control.HasFocus($PARAM[id1])</param>
				    <param name="iconwidth">228</param>
				    <param name="iconheight">228</param>
				    <param name="iconoffset">0</param>
				    <param name="iconimage">$VAR[Square]</param>
                    <param name="aspect">$PARAM[aspect]</param>
				    <param name="shadowoffset">8</param>
				    <param name="bordersizeLT">12</param>
				    <param name="bordersizeRB">20</param>
				    <param name="belowtextboxvisibility">true</param>
				    <param name="belowtextbox">$VAR[WidgetItemLabel]</param>
				    <param name="belowtextboxwidth">204</param>
			    </include>            
			</focusedlayout>
		</definition>
	</include>

    <!-- PVR Recording widgets -->
    <include name="PVRRecordingWidgets">
		<control type="group">
			<visible>!String.IsEmpty(Container(300).ListItem.Property(widgetRecordingTV)) + PVR.IsRecordingTV + ![Container(300).ListItem.Property(WidgetTwoShelves) | Container(300).ListItem.Property(WidgetDouble)]</visible>
			<animation effect="slide" start="0,0" end="430,0" time="0" condition="Skin.HasSetting(VerticalHome)">conditional</animation>
			<animation effect="slide" start="0,0" end="0,50" time="0" condition="![Container(300).ListItem.Property(WidgetTwoShelves) | Container(300).ListItem.Property(WidgetDouble)]">conditional</animation>
			<include condition="!Skin.HasSetting(VerticalHome)" content="CurrentPVRStatus">
				<param name="top">60</param>
				<param name="left">0</param>
				<param name="headerlabel">$LOCALIZE[19158]:</param>
				<param name="timelabel">Pvr.TVNowRecordingDateTime</param>
				<param name="channellabel">Pvr.TVNowRecordingChannel</param>
				<param name="titlelabel">Pvr.TVNowRecordingTitle</param>
				<param name="channelicon">Pvr.TVNowRecordingChannelIcon</param>
			</include>
            <include condition="Skin.HasSetting(VerticalHome)" content="CurrentPVRStatus">
				<param name="top">-35</param>
				<param name="left">-160</param>
				<param name="headerlabel">$LOCALIZE[19158]:</param>
				<param name="timelabel">Pvr.TVNowRecordingDateTime</param>
				<param name="channellabel">Pvr.TVNowRecordingChannel</param>
				<param name="titlelabel">Pvr.TVNowRecordingTitle</param>
				<param name="channelicon">Pvr.TVNowRecordingChannelIcon</param>
			</include>
		</control>
		<control type="group">
			<visible>!String.IsEmpty(Container(300).ListItem.Property(widgetRecordingTV)) + PVR.IsRecordingTV + [Container(300).ListItem.Property(WidgetTwoShelves) | Container(300).ListItem.Property(WidgetDouble)]</visible>
			<animation effect="slide" start="0,0" end="430,0" time="0" condition="Skin.HasSetting(VerticalHome)">conditional</animation>
			<animation effect="slide" start="0,0" end="0,50" time="0" condition="![Container(300).ListItem.Property(WidgetTwoShelves) | Container(300).ListItem.Property(WidgetDouble)]">conditional</animation>
			<include condition="!Skin.HasSetting(VerticalHome)" content="CurrentPVRStatusSmall">
				<param name="top">47</param>
				<param name="left">0</param>
				<param name="headerlabel">$LOCALIZE[19158]:</param>
				<param name="timelabel">Pvr.TVNowRecordingDateTime</param>
				<param name="channellabel">Pvr.TVNowRecordingChannel</param>
				<param name="titlelabel">Pvr.TVNowRecordingTitle</param>
				<param name="channelicon">Pvr.TVNowRecordingChannelIcon</param>
			</include>
            <include condition="Skin.HasSetting(VerticalHome)" content="CurrentPVRStatus">
				<param name="top">-35</param>
				<param name="left">-160</param>
				<param name="headerlabel">$LOCALIZE[19158]:</param>
				<param name="timelabel">Pvr.TVNowRecordingDateTime</param>
				<param name="channellabel">Pvr.TVNowRecordingChannel</param>
				<param name="titlelabel">Pvr.TVNowRecordingTitle</param>
				<param name="channelicon">Pvr.TVNowRecordingChannelIcon</param>
			</include>
		</control>
		<control type="group">
			<visible>!String.IsEmpty(Container(300).ListItem.Property(widgetRecordingTV)) + PVR.HasNonRecordingTVTimer + ![Container(300).ListItem.Property(WidgetTwoShelves) | Container(300).ListItem.Property(WidgetDouble)]</visible>
			<animation effect="slide" start="0,0" end="0,50" time="0" condition="![Container(300).ListItem.Property(WidgetTwoShelves) | Container(300).ListItem.Property(WidgetDouble)]">conditional</animation>
			<include condition="!Skin.HasSetting(VerticalHome)" content="CurrentPVRStatus">
				<param name="top">60</param>
				<param name="left">1320</param>
				<param name="headerlabel">$LOCALIZE[19157]:</param>
				<param name="timelabel">Pvr.TVNextRecordingDateTime</param>
				<param name="channellabel">Pvr.TVNextRecordingChannel</param>
				<param name="titlelabel">Pvr.TVNextRecordingTitle</param>
				<param name="channelicon">Pvr.TVNextRecordingChannelIcon</param>
			</include>
            <include condition="Skin.HasSetting(VerticalHome)" content="CurrentPVRStatus">
				<param name="top">-35</param>
				<param name="left">890</param>
				<param name="headerlabel">$LOCALIZE[19157]:</param>
				<param name="timelabel">Pvr.TVNextRecordingDateTime</param>
				<param name="channellabel">Pvr.TVNextRecordingChannel</param>
				<param name="titlelabel">Pvr.TVNextRecordingTitle</param>
				<param name="channelicon">Pvr.TVNextRecordingChannelIcon</param>
			</include>
		</control>
		<control type="group">
			<visible>!String.IsEmpty(Container(300).ListItem.Property(widgetRecordingTV)) + PVR.HasNonRecordingTVTimer + [Container(300).ListItem.Property(WidgetTwoShelves) | Container(300).ListItem.Property(WidgetDouble)]</visible>
			<animation effect="slide" start="0,0" end="0,50" time="0" condition="![Container(300).ListItem.Property(WidgetTwoShelves) | Container(300).ListItem.Property(WidgetDouble)]">conditional</animation>
			<include condition="!Skin.HasSetting(VerticalHome)" content="CurrentPVRStatusSmall">
				<param name="top">47</param>
				<param name="left">1320</param>
				<param name="headerlabel">$LOCALIZE[19157]:</param>
				<param name="timelabel">Pvr.TVNextRecordingDateTime</param>
				<param name="channellabel">Pvr.TVNextRecordingChannel</param>
				<param name="titlelabel">Pvr.TVNextRecordingTitle</param>
				<param name="channelicon">Pvr.TVNextRecordingChannelIcon</param>
			</include>
            <include condition="Skin.HasSetting(VerticalHome)" content="CurrentPVRStatus">
				<param name="top">-35</param>
				<param name="left">890</param>
				<param name="headerlabel">$LOCALIZE[19157]:</param>
				<param name="timelabel">Pvr.TVNextRecordingDateTime</param>
				<param name="channellabel">Pvr.TVNextRecordingChannel</param>
				<param name="titlelabel">Pvr.TVNextRecordingTitle</param>
				<param name="channelicon">Pvr.TVNextRecordingChannelIcon</param>
			</include>
		</control>
		<control type="group">
			<visible>!String.IsEmpty(Container(300).ListItem.Property(widgetRecordingRadio)) + PVR.IsRecordingRadio + ![Container(300).ListItem.Property(WidgetTwoShelves) | Container(300).ListItem.Property(WidgetDouble)]</visible>
			<animation effect="slide" start="0,0" end="430,0" time="0" condition="Skin.HasSetting(VerticalHome)">conditional</animation>
			<animation effect="slide" start="0,0" end="0,50" time="0" condition="![String.IsEqual(Container(300).ListItem.Property(WidgetTwoShelves),true) | Container(300).ListItem.Property(WidgetDouble)]">conditional</animation>
			<include condition="!Skin.HasSetting(VerticalHome)" content="CurrentPVRStatus">
				<param name="top">60</param>
				<param name="left">0</param>
				<param name="headerlabel">$LOCALIZE[19158]</param>
				<param name="timelabel">Pvr.RadioNowRecordingDateTime</param>
				<param name="channellabel">Pvr.RadioNowRecordingChannel</param>
				<param name="titlelabel">Pvr.RadioNowRecordingTitle</param>
				<param name="channelicon">Pvr.RadioNowRecordingChannelIcon</param>
			</include>
            <include condition="Skin.HasSetting(VerticalHome)" content="CurrentPVRStatus">
				<param name="top">-35</param>
				<param name="left">-160</param>
				<param name="headerlabel">$LOCALIZE[19158]</param>
				<param name="timelabel">Pvr.RadioNowRecordingDateTime</param>
				<param name="channellabel">Pvr.RadioNowRecordingChannel</param>
				<param name="titlelabel">Pvr.RadioNowRecordingTitle</param>
				<param name="channelicon">Pvr.RadioNowRecordingChannelIcon</param>
			</include>
		</control>
		<control type="group">
			<visible>!String.IsEmpty(Container(300).ListItem.Property(widgetRecordingRadio)) + PVR.IsRecordingRadio + [Container(300).ListItem.Property(WidgetTwoShelves) | Container(300).ListItem.Property(WidgetDouble)]</visible>
			<animation effect="slide" start="0,0" end="430,0" time="0" condition="Skin.HasSetting(VerticalHome)">conditional</animation>
			<animation effect="slide" start="0,0" end="0,50" time="0" condition="![String.IsEqual(Container(300).ListItem.Property(WidgetTwoShelves),true) | Container(300).ListItem.Property(WidgetDouble)]">conditional</animation>
			<include condition="!Skin.HasSetting(VerticalHome)" content="CurrentPVRStatusSmall">
				<param name="top">47</param>
				<param name="left">0</param>
				<param name="headerlabel">$LOCALIZE[19158]</param>
				<param name="timelabel">Pvr.RadioNowRecordingDateTime</param>
				<param name="channellabel">Pvr.RadioNowRecordingChannel</param>
				<param name="titlelabel">Pvr.RadioNowRecordingTitle</param>
				<param name="channelicon">Pvr.RadioNowRecordingChannelIcon</param>
			</include>
            <include condition="Skin.HasSetting(VerticalHome)" content="CurrentPVRStatus">
				<param name="top">-35</param>
				<param name="left">-160</param>
				<param name="headerlabel">$LOCALIZE[19158]</param>
				<param name="timelabel">Pvr.RadioNowRecordingDateTime</param>
				<param name="channellabel">Pvr.RadioNowRecordingChannel</param>
				<param name="titlelabel">Pvr.RadioNowRecordingTitle</param>
				<param name="channelicon">Pvr.RadioNowRecordingChannelIcon</param>
			</include>
		</control>
		<control type="group">
			<visible>!String.IsEmpty(Container(300).ListItem.Property(widgetRecordingRadio)) + PVR.HasNonRecordingRadioTimer + ![Container(300).ListItem.Property(WidgetTwoShelves) | Container(300).ListItem.Property(WidgetDouble)]</visible>
			<animation effect="slide" start="0,0" end="0,50" time="0" condition="![Container(300).ListItem.Property(WidgetTwoShelves) | Container(300).ListItem.Property(WidgetDouble)]">conditional</animation>
			<include condition="!Skin.HasSetting(VerticalHome)" content="CurrentPVRStatus">
				<param name="top">60</param>
				<param name="left">1320</param>
				<param name="headerlabel">$LOCALIZE[19157]</param>
				<param name="timelabel">Pvr.RadioNextRecordingDateTime</param>
				<param name="channellabel">Pvr.RadioNextRecordingChannel</param>
				<param name="titlelabel">Pvr.RadioNextRecordingTitle</param>
				<param name="channelicon">Pvr.RadioNextRecordingChannelIcon</param>
			</include>
            <include condition="Skin.HasSetting(VerticalHome)" content="CurrentPVRStatus">
				<param name="top">-35</param>
				<param name="left">890</param>
				<param name="headerlabel">$LOCALIZE[19157]</param>
				<param name="timelabel">Pvr.RadioNextRecordingDateTime</param>
				<param name="channellabel">Pvr.RadioNextRecordingChannel</param>
				<param name="titlelabel">Pvr.RadioNextRecordingTitle</param>
				<param name="channelicon">Pvr.RadioNextRecordingChannelIcon</param>
			</include>
		</control>
        <control type="group">
			<visible>!String.IsEmpty(Container(300).ListItem.Property(widgetRecordingRadio)) + PVR.HasNonRecordingRadioTimer + [Container(300).ListItem.Property(WidgetTwoShelves) | Container(300).ListItem.Property(WidgetDouble)]</visible>
			<animation effect="slide" start="0,0" end="0,50" time="0" condition="![Container(300).ListItem.Property(WidgetTwoShelves) | Container(300).ListItem.Property(WidgetDouble)]">conditional</animation>
			<include condition="!Skin.HasSetting(VerticalHome)" content="CurrentPVRStatusSmall">
				<param name="top">47</param>
				<param name="left">1320</param>
				<param name="headerlabel">$LOCALIZE[19157]</param>
				<param name="timelabel">Pvr.RadioNextRecordingDateTime</param>
				<param name="channellabel">Pvr.RadioNextRecordingChannel</param>
				<param name="titlelabel">Pvr.RadioNextRecordingTitle</param>
				<param name="channelicon">Pvr.RadioNextRecordingChannelIcon</param>
			</include>
            <include condition="Skin.HasSetting(VerticalHome)" content="CurrentPVRStatus">
				<param name="top">-35</param>
				<param name="left">890</param>
				<param name="headerlabel">$LOCALIZE[19157]</param>
				<param name="timelabel">Pvr.RadioNextRecordingDateTime</param>
				<param name="channellabel">Pvr.RadioNextRecordingChannel</param>
				<param name="titlelabel">Pvr.RadioNextRecordingTitle</param>
				<param name="channelicon">Pvr.RadioNextRecordingChannelIcon</param>
			</include>
		</control>		
    </include>

	<include name="CurrentPVRStatusSmall">
		<param name="top"></param>
		<param name="left"></param>
		<param name="headerlabel"></param>
		<param name="timelabel"></param>
		<param name="channellabel"></param>
		<param name="titlelabel"></param>
		<param name="channelicon"></param>
		<definition>
			<top>$PARAM[top]</top>
			<left>$PARAM[left]</left>
			<control type="image">
				<include>VisibleFadeEffect</include>
				<width>600</width>
				<height>70</height>
				<texture border="4">home/ShelfBackground.png</texture>
				<colordiffuse>$VAR[WidgetBGColor]</colordiffuse>
<!--				<texture border="4" colordiffuse="FF1c1c1c">img/WhiteRoundedST2.png</texture> -->
			</control>
			<control type="label">
				<description>Next Timer Header label</description>
				<left>16</left>
				<height>20</height>
				<width>310</width>
				<label>$PARAM[headerlabel]</label>
				<textcolor>$VAR[HighlightColor]</textcolor>
				<font>ListDetailsSmall</font>
				<align>left</align>
				<aligny>center</aligny>
			</control>
			<control type="label" description="next recording time">
				<description>NextRecordingDateTime</description>
				<left>16</left>
				<top>22</top>
				<width>420</width>
				<height>20</height>
				<font>ListDetailsSmall</font>
				<align>left</align>
				<aligny>center</aligny>
				<label>[B]$INFO[$PARAM[titlelabel]][/B] ($INFO[$PARAM[channellabel]])</label>
				<scroll>true</scroll>
			</control>
			<control type="label" description="Next Recording title Channel">
				<left>16</left>
				<top>44</top>
				<width>800 </width>
				<height>20</height>
				<align>left</align>
				<aligny>center</aligny>
				<font>ListDetailsSmall</font>
				<textcolor>$VAR[LabelTextColor]</textcolor>
				<label>$INFO[$PARAM[timelabel],$LOCALIZE[19126] - ]</label>
			</control>
			<include content="ShadowedImage">
				<param name="top">4</param>
				<param name="left">440</param>
				<param name="width">155</param>
				<param name="height">88</param>
				<param name="shadowoffset">4</param>
				<param name="texture">$INFO[$PARAM[channelicon]]</param>
			</include>
		</definition>
	</include>

    <include name="CurrentPVRStatus">
		<param name="top"></param>
		<param name="left"></param>
		<param name="headerlabel"></param>
		<param name="timelabel"></param>
		<param name="channellabel"></param>
		<param name="titlelabel"></param>
		<param name="channelicon"></param>
		<definition>
			<top>$PARAM[top]</top>
			<left>$PARAM[left]</left>
			<control type="image">
				<include>VisibleFadeEffect</include>
				<width>600</width>
				<height>100</height>
				<texture border="4">home/ShelfBackground.png</texture>
				<colordiffuse>$VAR[WidgetBGColor]</colordiffuse>
<!--				<texture border="4" colordiffuse="FF1c1c1c">img/WhiteRoundedST2.png</texture> -->
			</control>
			<control type="label">
				<description>Next Timer Header label</description>
				<left>16</left>
				<height>30</height>
				<width>310</width>
				<label>$PARAM[headerlabel]</label>
				<textcolor>$VAR[HighlightColor]</textcolor>
				<font>ListDetails</font>
				<align>left</align>
				<aligny>center</aligny>
			</control>
			<control type="label" description="next recording time">
				<description>NextRecordingDateTime</description>
				<left>16</left>
				<top>32</top>
				<width>420</width>
				<height>30</height>
				<font>ListDetails</font>
				<align>left</align>
				<aligny>center</aligny>
				<label>[B]$INFO[$PARAM[titlelabel]][/B] ($INFO[$PARAM[channellabel]])</label>
				<scroll>true</scroll>
			</control>
			<control type="label" description="Next Recording title Channel">
				<left>16</left>
				<top>64</top>
				<width>800 </width>
				<height>30</height>
				<align>left</align>
				<aligny>center</aligny>
				<font>ListDetails</font>
				<textcolor>$VAR[LabelTextColor]</textcolor>
				<label>$INFO[$PARAM[timelabel],$LOCALIZE[19126] - ]</label>
			</control>
			<include content="ShadowedImage">
				<param name="top">4</param>
				<param name="left">440</param>
				<param name="width">155</param>
				<param name="height">88</param>
				<param name="shadowoffset">4</param>
				<param name="texture">$INFO[$PARAM[channelicon]]</param>
			</include>
		</definition>
	</include>    
</includes>