{"Backup Set Amber": {"dirs": [{"path": "special://home/userdata/", "type": "include", "recurse": false}, {"path": "special://home/userdata/Database/", "type": "include", "recurse": true}, {"path": "special://home/userdata/keymaps/", "type": "include", "recurse": true}, {"path": "special://home/userdata/playlists/", "type": "include", "recurse": true}, {"path": "special://home/userdata/peripheral_data/", "type": "include", "recurse": true}, {"path": "special://home/userdata/profiles/", "type": "include", "recurse": true}, {"path": "special://home/userdata/Savestates/", "type": "include", "recurse": true}, {"path": "special://home/userdata/addon_data/script.skinshortcuts/", "type": "include", "recurse": true}, {"path": "special://home/userdata/addon_data/skin.amber/", "type": "include", "recurse": true}, {"path": "special://home/userdata/Thumbnails/", "type": "include", "recurse": true}], "root": "special://home/userdata/"}}