<?xml version="1.0" encoding="UTF-8"?>
<window>
	<onunload>RunScript(script.skinshortcuts,type=buildxml&amp;mainmenuID=300&amp;group=mainmenu|powermenu)</onunload>
	<defaultcontrol always="true">9000</defaultcontrol>
	<backgroundcolor>0</backgroundcolor>
	<controls>
		<include>DefaultBackground</include>
		<include>Time</include>
		<control type="group" description="Content">
			<animation effect="fade" time="250" condition="!Window.Previous(SettingsCategory.xml)">WindowOpen</animation>
			<animation effect="fade" time="250" condition="!Window.Next(SettingsCategory.xml)">WindowClose</animation>
			<control type="image" description="Left Menu background">
				<left>60</left>
				<top>60</top>
				<width>412</width>
				<height>980</height>
				<texture border="45">dialogs/TinyDialog.png</texture>
			</control>
			<control type="image" description="2/2 Right Menu">
				<visible>!Control.IsVisible(9001)</visible>
				<left>462</left>
				<top>60</top>
				<width>1419</width>
				<height>980</height>
				<texture border="45">dialogs/TinyDialog.png</texture>
			</control>
			<!-- 9000 Left panel -->
			<control type="list" id="9000">
				<posx>105</posx>
				<posy>120</posy>
				<width>322</width>
				<height>780</height>
				<onleft>noop</onleft>
				<onright>9100</onright>
				<onup>9000</onup>
				<ondown>9000</ondown>
				<pagecontrol></pagecontrol>
				<scrolltime>280</scrolltime>
				<itemlayout width="322" height="60">
					<control type="image">
						<width>322</width>
						<height>60</height>
						<texture border="3">buttons/ButtonNF.png</texture>
					</control>
					<control type="label" description="Main Label">
						<posx>10</posx>
						<width>301</width>
						<height>60</height>
						<label>$INFO[ListItem.Label]</label>
					</control>
				</itemlayout>
				<focusedlayout width="322" height="60">
					<control type="image" description="fa overlay">
						<animation effect="fade" start="100" end="40" time="100" condition="!Control.HasFocus(9000)">Conditional</animation>
						<width>322</width>
						<height>60</height>
						<texture border="4" colordiffuse="Highlight">img/WhiteRoundedST2.png</texture>
					</control>
					<control type="label" description="Main Label">
						<posx>10</posx>
						<width>301</width>
						<height>60</height>
						<textcolor>Black</textcolor>
						<shadowcolor></shadowcolor>
						<label>$INFO[ListItem.Label]</label>
					</control>
				</focusedlayout>
				<content>
					<item id="1" description="General">
						<label>$LOCALIZE[128]</label>
						<onclick>noop</onclick>
					</item>
					<item id="2" description="Home menu">
						<label>$LOCALIZE[31995]</label>
						<onclick>noop</onclick>
					</item>
					<item id="3" description="Backgrounds">
						<label>$LOCALIZE[33069]</label>
						<onclick>noop</onclick>
					</item>
					<item id="4" description="Media Views">
						<label>$LOCALIZE[31053]</label>
						<onclick>noop</onclick>
					</item>
                    <item id="5" description="Title Bar Options">
						<label>$LOCALIZE[32123]</label>
						<onclick>noop</onclick>
					</item>
                    <item id="6" description="Video Info Options">
						<label>$LOCALIZE[32107]</label>
						<onclick>noop</onclick>
					</item>
					<item id="7" description="Search">
						<label>$LOCALIZE[137]</label>
						<onclick>noop</onclick>
					</item>
					<item id="8" description="Advanced">
						<label>$LOCALIZE[31985]</label>
						<onclick>noop</onclick>
					</item>
					<item id="9" description="Backup/Restore">
						<label>$LOCALIZE[32064]</label>
						<onclick>noop</onclick>
					</item>
					<item id="10" description="Manage dependencies">
						<label>$LOCALIZE[24996]</label>
						<onclick>noop</onclick>
					</item>
				</content>
			</control>
			<control type="group" id="9100">
				<!--9000 1 General Options -->
				<control type="panel" id="9101">
					<visible>Container(9000).HasFocus(1)</visible>
					<onright>500</onright>
					<onup>9101</onup>
					<ondown>9101</ondown>
					<pagecontrol></pagecontrol>
					<include>SettingsListCommons</include>
					<content>
						<item id="1" description="Lyrics">
							<label>$LOCALIZE[24020] $LOCALIZE[31132]</label>
							<label2>$INFO[Skin.String(LyricPath)]</label2>
							<onclick>Skin.SetAddon(LyricPath,xbmc.python.lyrics)</onclick>
						</item>
						<include content="YesNoSettingItem">
							<param name="itemid" value="2"/>
							<param name="itemlabel" value="$LOCALIZE[31959]"/>
							<param name="skinsetting" value="FullscreenMusic"/>
						</include>
						<include content="YesNoSettingItem">
							<param name="itemid" value="3"/>
							<param name="itemlabel" value="$LOCALIZE[32020]"/>
							<param name="skinsetting" value="Hide.Label2.Lists"/>
						</include>
						<include content="YesNoSettingItem">
							<param name="itemid" value="4"/>
							<param name="itemlabel" value="$LOCALIZE[32056]"/>
							<param name="skinsetting" value="Show.MoreItems.List"/>
						</include>
						<include content="YesNoSettingItem">
							<param name="itemid" value="5"/>
							<param name="itemlabel" value="$LOCALIZE[32122]"/>
							<param name="skinsetting" value="ShowABinContextMenu"/>
						</include>
						<include content="YesNoSettingItem">
							<param name="itemid" value="6"/>
							<param name="itemlabel" value="$LOCALIZE[32038]"/>
							<param name="skinsetting" value="Show.Options.Button"/>
						</include>
                        <include content="YesNoSettingItem">
							<param name="itemid" value="7"/>
							<param name="itemlabel" value="$LOCALIZE[32052]"/>
							<param name="skinsetting" value="Show.Info.OnPause"/>
						</include>
                        <include content="YesNoSettingItem">
							<param name="itemid" value="8"/>
							<param name="itemlabel" value="$LOCALIZE[32071]"/>
							<param name="skinsetting" value="Show.JumpToLetter"/>
						</include>
                        <include content="YesNoSettingItem">
							<param name="itemid" value="9"/>
							<param name="itemlabel" value="$LOCALIZE[32076]"/>
							<param name="skinsetting" value="Enable.WatchedInRecent"/>
						</include>                        
                        <include content="YesNoSettingItem">
							<param name="itemid" value="10"/>
							<param name="itemlabel" value="$LOCALIZE[32072]"/>
							<param name="skinsetting" value="Enable.Autocompletion"/>
						</include>
                        <include content="YesNoSettingItem">
							<param name="itemid" value="11"/>
							<param name="itemlabel" value="$LOCALIZE[32124]"/>
							<param name="skinsetting" value="Enable.HourMinutes"/>
						</include>                        
						<include content="YesNoSettingItem">
							<param name="itemid" value="12"/>
							<param name="itemlabel" value="$LOCALIZE[31996]"/>
							<param name="skinsetting" value="holiday"/>
						</include>
					</content>
				</control>
                <!-- 9000 2 - Home Menu optiuons -->
				<control type="panel" id="9102">
					<visible>Container(9000).HasFocus(2)</visible>
					<onright>500</onright>
					<onup>9102</onup>
					<ondown>9102</ondown>
					<pagecontrol></pagecontrol>
					<include>SettingsListCommons</include>
					<content>
						<include content="YesNoSettingItem">
							<param name="itemid" value="1"/>
							<param name="itemlabel" value="[B]$LOCALIZE[31994][/B]"/>
							<param name="skinsetting" value="VerticalHome"/>
						</include>
						<include content="YesNoSettingItem">
							<param name="itemid" value="2"/>
							<param name="itemlabel" value="      $LOCALIZE[31363]"/>
							<param name="skinsetting" value="StaticVerticalHome"/>
                            <param name="font" value="font14"/>
							<param name="itemvisibility" value="Skin.HasSetting(VerticalHome)"/>
						</include>
						<include content="YesNoSettingItem">
							<param name="itemid" value="3"/>
							<param name="itemlabel" value="[B]      $LOCALIZE[32054][/B]"/>
                            <param name="font" value="font14"/>
							<param name="skinsetting" value="Vertical.BiggerFont"/>
							<param name="itemvisibility" value="Skin.HasSetting(VerticalHome)"/>
						</include>
						<include content="YesNoSettingItem">
							<param name="itemid" value="4"/>
							<param name="itemlabel" value="            $LOCALIZE[32055]"/>
                            <param name="font" value="font13"/>
							<param name="skinsetting" value="VerticalNavWrap"/>
							<param name="itemvisibility" value="Skin.HasSetting(VerticalHome) + Skin.HasSetting(Vertical.BiggerFont)"/>
						</include>
						<include content="YesNoSettingItem">
							<param name="itemid" value="5"/>
							<param name="itemlabel" value="      $LOCALIZE[32203]"/>
							<param name="skinsetting" value="VerticalFirst"/>
                            <param name="font" value="font14"/>
							<param name="itemvisibility" value="Skin.HasSetting(VerticalHome)"/>
						</include>
						<include content="YesNoSettingItem">
							<param name="itemid" value="6"/>
							<param name="itemlabel" value="$LOCALIZE[31920]"/>
							<param name="skinsetting" value="Hide.AllShelves"/>
						</include>                        
						<item id="7" description="Set Favourite Addons">
							<label>$LOCALIZE[32062]</label>
							<onclick>SetProperty(CustomSelectFavouriteAddons,True)</onclick>
							<onclick>ActivateWindow(1125)</onclick>
						</item>
						<item id="8" description="Customize Home Menu">
							<label>$LOCALIZE[32043]</label>
							<onclick>RunScript(script.skinshortcuts,type=manage&amp;group=mainmenu)</onclick>
						</item>
                        <item id="9" description="Customize Power Menu">
							<label>$LOCALIZE[32166]</label>
							<onclick>RunScript(script.skinshortcuts,type=manage&amp;group=powermenu)</onclick>
						</item>
					</content>
				</control>
                <!-- 9000 3 Background options -->
				<control type="panel" id="9103">
					<visible>Container(9000).HasFocus(3)</visible>
					<onright>500</onright>
					<onup>9103</onup>
					<ondown>9103</ondown>
					<pagecontrol></pagecontrol>
					<include>SettingsListCommons</include>
					<content>
						<include content="YesNoSettingItem">
							<param name="itemid" value="7"/>
							<param name="itemlabel" value="[B]$LOCALIZE[32048][/B]"/>
							<param name="skinsetting" value="Enable.FanartTitle"/>
						</include>
						<include content="YesNoSettingItem">
							<param name="itemid" value="12"/>
							<param name="itemlabel" value="      $LOCALIZE[32070]"/>
							<param name="skinsetting" value="FanartTitle.InTopBar"/>
							<param name="itemvisibility" value="Skin.HasSetting(Enable.FanartTitle)"/>
						</include>
						<item id="8" description="Set Fanart Rotation Delay">
							<label>$LOCALIZE[32049]</label>
							<label2>$VAR[FanartTimePerImageLabel]</label2>
							<onclick>SetProperty(CustomSelectFanartTimePerImage,True)</onclick>
							<onclick>ActivateWindow(1121)</onclick>
						</item>
						<item id="11" description="Set Default Background">
							<label>$LOCALIZE[32061]</label>
							<onclick>SetProperty(CustomSelectDefaultBackground,True)</onclick>
							<onclick>ActivateWindow(1121)</onclick>
						</item>
						<include content="YesNoSettingItem">
							<param name="itemid" value="1"/>
							<param name="itemlabel" value="$LOCALIZE[31986]"/>
							<param name="skinsetting" value="Home_DefaultBG"/>
						</include>
						<include content="YesNoSettingItem">
							<param name="itemid" value="2"/>
							<param name="itemlabel" value="$LOCALIZE[31951]"/>
							<param name="skinsetting" value="Sub_DefaultBG"/>
						</include>
						<include content="YesNoSettingItem">
							<param name="itemid" value="4"/>
							<param name="itemlabel" value="$LOCALIZE[31953]"/>
							<param name="skinsetting" value="Sub_FanArtBG"/>
							<param name="itemvisibility" value="!Skin.HasSetting(Sub_DefaultBG)"/>
						</include>
						<include content="YesNoSettingItem">
							<param name="itemid" value="5"/>
							<param name="itemlabel" value="$LOCALIZE[31952]"/>
							<param name="skinsetting" value="MusicPlayingFanart"/>
						</include>
						<include content="YesNoSettingItem">
							<param name="itemid" value="6"/>
							<param name="itemlabel" value="$LOCALIZE[31949]"/>
							<param name="skinsetting" value="SkinHelper.EnableExtraFanart"/>
						</include>
						<include content="YesNoSettingItem">
							<param name="itemid" value="10"/>
							<param name="itemlabel" value="$LOCALIZE[31991]"/>
							<param name="skinsetting" value="Show_Player"/>
						</include>
					</content>
				</control>
				<!--9000 4 Media Views Options -->
				<control type="panel" id="9104">
					<visible>Container(9000).HasFocus(4)</visible>
					<onright>500</onright>
					<onup>9104</onup>
					<ondown>9104</ondown>
					<pagecontrol></pagecontrol>
					<include>SettingsListCommons</include>
					<content>
						<item id="19" description="Set Default View">
							<label>$LOCALIZE[32204]</label>
							<onclick>SetProperty(CustomSelectDefaultView,True)</onclick>
							<onclick>ActivateWindow(1135)</onclick>
						</item>
						<include content="YesNoSettingItem">
							<param name="itemid" value="3"/>
							<param name="itemlabel" value="$LOCALIZE[20189]"/>
							<param name="skinsetting" value="AutoScroll"/>
						</include>
						<include content="YesNoSettingItem">
							<param name="itemid" value="7"/>
							<param name="itemlabel" value="$LOCALIZE[31514]"/>
							<param name="skinsetting" value="EpisodesUsePoster"/>
						</include>						
						<include content="YesNoSettingItem">
							<param name="itemid" value="0"/>
							<param name="itemlabel" value="$LOCALIZE[31981]"/>
							<param name="itemicon" value="OverlayWatched.png"/>
							<param name="skinsetting" value="Hide_Watched_Marks"/>
						</include>
						<include content="YesNoSettingItem">
							<param name="itemid" value="1"/>
							<param name="itemlabel" value="$LOCALIZE[31980]"/>
							<param name="itemicon" value="OverlayUnwatched.png"/>
							<param name="skinsetting" value="Hide_Unwatched_Marks"/>
						</include>
						<include content="YesNoSettingItem">
							<param name="itemid" value="2"/>
							<param name="itemlabel" value="$LOCALIZE[31972]"/>
							<param name="itemicon" value="OverlayInProgress.png"/>
							<param name="skinsetting" value="Hide_InProgress_Marks"/>
						</include>
						<include content="YesNoSettingItem">
							<param name="itemid" value="8"/>
							<param name="itemlabel" value="$LOCALIZE[31035]"/>
							<param name="skinsetting" value="Hide.MediaFlagsVideo"/>
						</include>
<!--						<include content="YesNoSettingItem">
							<param name="itemid" value="11"/>
							<param name="itemlabel" value="$LOCALIZE[31150]"/>
							<param name="skinsetting" value="hide.listview"/>
						</include> -->
						<include content="YesNoSettingItem">
							<param name="itemid" value="12"/>
							<param name="itemlabel" value="$LOCALIZE[31151]"/>
							<param name="skinsetting" value="hide.panelview"/>
						</include>
						<include content="YesNoSettingItem">
							<param name="itemid" value="13"/>
							<param name="itemlabel" value="$LOCALIZE[31152]"/>
							<param name="skinsetting" value="hide.biglistview"/>
						</include>
						<include content="YesNoSettingItem">
							<param name="itemid" value="14"/>
							<param name="itemlabel" value="$LOCALIZE[31153]"/>
							<param name="skinsetting" value="hide.iconsview"/>
						</include>
						<include content="YesNoSettingItem">
							<param name="itemid" value="15"/>
							<param name="itemlabel" value="$LOCALIZE[31154]"/>
							<param name="skinsetting" value="hide.lowlistview"/>
						</include>
						<include content="YesNoSettingItem">
							<param name="itemid" value="16"/>
							<param name="itemlabel" value="$LOCALIZE[31155]"/>
							<param name="skinsetting" value="hide.bigpanelview"/>
						</include>
						<include content="YesNoSettingItem">
							<param name="itemid" value="17"/>
							<param name="itemlabel" value="$LOCALIZE[31156]"/>
							<param name="skinsetting" value="hide.fanartview"/>
						</include>
						<include content="YesNoSettingItem">
							<param name="itemid" value="18"/>
							<param name="itemlabel" value="$LOCALIZE[32059]"/>
							<param name="skinsetting" value="hide.talllistview"/>
						</include>
					</content>
				</control>
                <!--9000 5 Top Bar Options -->
				<control type="panel" id="9105">
					<visible>Container(9000).HasFocus(5)</visible>
					<onright>500</onright>
					<onup>9105</onup>
					<ondown>9105</ondown>
					<pagecontrol></pagecontrol>
					<include>SettingsListCommons</include>
					<content>
						<include content="YesNoSettingItem">
							<param name="itemid" value="1"/>
							<param name="itemlabel" value="$LOCALIZE[31039]"/>
							<param name="skinsetting" value="Hide.TopBar.Sub"/>
						</include>
						<include content="YesNoSettingItem">
							<param name="itemid" value="2"/>
							<param name="itemlabel" value="$LOCALIZE[31998]"/>
							<param name="skinsetting" value="ShowMasterLockTitle"/>
						</include>
						<include content="YesNoSettingItem">
							<param name="itemid" value="3"/>
							<param name="itemlabel" value="$LOCALIZE[31034]"/>
							<param name="skinsetting" value="Hide.WeatherTitleBar"/>
						</include>
						<include content="YesNoSettingItem">
							<param name="itemid" value="4"/>
							<param name="itemlabel" value="$LOCALIZE[31040]"/>
							<param name="skinsetting" value="Hide.RecordingTitleBar"/>
						</include>
					</content>
				</control>
                <!-- 9000 6 Video Info options -->
				<control type="panel" id="9106">
					<visible>Container(9000).HasFocus(6)</visible>
					<onright>500</onright>
					<onup>9106</onup>
					<ondown>9106</ondown>
					<pagecontrol></pagecontrol>
					<include>SettingsListCommons</include>
					<content>
                        <include content="YesNoSettingItem">
							<param name="itemid" value="1"/>
							<param name="itemlabel" value="$LOCALIZE[32057]"/>
							<param name="skinsetting" value="Show.SeasonEpisodeInfo"/>
						</include>
						<include content="YesNoSettingItem">
							<param name="itemid" value="2"/>
							<param name="itemlabel" value="$LOCALIZE[32058]"/>
							<param name="skinsetting" value="Show.EpisodeThumbInfo"/>
						</include>
						<include content="YesNoSettingItem">
							<param name="itemid" value="3"/>
							<param name="itemlabel" value="$LOCALIZE[32015]"/>
							<param name="skinsetting" value="Disable.ExtendedInfo"/>
						</include>
                        <item id="4" description="Blur Background - colorbox present">
                            <visible>Skin.HasSetting(Enable.BlurredVideoInfo) + System.HasAddon(script.colorbox)</visible>
                            <label>[B]$LOCALIZE[32156][/B]</label>
                            <label2>$LOCALIZE[107]</label2>
                            <onclick condition="System.HasAddon(script.colorbox) + !Skin.HasSetting(Enable.BlurredVideoInfo)">SetProperty(FIVE_daemon_set,blur,home)</onclick>
                            <onclick condition="System.HasAddon(script.colorbox) + !Skin.HasSetting(Enable.BlurredVideoInfo)">RunScript(script.colorbox,daemon=True)</onclick>
                            <onclick condition="System.HasAddon(script.colorbox) + !Skin.HasSetting(Enable.BlurredVideoInfo)">AlarmClock(nms1,SetProperty(NINE_manual_set,"var=quality,set=$INFO[Skin.String(colorbox_quality)]|var=blursize,set=$INFO[Skin.String(colorbox_blursize)]|var=bitsize,set=$INFO[Skin.String(colorbox_bitsize)]|var=pixelsize,set=$INFO[Skin.String(colorbox_pixelsize)]|var=black,set=$INFO[Skin.String(colorbox_black)]|var=white,set=$INFO[Skin.String(colorbox_white)]",home),00:05,true)</onclick>
                            <onclick>Skin.ToggleSetting(Enable.BlurredVideoInfo)</onclick>
                        </item>
                        <item id="4" description="Blur Background - colorbox not installed">
                            <visible>!Skin.HasSetting(Enable.BlurredVideoInfo) | !System.HasAddon(script.colorbox)</visible>
                            <label>[B]$LOCALIZE[32156][/B]</label>
                            <label2>$LOCALIZE[106]</label2>
                            <onclick condition="!System.HasAddon(script.colorbox)">InstallAddon(script.colorbox)</onclick>
                            <onclick condition="System.HasAddon(script.colorbox) + !Skin.HasSetting(Enable.BlurredVideoInfo)">SetProperty(FIVE_daemon_set,blur,home)</onclick>
                            <onclick condition="System.HasAddon(script.colorbox) + !Skin.HasSetting(Enable.BlurredVideoInfo)">RunScript(script.colorbox,daemon=True)</onclick>
                            <onclick condition="System.HasAddon(script.colorbox) + !Skin.HasSetting(Enable.BlurredVideoInfo)">AlarmClock(nms1,SetProperty(NINE_manual_set,"var=quality,set=$INFO[Skin.String(colorbox_quality)]|var=blursize,set=$INFO[Skin.String(colorbox_blursize)]|var=bitsize,set=$INFO[Skin.String(colorbox_bitsize)]|var=pixelsize,set=$INFO[Skin.String(colorbox_pixelsize)]|var=black,set=$INFO[Skin.String(colorbox_black)]|var=white,set=$INFO[Skin.String(colorbox_white)]",home),00:05,true)</onclick>
                            <onclick condition="System.HasAddon(script.colorbox)">Skin.ToggleSetting(Enable.BlurredVideoInfo)</onclick>
                        </item>
                        <include content="YesNoSettingItem">
							<param name="itemid" value="5"/>
							<param name="itemlabel" value="      $LOCALIZE[32165]"/>
							<param name="skinsetting" value="Blur.UsePoster"/>
                            <param name="itemvisibility" value="Skin.HasSetting(Enable.BlurredVideoInfo)"/>
						</include>
                        <item id="6" description="Blur Settings">
							<label>      $LOCALIZE[32157]</label>
							<onclick>ActivateWindow(1132)</onclick>
                            <visible>System.HasAddon(script.colorbox) + Skin.HasSetting(Enable.BlurredVideoInfo)</visible>
						</item>
                        <item id="7" description="Select Custom Info Lists">
							<label>$LOCALIZE[32104]</label>
							<onclick>SetProperty(CustomSelectInfoLists,True)</onclick>
							<onclick>ActivateWindow(1130)</onclick>
						</item>
                        <item id="8" description="Embuary Info Config">
							<label>$LOCALIZE[32128]</label>
							<onclick condition="System.HasAddon(script.embuary.info)">Addon.OpenSettings(script.embuary.info)</onclick>
                            <onclick condition="!System.HasAddon(script.embuary.info)">InstallAddon(script.embuary.info)</onclick>
                        </item>
                        <item id="9" description="TMDb Helper Config">
							<label>$LOCALIZE[32155]</label>
							<onclick condition="System.HasAddon(plugin.video.themoviedb.helper)">Addon.OpenSettings(plugin.video.themoviedb.helper)</onclick>
                            <onclick condition="!System.HasAddon(plugin.video.themoviedb.helper)">InstallAddon(plugin.video.themoviedb.helper)</onclick>
						</item>
					</content>
				</control>
				<!-- 9000 7 Search -->
				<control type="panel" id="9107">
					<visible>Container(9000).HasFocus(7)</visible>
					<onright>500</onright>
					<onup>9107</onup>
					<ondown>9107</ondown>
					<pagecontrol></pagecontrol>
					<include>SettingsListCommons</include>
					<content>
						<include content="YesNoSettingItemAddon">
							<param name="itemid" value="1"/>
							<param name="itemlabel" value="$LOCALIZE[31938]"/>
							<param name="skinsetting" value="Enable.GlobalSearch"/>
							<param name="addonpath" value="script.globalsearch"/>
						</include>
						<item id="2" description="Select Search Categories">
							<label>$LOCALIZE[32168]</label>
							<onclick>SetProperty(CustomSelectSearchOptions,True)</onclick>
							<onclick>ActivateWindow(1133)</onclick>
						</item>
					</content>
				</control>
				<!-- 9000 8 Advanced options -->
				<control type="panel" id="9108">
					<visible>Container(9000).HasFocus(8)</visible>
					<onright>500</onright>
					<onup>9108</onup>
					<ondown>9108</ondown>
					<pagecontrol></pagecontrol>
					<include>SettingsListCommons</include>
					<content>
						<include content="YesNoSettingItem">
							<param name="itemid" value="13"/>
							<param name="itemlabel" value="$LOCALIZE[32040]"/>
							<param name="skinsetting" value="KioskMode.Enabled"/>
						</include>
						<include content="YesNoSettingItemAddon">
							<param name="itemid" value="2"/>
							<param name="itemlabel" value="$LOCALIZE[31969]"/>
							<param name="skinsetting" value="Use_Artist_Slideshow"/>
							<param name="addonpath" value="script.artistslideshow"/>
						</include>
						<include content="YesNoSettingItemAddon">
							<param name="itemid" value="8"/>
							<param name="itemlabel" value="$LOCALIZE[31938]"/>
							<param name="skinsetting" value="Enable.GlobalSearch"/>
							<param name="addonpath" value="script.globalsearch"/>
						</include>
						<include content="YesNoSettingItemAddon">
							<param name="itemid" value="11"/>
							<param name="itemlabel" value="$LOCALIZE[32008]"/>
							<param name="skinsetting" value="Enable.SpecialFeatures"/>
							<param name="addonpath" value="plugin.video.specialfeatures"/>
						</include>
						<include content="InstallAddonItem">
							<param name="itemid" value="3"/>
							<param name="itemlabel" value="$LOCALIZE[31939]"/>
							<param name="addonpath" value="script.image.resource.select"/>
						</include>
						<include content="CustomImageResourceSettingItem">
							<param name="itemid" value="3"/>
							<param name="itemlabel">$LOCALIZE[31940]</param>
							<param name="itemlabel2">$LOCALIZE[15109]</param>
							<param name="itemvisibility" value="System.HasAddon(script.image.resource.select)"/>
							<param name="resourcetype" value="weathericons"/>
						</include>
						<include content="CustomImageResourceSettingItem">
							<param name="itemid" value="4"/>
							<param name="itemlabel">$LOCALIZE[32046]</param>
							<param name="itemlabel2">$LOCALIZE[15109]</param>
							<param name="itemvisibility" value="System.HasAddon(script.image.resource.select)"/>
							<param name="resourcetype" value="weatherfanart"/>
						</include>
						<include content="CustomImageResourceSettingItem">
							<param name="itemid" value="5"/>
							<param name="itemlabel">$LOCALIZE[31942]</param>
							<param name="resourcetype" value="studios"/>
							<param name="itemvisibility" value="System.HasAddon(script.image.resource.select)"/>
						</include>
						<include content="CustomImageResourceSettingItem">
							<param name="itemid" value="5"/>
							<param name="itemlabel">$LOCALIZE[31945]</param>
							<param name="resourcetype" value="moviecountryicons"/>
							<param name="itemvisibility" value="System.HasAddon(script.image.resource.select)"/>
						</include>
						<include content="CustomImageResourceSettingItem">
							<param name="itemid" value="6"/>
							<param name="itemlabel">$LOCALIZE[31941]</param>
							<param name="resourcetype" value="moviegenreicons"/>
							<param name="itemvisibility" value="System.HasAddon(script.image.resource.select)"/>
						</include>
						<include content="CustomImageResourceSettingItem">
							<param name="itemid" value="7"/>
							<param name="itemlabel">$LOCALIZE[31943]</param>
							<param name="resourcetype" value="recordlabels"/>
							<param name="itemvisibility" value="System.HasAddon(script.image.resource.select)"/>
						</include>
						<include content="CustomImageResourceSettingItem">
							<param name="itemid" value="8"/>
							<param name="itemlabel">$LOCALIZE[31944]</param>
							<param name="resourcetype" value="musicgenreicons"/>
							<param name="itemvisibility" value="System.HasAddon(script.image.resource.select)"/>
						</include>
					</content>
				</control>
				<!-- 9000 9 - Backup/Restore -->
				<control type="panel" id="9109">
					<visible>Container(9000).HasFocus(9)</visible>
					<onright>500</onright>
					<onup>9109</onup>
					<ondown>9109</ondown>
					<pagecontrol></pagecontrol>
					<include>SettingsListCommons</include>
					<content>
						<item id="1" description="Backup Skin Settings">
							<label>$LOCALIZE[32065]</label>
							<onclick>RunScript(script.skin.helper.skinbackup,action=backup)</onclick>
                            <onclick condition="!System.HasAddon(script.skin.helper.skinbackup)">InstallAddon(script.skin.helper.skinbackup)</onclick>
						</item>
						<item id="2" description="Restore Skin Settings Backup">
							<label>$LOCALIZE[32066]</label>
							<onclick>RunScript(script.skin.helper.skinbackup,action=restore)</onclick>
                            <onclick condition="!System.HasAddon(script.skin.helper.skinbackup)">InstallAddon(script.skin.helper.skinbackup)</onclick>
							<onclick>ReloadSkin()</onclick>
						</item>
						<item id="3" description="Backup/Restore Config">
							<label>$LOCALIZE[32067]</label>
							<onclick>Addon.OpenSettings(script.skin.helper.skinbackup)</onclick>
							<onclick condition="!System.HasAddon(script.skin.helper.skinbackup)">InstallAddon(script.skin.helper.skinbackup)</onclick>
						</item>
						<item id="4" description="Reset all settings to default">
							<label>$LOCALIZE[31038]</label>
							<icon>DefaultIconWarning.png</icon>
							<onclick>Skin.ResetSettings</onclick>
							<onclick>RunScript(script.skin.helper.skinbackup,action=reset)</onclick>
                            <onclick condition="!System.HasAddon(script.skin.helper.skinbackup)">InstallAddon(script.skin.helper.skinbackup)</onclick>
							<onclick>ReloadSkin()</onclick>
						</item>
					</content>
				</control>                
				<!-- 9000 10 - Manage Dependencies -->
				<control type="grouplist" id="9110">
					<visible>Container(9000).HasFocus(10)</visible>
					<onright>500</onright>
                    <include>SettingsListCommons</include>
					<onup>9110</onup>
					<ondown>9110</ondown>                    
					<control type="radiobutton" id="91121">
						<label>script.favourites</label>
						<label2>$INFO[System.AddonVersion(script.favourites)]        </label2>
						<onclick>Addon.OpenSettings(script.favourites)</onclick>
						<onclick condition="!System.HasAddon(script.favourites)">InstallAddon(script.favourites)</onclick>
						<selected>System.HasAddon(script.favourites)</selected>
					</control>
					<control type="radiobutton" id="91123">
						<label>resource.uisounds.amber</label>
						<label2>$INFO[System.AddonVersion(resource.uisounds.amber)]        </label2>
						<onclick>Addon.OpenSettings(resource.uisounds.amber)</onclick>
						<onclick condition="!System.HasAddon(resource.uisounds.amber)">InstallAddon(resource.uisounds.amber)</onclick>
						<selected>System.HasAddon(resource.uisounds.amber)</selected>
					</control>
					<control type="radiobutton" id="91124">
						<label>script.skinshortcuts</label>
						<label2>$INFO[System.AddonVersion(script.skinshortcuts)]        </label2>
						<onclick>Addon.OpenSettings(script.skinshortcuts)</onclick>
						<onclick condition="!System.HasAddon(script.skinshortcuts)">InstallAddon(script.skinshortcuts)</onclick>
						<selected>System.HasAddon(script.skinshortcuts)</selected>
					</control>
					<control type="radiobutton" id="91125">
						<label>script.globalsearch</label>
						<label2>$INFO[System.AddonVersion(script.globalsearch)]        </label2>
						<onclick>Addon.OpenSettings(script.globalsearch)</onclick>
						<onclick condition="!System.HasAddon(script.globalsearch)">InstallAddon(script.globalsearch)</onclick>
						<selected>System.HasAddon(script.globalsearch)</selected>
					</control>
					<control type="radiobutton" id="91126">
						<label>script.tv.show.next.aired</label>
						<label2>$INFO[System.AddonVersion(script.tv.show.next.aired)]        </label2>
						<onclick>Addon.OpenSettings(script.tv.show.next.aired)</onclick>
						<onclick condition="!System.HasAddon(script.tv.show.next.aired)">InstallAddon(script.tv.show.next.aired)</onclick>
						<selected>System.HasAddon(script.tv.show.next.aired)</selected>
					</control>
					<control type="radiobutton" id="91127">
						<label>service.skin.widgets</label>
						<label2>$INFO[System.AddonVersion(service.skin.widgets)]        </label2>
						<onclick>Addon.OpenSettings(service.skin.widgets)</onclick>
						<onclick condition="!System.HasAddon(service.skin.widgets)">InstallAddon(service.skin.widgets)</onclick>
						<selected>System.HasAddon(service.skin.widgets)</selected>
					</control>
					<control type="radiobutton" id="91128">
						<label>script.skin.helper.widgets</label>
						<label2>$INFO[System.AddonVersion(script.skin.helper.widgets)]        </label2>
						<onclick>Addon.OpenSettings(script.skin.helper.widgets)</onclick>
						<onclick condition="!System.HasAddon(service.skin.widgets)">InstallAddon(script.skin.helper.widgets)</onclick>
						<selected>System.HasAddon(script.skin.helper.widgets)</selected>
					</control>
					<control type="radiobutton" id="91129">
						<label>script.artwork.beef</label>
						<label2>$INFO[System.AddonVersion(script.artwork.beef)]        </label2>
						<onclick>Addon.OpenSettings(script.artwork.beef)</onclick>
						<onclick condition="!System.HasAddon(script.artwork.beef)">InstallAddon(script.artwork.beef)</onclick>
						<selected>System.HasAddon(script.artwork.beef)</selected>
					</control>
					<control type="radiobutton" id="911211">
						<label>script.cu.lrclyrics</label>
						<label2>$INFO[System.AddonVersion(script.cu.lrclyrics)]        </label2>
						<onclick>Addon.OpenSettings(script.cu.lrclyrics)</onclick>
						<onclick condition="!System.HasAddon(script.cu.lrclyrics)">InstallAddon(script.cu.lrclyrics)</onclick>
						<selected>System.HasAddon(script.cu.lrclyrics)</selected>
					</control>
					<control type="radiobutton" id="911212">
						<label>script.artistslideshow</label>
						<label2>$INFO[System.AddonVersion(script.artistslideshow)]        </label2>
						<onclick>Addon.OpenSettings(script.artistslideshow)</onclick>
						<onclick condition="!System.HasAddon(script.artistslideshow)">InstallAddon(script.artistslideshow)</onclick>
						<selected>System.HasAddon(script.artistslideshow)</selected>
					</control>
					<control type="radiobutton" id="911213">
						<label>plugin.video.specialfeatures</label>
						<label2>$INFO[System.AddonVersion(plugin.video.specialfeatures)]        </label2>
						<onclick>Addon.OpenSettings(plugin.video.specialfeatures)</onclick>
						<onclick condition="!System.HasAddon(plugin.video.specialfeatures)">InstallAddon(plugin.video.specialfeatures)</onclick>
						<selected>System.HasAddon(plugin.video.specialfeatures)</selected>
					</control>
					<control type="radiobutton" id="911214">
						<label>service.upnext</label>
						<label2>$INFO[System.AddonVersion(service.upnext)]        </label2>
						<onclick>Addon.OpenSettings(service.upnext)</onclick>
						<onclick condition="!System.HasAddon(service.upnext)">InstallAddon(service.upnext)</onclick>
						<selected>System.HasAddon(service.upnext)</selected>
					</control>
					<control type="radiobutton" id="911216">
						<label>service.library.data.provider</label>
						<label2>$INFO[System.AddonVersion(service.library.data.provider)]        </label2>
						<onclick>Addon.OpenSettings(service.library.data.provider)</onclick>
						<onclick condition="!System.HasAddon(service.library.data.provider)">InstallAddon(service.library.data.provider)</onclick>
						<selected>System.HasAddon(service.library.data.provider)</selected>
					</control>
					<control type="radiobutton" id="911217">
						<label>script.skin.helper.skinbackup</label>
						<label2>$INFO[System.AddonVersion(script.skin.helper.skinbackup)]        </label2>
						<onclick>Addon.OpenSettings(script.skin.helper.skinbackup)</onclick>
						<onclick condition="!System.HasAddon(script.skin.helper.skinbackup)">InstallAddon(script.skin.helper.skinbackup)</onclick>
						<selected>System.HasAddon(script.skin.helper.skinbackup)</selected>
					</control>
					<control type="radiobutton" id="911218">
						<label>script.skin.info.service</label>
						<label2>$INFO[System.AddonVersion(script.skin.info.service)]        </label2>
						<onclick>Addon.OpenSettings(script.skin.info.service)</onclick>
						<onclick condition="!System.HasAddon(script.skin.info.service)">InstallAddon(script.skin.info.service)</onclick>
						<selected>System.HasAddon(script.skin.info.service)</selected>
					</control>
					<control type="radiobutton" id="911219">
						<label>plugin.program.autocompletion</label>
						<label2>$INFO[System.AddonVersion(plugin.program.autocompletion)]        </label2>
						<onclick>Addon.OpenSettings(plugin.program.autocompletion)</onclick>
						<onclick condition="!System.HasAddon(plugin.program.autocompletion)">InstallAddon(plugin.program.autocompletion)</onclick>
						<selected>System.HasAddon(plugin.program.autocompletion)</selected>
					</control>
					<control type="radiobutton" id="911220">
						<label>script.embuary.helper</label>
						<label2>$INFO[System.AddonVersion(script.embuary.helper)]        </label2>
						<onclick>Addon.OpenSettings(script.embuary.helper)</onclick>
						<onclick condition="!System.HasAddon(script.embuary.helper)">InstallAddon(script.embuary.helper)</onclick>
						<selected>System.HasAddon(script.embuary.helper)</selected>
					</control>
					<control type="radiobutton" id="911221">
						<label>script.embuary.info</label>
						<label2>$INFO[System.AddonVersion(script.embuary.info)]        </label2>
						<onclick>Addon.OpenSettings(script.embuary.info)</onclick>
						<onclick condition="!System.HasAddon(script.embuary.helper)">InstallAddon(script.embuary.info)</onclick>
						<selected>System.HasAddon(script.embuary.info)</selected>
					</control>
					<control type="radiobutton" id="911222">
						<label>plugin.video.themoviedb.helper</label>
						<label2>$INFO[System.AddonVersion(plugin.video.themoviedb.helper)]        </label2>
						<onclick>Addon.OpenSettings(plugin.video.themoviedb.helper)</onclick>
						<onclick condition="!System.HasAddon(plugin.video.themoviedb.helper)">InstallAddon(plugin.video.themoviedb.helper)</onclick>
						<selected>System.HasAddon(plugin.video.themoviedb.helper)</selected>
					</control>
                    <control type="radiobutton" id="911223">
						<label>script.colorbox</label>
						<label2>$INFO[System.AddonVersion(script.colorbox)]        </label2>
						<onclick>Addon.OpenSettings(script.colorbox)</onclick>
						<onclick condition="!System.HasAddon(script.colorbox)">InstallAddon(script.colorbox)</onclick>
						<selected>System.HasAddon(script.colorbox)</selected>
					</control>                    
				</control>
			</control>
		</control>
		<control type="group" description="Holiday theme">
			<visible>Skin.HasSetting(holiday)</visible>
			<include>Holiday</include>
		</control>
	</controls>
</window>