<?xml version="1.0" encoding="UTF-8"?>
<includes>

	<include name="ListWatchedOverlay">
		<param name="isFocused">false</param>
		<definition>
			<control type="image">
				<visible>![Container.Content(tvshows) | container.content(seasons) | Container.Content(addons)]</visible>
				<posx>42r</posx>
				<width>30</width>
				<height>72</height>
				<texture>$VAR[Overlay]</texture>
				<aspectratio aligny="center">keep</aspectratio>
			</control>
			<control type="image">
				<visible>Container.Content(addons)</visible>
				<posx>42r</posx>
				<width>30</width>
				<height>72</height>
				<texture>$VAR[AddonOverlay]</texture>
				<aspectratio aligny="center">keep</aspectratio>
			</control>
			<control type="group">
				<visible>!ListItem.IsParentFolder + [Container.content(tvshows) | container.content(seasons)]</visible>
				<visible>Integer.IsGreater(ListItem.Property(UnWatchedEpisodes),0)</visible>
				<control type="image" description="Label2 BG">
					<visible>$PARAM[isFocused]</visible>
					<posx>55r</posx>
					<posy>15</posy>
					<width>50</width>
					<height>42</height>
					<texture border="3">img/WhiteRoundedT.png</texture>
					<colordiffuse>Black</colordiffuse>
				</control>
				<control type="image" description="Label2 BG">
					<visible>!$PARAM[isFocused]</visible>
					<posx>55r</posx>
					<posy>15</posy>
					<width>50</width>
					<height>42</height>
					<texture border="3">img/WhiteRoundedT.png</texture>
				</control>
				<control type="label" description="l2">
					<visible>$PARAM[isFocused]</visible>
					<right>-20</right>
					<height>72</height>
					<width>100</width>
					<font>ListDetails</font>
					<align>center</align>
					<textcolor>Black</textcolor>
					<shadowcolor></shadowcolor>
					<label>$INFO[ListItem.Property(UnWatchedEpisodes)]</label>
				</control>
				<control type="label" description="l2">
					<visible>!$PARAM[isFocused]</visible>
					<right>-20</right>
					<height>72</height>
					<width>100</width>
					<font>ListDetails</font>
					<align>center</align>
					<textcolor>Highlight</textcolor>
					<label>$INFO[ListItem.Property(UnWatchedEpisodes)]</label>
				</control>
			</control>
		</definition>
	</include>

	<include name="RecOverlay">
		<control type="image">
			<posx>880</posx>
			<width>24</width>
			<height>99</height>
			<texture>img/PVR-IsRecording.png</texture>
			<aspectratio>keep</aspectratio>
			<visible>ListItem.IsRecording</visible>
		</control>
	</include>

	<include name="MediaFlagItems">
		<param name="itemwidth" default="90"/>
		<param name="itemheight" default="45"/>
		<param name="diffuse">Silver</param>
		<param name="showvideobadge">true</param>
		<param name="showaudiobadge">true</param>
		<param name="showratingbadge">true</param>
		<param name="type">ListItem</param>
		<definition>
			<control type="image">
				<visible>!String.IsEmpty($PARAM[type].AudioCodec)</visible>
				<visible>$PARAM[showaudiobadge]</visible>
				<visible>!Skin.HasSetting(Hide.MediaFlagsVideo)</visible>
				<height>$PARAM[itemheight]</height>
				<width>$PARAM[itemwidth]</width>
				<bordersize>3</bordersize>
				<aspectratio>keep</aspectratio>
				<colordiffuse>$PARAM[diffuse]</colordiffuse>
				<texture>$INFO[$PARAM[type].AudioCodec,badges/audiocodec/,.png]</texture>
			</control>
			<control type="image">
				<visible>!String.IsEmpty($PARAM[type].FileExtension)</visible>
				<visible>Container.Content(songs)</visible>
				<visible>!Skin.HasSetting(Hide.MediaFlagsVideo)</visible>
				<visible>$PARAM[showaudiobadge]</visible>
				<height>$PARAM[itemheight]</height>
				<width>$PARAM[itemwidth]</width>
				<bordersize>3</bordersize>
				<aspectratio>keep</aspectratio>
				<colordiffuse>$PARAM[diffuse]</colordiffuse>
				<texture>$INFO[$PARAM[type].FileExtension,badges/audiocodec/,.png]</texture>
			</control>
			<control type="image">
				<visible>!String.IsEmpty($PARAM[type].AudioChannels)</visible>
				<visible>!Skin.HasSetting(Hide.MediaFlagsVideo)</visible>
				<visible>$PARAM[showaudiobadge]</visible>
				<height>$PARAM[itemheight]</height>
				<width>$PARAM[itemwidth]</width>
				<bordersize>3</bordersize>
				<aspectratio>keep</aspectratio>
				<colordiffuse>$PARAM[diffuse]</colordiffuse>
				<texture>$INFO[$PARAM[type].AudioChannels,badges/audiochannels/channels,.png]</texture>
			</control>
			<control type="image">
				<visible>!String.IsEmpty($PARAM[type].VideoCodec)</visible>
				<visible>!Skin.HasSetting(Hide.MediaFlagsVideo)</visible>
				<visible>$PARAM[showvideobadge]</visible>
				<height>$PARAM[itemheight]</height>
				<width>$PARAM[itemwidth]</width>
				<bordersize>3</bordersize>
				<aspectratio>keep</aspectratio>
				<colordiffuse>$PARAM[diffuse]</colordiffuse>
				<texture>$INFO[$PARAM[type].VideoCodec,badges/videocodec/,.png]</texture>
			</control>
			<control type="image">
				<visible>!String.IsEmpty($PARAM[type].VideoResolution)</visible>
				<visible>!Skin.HasSetting(Hide.MediaFlagsVideo)</visible>
				<visible>$PARAM[showvideobadge]</visible>
				<height>$PARAM[itemheight]</height>
				<width>$PARAM[itemwidth]</width>
				<bordersize>3</bordersize>
				<aspectratio>keep</aspectratio>
				<colordiffuse>$PARAM[diffuse]</colordiffuse>
				<texture>$INFO[$PARAM[type].VideoResolution,badges/videoresolution/,.png]</texture>
			</control>
			<control type="image">
				<visible>!String.IsEmpty($PARAM[type].VideoAspect)</visible>
				<visible>!Skin.HasSetting(Hide.MediaFlagsVideo)</visible>
				<visible>$PARAM[showvideobadge]</visible>
				<height>$PARAM[itemheight]</height>
				<width>$PARAM[itemwidth]</width>
				<bordersize>3</bordersize>
				<aspectratio>keep</aspectratio>
				<colordiffuse>$PARAM[diffuse]</colordiffuse>
				<texture>$INFO[$PARAM[type].VideoAspect,badges/aspectratio/,.png]</texture>
			</control>
			<control type="image">
				<visible>$PARAM[type].IsStereoscopic</visible>
				<visible>$PARAM[showvideobadge]</visible>
				<visible>!Skin.HasSetting(Hide.MediaFlagsVideo)</visible>
				<height>$PARAM[itemheight]</height>
				<width>$PARAM[itemwidth]</width>
				<bordersize>3</bordersize>
				<aspectratio>keep</aspectratio>
				<colordiffuse>$PARAM[diffuse]</colordiffuse>
				<texture>badges/3D.png</texture>
			</control>
			<control type="image" description="Stars">
				<visible>$PARAM[showratingbadge]</visible>
				<height>$PARAM[itemheight]</height>
				<width>$PARAM[itemwidth]</width>
				<bordersize>3</bordersize>
				<aspectratio>keep</aspectratio>
				<texture>$VAR[$PARAM[type].ratingbadge]</texture>
				<colordiffuse>$PARAM[diffuse]</colordiffuse>
			</control>
		</definition>
	</include>

	<include name="GenericThumbIconTemplateWeather">
		<param name="isFocused">false</param>
		<param name="iconwidth"/>
		<param name="iconheight"/>
		<param name="iconoffset"/>
		<param name="shadowoffset"/>
		<param name="bordersizeLT"/>
		<param name="bordersizeRB"/>
		<param name="iconimage">$INFO[ListItem.Icon]</param>
		<param name="fallbackicon"></param>
		<param name="aspect">keep</param>
		<param name="overlaylabel"></param>
		<param name="overlaylabelvisibility">false</param>
		<param name="overlaylabelalign">left</param>
		<param name="overlaylabelyoffset">65r</param>
		<param name="belowlabel"></param>
		<param name="belowlabelvisibility">false</param>
		<param name="belowlabelalign">center</param>
		<param name="belowdoublelabel1"></param>
		<param name="belowdoublelabel2"></param>
		<param name="belowdoublelabelvisibility">false</param>
		<param name="belowdoublelabelalign">center</param>
		<param name="belowtextbox"></param>
		<param name="belowtextboxvisibility">false</param>
		<param name="belowtextboxalign">center</param>
		<param name="belowtextboxwidth"></param>
		<definition>
			<control type="multiimage">
				<left>$PARAM[shadowoffset]</left>
				<top>$PARAM[shadowoffset]</top>
				<width>$PARAM[iconwidth]</width>
				<height>$PARAM[iconheight]</height>
				<aspectratio>$PARAM[aspect]</aspectratio>
				<imagepath>$PARAM[iconimage]</imagepath>
				<colordiffuse>HeavyShadow</colordiffuse>
                <timeperimage>70</timeperimage>
				<fadetime>1</fadetime>
				<randomize>false</randomize>
				<bordersize>$PARAM[bordersizeLT],$PARAM[bordersizeLT],$PARAM[bordersizeRB],$PARAM[bordersizeRB]</bordersize>
			</control>
			<control type="group">
				<left>$PARAM[iconoffset]</left>
				<top>$PARAM[iconoffset]</top>
				<width>$PARAM[iconwidth]</width>
				<height>$PARAM[iconheight]</height>
				<control type="multiimage">
					<visible>$PARAM[isFocused]</visible>
					<imagepath>$PARAM[iconimage]</imagepath>
                    <timeperimage>70</timeperimage>
				    <fadetime>1</fadetime>
				    <randomize>false</randomize>
                    <aspectratio>$PARAM[aspect]</aspectratio>
					<bordertexture colordiffuse="Highlight" border="8">thumbs/IconBorder_FO.png</bordertexture>
					<bordersize>$PARAM[bordersizeLT],$PARAM[bordersizeLT],$PARAM[bordersizeRB],$PARAM[bordersizeRB]</bordersize>
					<aspectratio>$PARAM[aspect]</aspectratio>
				</control>
				<control type="multiimage">
					<visible>!$PARAM[isFocused]</visible>
					<imagepath>$PARAM[iconimage]</imagepath>
                    <timeperimage>70</timeperimage>
				    <fadetime>1</fadetime>
				    <randomize>false</randomize>
                    <aspectratio>$PARAM[aspect]</aspectratio>
					<bordersize>$PARAM[bordersizeLT],$PARAM[bordersizeLT],$PARAM[bordersizeRB],$PARAM[bordersizeRB]</bordersize>
					<colordiffuse>eeeeeeee</colordiffuse>
				</control>
				<include content="GenericThumbLabelTemplate">
					<param name="isFocused">$PARAM[isFocused]</param>
					<param name="yoffset">$PARAM[overlaylabelyoffset]</param>
					<param name="xoffset">$PARAM[iconoffset]</param>
					<param name="labelwidth">$PARAM[iconwidth]</param>
					<param name="labelvisibility">$PARAM[overlaylabelvisibility]</param>
					<param name="labeltext">$PARAM[overlaylabel]</param>
					<param name="labelalign">$PARAM[overlaylabelalign]</param>
					<param name="bordersize">$PARAM[bordersizeLT],0,$PARAM[bordersizeRB],0</param>
				</include>
				<include content="GenericBelowLabelTemplate">
					<param name="isFocused">$PARAM[isFocused]</param>
					<param name="yoffset">-8r</param>
					<param name="xoffset">0</param>
					<param name="labelwidth">$PARAM[iconwidth]</param>
					<param name="labelvisibility">$PARAM[belowlabelvisibility]</param>
					<param name="labeltext">$PARAM[belowlabel]</param>
					<param name="labelalign">$PARAM[belowlabelalign]</param>
					<param name="bordersize">$PARAM[bordersizeLT],0,$PARAM[bordersizeLT],0</param>
				</include>
				<include content="GenericBelowDoubleLabelTemplate">
					<param name="isFocused">$PARAM[isFocused]</param>
					<param name="yoffset">-8r</param>
					<param name="xoffset">0</param>
					<param name="labelwidth">$PARAM[iconwidth]</param>
					<param name="labelvisibility">$PARAM[belowdoublelabelvisibility]</param>
					<param name="labeltext1">$PARAM[belowdoublelabel1]</param>
					<param name="labeltext2">$PARAM[belowdoublelabel2]</param>
					<param name="labelalign">$PARAM[belowdoublelabelalign]</param>
					<param name="bordersize">$PARAM[bordersizeLT],0,$PARAM[bordersizeLT],0</param>
				</include>
				<include content="GenericBelowTextboxTemplate">
					<param name="isFocused">$PARAM[isFocused]</param>
					<param name="yoffset">-8r</param>
					<param name="xoffset">0</param>
					<param name="labelwidth">$PARAM[iconwidth]</param>
					<param name="labelvisibility">$PARAM[belowtextboxvisibility]</param>
					<param name="labeltext">$PARAM[belowtextbox]</param>
					<param name="labelalign">$PARAM[belowtextboxalign]</param>
					<param name="textboxwidth">$PARAM[belowtextboxwidth]</param>
					<param name="bordersize">$PARAM[bordersizeLT]</param>
				</include>
				<control type="image" description="Watched Overlay">
					<visible>!$PARAM[isFocused]</visible>
					<left>60r</left>
					<top>60r</top>
					<width>33</width>
					<height>33</height>
					<texture>$VAR[Overlay]</texture>
					<aspectratio>keep</aspectratio>
				</control>
				<control type="image" description="Watched Overlay">
					<visible>$PARAM[isFocused]</visible>
					<left>60r</left>
					<top>60r</top>
					<width>33</width>
					<height>33</height>
					<texture>$VAR[Overlay]</texture>
					<colordiffuse>Highlight</colordiffuse>
					<aspectratio>keep</aspectratio>
				</control>
			</control>
		</definition>
	</include>



	<include name="GenericThumbIconTemplate">
		<param name="isFocused">false</param>
		<param name="iconwidth"/>
		<param name="iconheight"/>
		<param name="iconoffset"/>
		<param name="shadowoffset"/>
		<param name="bordersizeLT"/>
		<param name="bordersizeRB"/>
		<param name="iconimage">$INFO[ListItem.Icon]</param>
		<param name="fallbackicon"></param>
		<param name="aspect">scale</param>
		<param name="overlaylabel"></param>
		<param name="overlaylabelvisibility">false</param>
		<param name="overlaylabelalign">left</param>
		<param name="overlaylabelyoffset">65r</param>
		<param name="belowlabel"></param>
		<param name="belowlabelvisibility">false</param>
		<param name="belowlabelalign">center</param>
		<param name="belowdoublelabel1"></param>
		<param name="belowdoublelabel2"></param>
		<param name="belowdoublelabelvisibility">false</param>
		<param name="belowdoublelabelalign">center</param>
		<param name="belowtextbox"></param>
		<param name="belowtextboxvisibility">false</param>
		<param name="belowtextboxalign">center</param>
		<param name="belowtextboxwidth"></param>
		<definition>
			<control type="image">
				<left>$PARAM[shadowoffset]</left>
				<top>$PARAM[shadowoffset]</top>
				<width>$PARAM[iconwidth]</width>
				<height>$PARAM[iconheight]</height>
				<aspectratio>$PARAM[aspect]</aspectratio>
				<texture background="true" fallback="$PARAM[fallbackicon]">$PARAM[iconimage]</texture>
				<colordiffuse>HeavyShadow</colordiffuse>
				<bordersize>$PARAM[bordersizeLT],$PARAM[bordersizeLT],$PARAM[bordersizeRB],$PARAM[bordersizeRB]</bordersize>
			</control>
			<control type="group">
				<left>$PARAM[iconoffset]</left>
				<top>$PARAM[iconoffset]</top>
				<width>$PARAM[iconwidth]</width>
				<height>$PARAM[iconheight]</height>
				<control type="image">
					<visible>$PARAM[isFocused]</visible>
					<texture background="true" fallback="$PARAM[fallbackicon]">$PARAM[iconimage]</texture>
					<bordertexture colordiffuse="Highlight" border="8">thumbs/IconBorder_FO.png</bordertexture>
					<bordersize>$PARAM[bordersizeLT],$PARAM[bordersizeLT],$PARAM[bordersizeRB],$PARAM[bordersizeRB]</bordersize>
					<aspectratio>$PARAM[aspect]</aspectratio>
				</control>
				<control type="image">
					<visible>!$PARAM[isFocused]</visible>
					<texture background="true" fallback="$PARAM[fallbackicon]">$PARAM[iconimage]</texture>
					<bordersize>$PARAM[bordersizeLT],$PARAM[bordersizeLT],$PARAM[bordersizeRB],$PARAM[bordersizeRB]</bordersize>
					<aspectratio>$PARAM[aspect]</aspectratio>
					<colordiffuse>eeeeeeee</colordiffuse>
				</control>
				<include content="GenericThumbLabelTemplate">
					<param name="isFocused">$PARAM[isFocused]</param>
					<param name="yoffset">$PARAM[overlaylabelyoffset]</param>
					<param name="xoffset">$PARAM[iconoffset]</param>
					<param name="labelwidth">$PARAM[iconwidth]</param>
					<param name="labelvisibility">$PARAM[overlaylabelvisibility]</param>
					<param name="labeltext">$PARAM[overlaylabel]</param>
					<param name="labelalign">$PARAM[overlaylabelalign]</param>
					<param name="bordersize">$PARAM[bordersizeLT],0,$PARAM[bordersizeRB],0</param>
				</include>
				<include content="GenericBelowLabelTemplate">
					<param name="isFocused">$PARAM[isFocused]</param>
					<param name="yoffset">-8r</param>
					<param name="xoffset">0</param>
					<param name="labelwidth">$PARAM[iconwidth]</param>
					<param name="labelvisibility">$PARAM[belowlabelvisibility]</param>
					<param name="labeltext">$PARAM[belowlabel]</param>
					<param name="labelalign">$PARAM[belowlabelalign]</param>
					<param name="bordersize">$PARAM[bordersizeLT],0,$PARAM[bordersizeLT],0</param>
				</include>
				<include content="GenericBelowDoubleLabelTemplate">
					<param name="isFocused">$PARAM[isFocused]</param>
					<param name="yoffset">-8r</param>
					<param name="xoffset">0</param>
					<param name="labelwidth">$PARAM[iconwidth]</param>
					<param name="labelvisibility">$PARAM[belowdoublelabelvisibility]</param>
					<param name="labeltext1">$PARAM[belowdoublelabel1]</param>
					<param name="labeltext2">$PARAM[belowdoublelabel2]</param>
					<param name="labelalign">$PARAM[belowdoublelabelalign]</param>
					<param name="bordersize">$PARAM[bordersizeLT],0,$PARAM[bordersizeLT],0</param>
				</include>
				<include content="GenericBelowTextboxTemplate">
					<param name="isFocused">$PARAM[isFocused]</param>
					<param name="yoffset">-8r</param>
					<param name="xoffset">0</param>
					<param name="labelwidth">$PARAM[iconwidth]</param>
					<param name="labelvisibility">$PARAM[belowtextboxvisibility]</param>
					<param name="labeltext">$PARAM[belowtextbox]</param>
					<param name="labelalign">$PARAM[belowtextboxalign]</param>
					<param name="textboxwidth">$PARAM[belowtextboxwidth]</param>
					<param name="bordersize">$PARAM[bordersizeLT]</param>
				</include>
				<control type="image" description="Watched Overlay">
					<visible>!$PARAM[isFocused]</visible>
					<left>60r</left>
					<top>60r</top>
					<width>33</width>
					<height>33</height>
					<texture>$VAR[Overlay]</texture>
					<aspectratio>keep</aspectratio>
				</control>
				<control type="image" description="Watched Overlay">
					<visible>$PARAM[isFocused]</visible>
					<left>60r</left>
					<top>60r</top>
					<width>33</width>
					<height>33</height>
					<texture>$VAR[Overlay]</texture>
					<colordiffuse>Highlight</colordiffuse>
					<aspectratio>keep</aspectratio>
				</control>
			</control>
		</definition>
	</include>

	<include name="GenericThumbLabelTemplate">
		<param name="isFocused">false</param>
		<param name="yoffset"/>
		<param name="xoffset"/>
		<param name="labelwidth"/>
		<param name="labelvisibility"/>
		<param name="labeltext"/>
		<param name="labelalign"/>
		<param name="bordersize"/>
		<definition>
			<control type="group">
				<visible>$PARAM[labelvisibility]</visible>
				<top>$PARAM[yoffset]</top>
				<left>$PARAM[xoffset]</left>
				<control type="image">
					<width>$PARAM[labelwidth]</width>
					<height>45</height>
					<aspectratio>stretch</aspectratio>
					<texture>img/OverlayStripe.png</texture>
					<bordersize>$PARAM[bordersize]</bordersize>
				</control>
				<control type="label">
					<visible>!$PARAM[isFocused]</visible>
					<width>$PARAM[labelwidth]</width>
					<height>45</height>
					<textoffsetx>24</textoffsetx>
					<font>Shelf_Label</font>
					<label>$PARAM[labeltext]</label>
					<align>$PARAM[labelalign]</align>
					<scroll>false</scroll>
				</control>
				<control type="label">
					<visible>$PARAM[isFocused]</visible>
					<width>$PARAM[labelwidth]</width>
					<height>45</height>
					<textoffsetx>24</textoffsetx>
					<font>Shelf_Label</font>
					<textcolor>Highlight</textcolor>
					<label>$PARAM[labeltext]</label>
					<align>$PARAM[labelalign]</align>
					<scroll>false</scroll>
				</control>
			</control>
		</definition>
	</include>

	<include name="GenericBelowLabelTemplate">
		<param name="isFocused">false</param>
		<param name="yoffset"/>
		<param name="xoffset"/>
		<param name="labelwidth"/>
		<param name="labelvisibility"/>
		<param name="labeltext"/>
		<param name="labelalign"/>
		<param name="bordersize"/>
		<definition>
			<control type="group">
				<visible>$PARAM[labelvisibility]</visible>
				<top>$PARAM[yoffset]</top>
				<left>$PARAM[xoffset]</left>
				<control type="image">
					<visible>!$PARAM[isFocused]</visible>
					<width>$PARAM[labelwidth]</width>
					<height>45</height>
					<texture border="4">img/WhiteRoundedT.png</texture>
					<bordersize>$PARAM[bordersize]</bordersize>
					<aspectratio>stretch</aspectratio>
				</control>
				<control type="image">
					<visible>$PARAM[isFocused]</visible>
					<width>$PARAM[labelwidth]</width>
					<height>45</height>
					<texture border="4">img/WhiteRoundedST2.png</texture>
					<colordiffuse>Highlight</colordiffuse>
					<bordersize>$PARAM[bordersize]</bordersize>
					<aspectratio>stretch</aspectratio>
				</control>
				<control type="label">
					<visible>!$PARAM[isFocused]</visible>
					<width>$PARAM[labelwidth]</width>
					<height>45</height>
					<font>Shelf_Label</font>
					<textoffsetx>24</textoffsetx>
					<label>$PARAM[labeltext]</label>
					<align>$PARAM[labelalign]</align>
					<scroll>false</scroll>
				</control>
				<control type="label">
					<visible>$PARAM[isFocused]</visible>
					<width>$PARAM[labelwidth]</width>
					<height>45</height>
					<font>Shelf_Label</font>
					<textoffsetx>24</textoffsetx>
					<textcolor>Black</textcolor>
					<selectedcolor>Black</selectedcolor>
					<shadowcolor></shadowcolor>
					<label>$PARAM[labeltext]</label>
					<align>$PARAM[labelalign]</align>
					<scroll>true</scroll>
				</control>
			</control>
		</definition>
	</include>

	<include name="GenericBelowTextboxTemplate">
		<param name="isFocused">false</param>
		<param name="yoffset"/>
		<param name="xoffset"/>
		<param name="labelwidth"/>
		<param name="labelvisibility">false</param>
		<param name="labeltext"/>
		<param name="labelalign">center</param>
		<param name="textboxwidth"/>
		<param name="bordersize"/>
		<definition>
			<control type="group">
				<visible>$PARAM[labelvisibility]</visible>
				<top>$PARAM[yoffset]</top>
				<left>$PARAM[xoffset]</left>
				<control type="image">
					<visible>!$PARAM[isFocused]</visible>
					<width>$PARAM[labelwidth]</width>
					<height>74</height>
					<texture border="4">img/WhiteRoundedT.png</texture>
					<bordersize>4,0,4,0</bordersize>
					<aspectratio>stretch</aspectratio>
				</control>
				<control type="image">
					<visible>$PARAM[isFocused]</visible>
					<width>$PARAM[labelwidth]</width>
					<height>74</height>
					<texture border="4">img/WhiteRoundedST2.png</texture>
					<colordiffuse>Highlight</colordiffuse>
					<bordersize>4,0,4,0</bordersize>
					<aspectratio>stretch</aspectratio>
				</control>
				<control type="textbox">
					<visible>!$PARAM[isFocused]</visible>
					<top>4</top>
					<left>$PARAM[bordersize]</left>
					<width>$PARAM[textboxwidth]</width>
					<height>64</height>
					<font>Shelf_Label</font>
					<label>$PARAM[labeltext]</label>
					<align>$PARAM[labelalign]</align>
					<aligny>center</aligny>
					<autoscroll>false</autoscroll>
				</control>
				<control type="textbox">
					<visible>$PARAM[isFocused]</visible>
					<top>4</top>
					<left>$PARAM[bordersize]</left>
					<width>$PARAM[textboxwidth]</width>
					<height>64</height>
					<font>Shelf_Label</font>
					<textcolor>Black</textcolor>
					<selectedcolor>Black</selectedcolor>
					<shadowcolor></shadowcolor>
					<label>$PARAM[labeltext]</label>
					<align>$PARAM[labelalign]</align>
					<aligny>center</aligny>
				</control>
			</control>
		</definition>
	</include>

	<include name="GenericBelowDoubleLabelTemplate">
		<param name="isFocused">false</param>
		<param name="yoffset"/>
		<param name="xoffset"/>
		<param name="labelwidth"/>
		<param name="labelvisibility">false</param>
		<param name="labeltext1"/>
		<param name="labeltext2"/>
		<param name="labelalign">center</param>
		<param name="textboxwidth"/>
		<param name="bordersize"/>
		<definition>
			<control type="group">
				<visible>$PARAM[labelvisibility]</visible>
				<top>$PARAM[yoffset]</top>
				<left>$PARAM[xoffset]</left>
				<control type="image">
					<visible>!$PARAM[isFocused]</visible>
					<width>$PARAM[labelwidth]</width>
					<height>74</height>
					<texture border="4">img/WhiteRoundedT.png</texture>
					<bordersize>$PARAM[bordersize]</bordersize>
					<aspectratio>stretch</aspectratio>
				</control>
				<control type="image">
					<visible>$PARAM[isFocused]</visible>
					<width>$PARAM[labelwidth]</width>
					<height>74</height>
					<texture border="4">img/WhiteRoundedST2.png</texture>
					<colordiffuse>Highlight</colordiffuse>
					<bordersize>$PARAM[bordersize]</bordersize>
					<aspectratio>stretch</aspectratio>
				</control>
				<control type="label">
					<visible>!$PARAM[isFocused]</visible>
					<width>$PARAM[labelwidth]</width>
					<height>35</height>
					<font>Shelf_Label</font>
					<textoffsetx>24</textoffsetx>
					<label>$PARAM[labeltext1]</label>
					<align>$PARAM[labelalign]</align>
					<scroll>false</scroll>
				</control>
				<control type="label">
					<visible>!$PARAM[isFocused]</visible>
					<top>34</top>
					<width>$PARAM[labelwidth]</width>
					<height>35</height>
					<textoffsetx>24</textoffsetx>
					<font>Shelf_Label</font>
					<label>$PARAM[labeltext2]</label>
					<align>$PARAM[labelalign]</align>
					<scroll>false</scroll>
				</control>
				<control type="label">
					<visible>$PARAM[isFocused]</visible>
					<width>$PARAM[labelwidth]</width>
					<height>35</height>
					<font>Shelf_Label</font>
					<textoffsetx>24</textoffsetx>
					<textcolor>Black</textcolor>
					<selectedcolor>Black</selectedcolor>
					<shadowcolor></shadowcolor>
					<label>$PARAM[labeltext1]</label>
					<align>$PARAM[labelalign]</align>
					<scroll>true</scroll>
				</control>
				<control type="label">
					<visible>$PARAM[isFocused]</visible>
					<top>34</top>
					<width>$PARAM[labelwidth]</width>
					<height>35</height>
					<font>Shelf_Label</font>
					<textoffsetx>24</textoffsetx>
					<textcolor>Black</textcolor>
					<selectedcolor>Black</selectedcolor>
					<shadowcolor></shadowcolor>
					<label>$PARAM[labeltext2]</label>
					<align>$PARAM[labelalign]</align>
					<scroll>true</scroll>
				</control>
			</control>
		</definition>
	</include>

	<include name="GenericActorIconBig">
		<param name="isFocused">false</param>
		<definition>
			<include content="GenericThumbIconTemplate">
				<param name="isFocused">$PARAM[isFocused]</param>
				<param name="iconwidth">232.5</param>
				<param name="iconheight">326</param>
				<param name="iconoffset">0</param>
				<param name="iconimage">$INFO[ListItem.Icon]</param>
				<param name="fallbackicon">DefaultActorPoster.png</param>
				<param name="shadowoffset">8</param>
				<param name="bordersizeLT">12</param>
				<param name="bordersizeRB">20</param>
				<param name="belowdoublelabelvisibility">true</param>
				<param name="belowdoublelabel1">$INFO[ListItem.Label]</param>
				<param name="belowdoublelabel2">$INFO[ListItem.Label2]</param>
				<param name="aspect">scale</param>
			</include>
		</definition>
	</include>

	<include name="GenericScreenshotIconBig">
		<param name="isFocused">false</param>
		<definition>
			<include content="GenericThumbIconTemplate">
				<param name="isFocused">$PARAM[isFocused]</param>
				<param name="iconwidth">551</param>
				<param name="iconheight">310</param>
				<param name="iconoffset">0</param>
				<param name="iconimage">$INFO[ListItem.Thumb]</param>
				<param name="shadowoffset">8</param>
				<param name="bordersizeLT">12</param>
				<param name="bordersizeRB">20</param>
				<param name="aspect">scale</param>
			</include>
		</definition>
	</include>

	<include name="GenericThumbIconBig">
		<param name="isFocused">false</param>
		<definition>
			<include content="GenericThumbIconTemplate">
				<param name="isFocused">$PARAM[isFocused]</param>
				<param name="iconwidth">310</param>
				<param name="iconheight">310</param>
				<param name="iconoffset">0</param>
				<param name="iconimage">$VAR[Square]</param>
				<param name="shadowoffset">8</param>
				<param name="bordersizeLT">16</param>
				<param name="bordersizeRB">24</param>
				<param name="belowtextboxvisibility">true</param>
				<param name="belowtextbox">$INFO[ListItem.Label]</param>
				<param name="belowtextboxwidth">272</param>
				<param name="aspect">keep</param>
			</include>
		</definition>
	</include>

	<include name="GenericThumbIconSmall">
		<param name="isFocused">false</param>
		<definition>
			<include content="GenericThumbIconTemplate">
				<param name="isFocused">$PARAM[isFocused]</param>
				<param name="iconwidth">232.5</param>
				<param name="iconheight">232.5</param>
				<param name="iconoffset">0</param>
				<param name="iconimage">$VAR[Square]</param>
				<param name="shadowoffset">8</param>
				<param name="bordersizeLT">12</param>
				<param name="bordersizeRB">20</param>
				<param name="belowtextboxvisibility">true</param>
				<param name="belowtextbox">$INFO[ListItem.Label]</param>
				<param name="belowtextboxwidth">208</param>
				<param name="aspect">keep</param>
			</include>
		</definition>
	</include>

	<include name="GenericThumbIconShelf">
		<param name="isFocused">false</param>
		<definition>
			<include content="GenericThumbIconTemplate">
				<param name="isFocused">$PARAM[isFocused]</param>
				<param name="iconwidth">228</param>
				<param name="iconheight">228</param>
				<param name="iconoffset">0</param>
				<param name="iconimage">$VAR[Square]</param>
				<param name="shadowoffset">8</param>
				<param name="bordersizeLT">12</param>
				<param name="bordersizeRB">20</param>
				<param name="belowtextboxvisibility">true</param>
				<param name="belowtextbox">$INFO[ListItem.Label]</param>
				<param name="belowtextboxwidth">204</param>
			</include>
		</definition>
	</include>

	<include name="WeatherThumbIconShelf">
		<param name="isFocused">false</param>
		<definition>
			<include content="GenericThumbIconTemplateWeather">
				<param name="isFocused">$PARAM[isFocused]</param>
				<param name="iconwidth">228</param>
				<param name="iconheight">228</param>
				<param name="iconoffset">0</param>
				<param name="iconimage">$VAR[Square]</param>
				<param name="shadowoffset">8</param>
				<param name="bordersizeLT">12</param>
				<param name="bordersizeRB">20</param>
				<param name="belowtextboxvisibility">true</param>
				<param name="belowtextbox">$INFO[ListItem.Label]</param>
				<param name="belowtextboxwidth">204</param>
			</include>
		</definition>
	</include>

	<include name="GenericFavouriteIconBig">
		<param name="isFocused">false</param>
		<definition>
			<include content="GenericThumbIconTemplate">
				<param name="isFocused">$PARAM[isFocused]</param>
				<param name="iconwidth">310</param>
				<param name="iconheight">310</param>
				<param name="iconoffset">0</param>
				<param name="aspect">keep</param>
				<param name="shadowoffset">8</param>
				<param name="bordersizeLT">16</param>
				<param name="bordersizeRB">24</param>
				<param name="belowtextboxvisibility">true</param>
				<param name="belowtextbox">$INFO[ListItem.Label]</param>
				<param name="belowtextboxwidth">272</param>
			</include>
		</definition>
	</include>

	<include name="GenericFavouriteIconSmall">
		<param name="isFocused">false</param>
		<definition>
			<include content="GenericThumbIconTemplate">
				<param name="isFocused">$PARAM[isFocused]</param>
				<param name="iconwidth">232.5</param>
				<param name="iconheight">232.5</param>
				<param name="iconoffset">0</param>
				<param name="aspect">keep</param>
				<param name="shadowoffset">8</param>
				<param name="bordersizeLT">12</param>
				<param name="bordersizeRB">20</param>
				<param name="belowtextboxvisibility">true</param>
				<param name="belowtextbox">$INFO[ListItem.Label]</param>
				<param name="belowtextboxwidth">208</param>
			</include>
		</definition>
	</include>

	<include name="GenericFavouriteIconShelf">
		<param name="isFocused">false</param>
		<definition>
			<include content="GenericThumbIconTemplate">
				<param name="isFocused">$PARAM[isFocused]</param>
				<param name="iconwidth">228</param>
				<param name="iconheight">228</param>
				<param name="aspect">keep</param>
				<param name="iconoffset">0</param>
				<param name="shadowoffset">8</param>
				<param name="bordersizeLT">12</param>
				<param name="bordersizeRB">20</param>
				<param name="belowtextboxvisibility">true</param>
				<param name="belowtextbox">$INFO[ListItem.Label]</param>
				<param name="belowtextboxwidth">204</param>
			</include>
		</definition>
	</include>

	<include name="GenericChannelIconShelf">
		<param name="isFocused">false</param>
		<definition>
			<include content="GenericThumbIconTemplate">
				<param name="isFocused">$PARAM[isFocused]</param>
				<param name="iconwidth">228</param>
				<param name="iconheight">228</param>
				<param name="aspect">keep</param>
				<param name="iconoffset">0</param>
				<param name="shadowoffset">8</param>
				<param name="bordersizeLT">12</param>
				<param name="bordersizeRB">20</param>
				<param name="belowdoublelabelvisibility">true</param>
				<param name="belowdoublelabel1">$INFO[ListItem.StartTime] $INFO[ListItem.Title]</param>
				<param name="belowdoublelabel2">$INFO[ListItem.NextStartTime] $INFO[ListItem.NextTitle]</param>
			</include>
		</definition>
	</include>

	<include name="GenericRecordingIconShelf">
		<param name="isFocused">false</param>
		<definition>
			<include content="GenericThumbIconTemplate">
				<param name="isFocused">$PARAM[isFocused]</param>
				<param name="iconwidth">228</param>
				<param name="iconheight">228</param>
				<param name="aspect">keep</param>
				<param name="iconoffset">0</param>
				<param name="shadowoffset">8</param>
				<param name="bordersizeLT">12</param>
				<param name="bordersizeRB">20</param>
				<param name="belowdoublelabelvisibility">true</param>
				<param name="belowdoublelabel1">$INFO[ListItem.Label]</param>
				<param name="belowdoublelabel2">$INFO[ListItem.Date]</param>
			</include>
		</definition>
	</include>

	<include name="GenericMusicIconBig">
		<param name="isFocused">false</param>
		<definition>
			<include content="GenericThumbIconTemplate">
				<param name="isFocused">$PARAM[isFocused]</param>
				<param name="iconwidth">310</param>
				<param name="iconheight">310</param>
				<param name="iconoffset">0</param>
				<param name="iconimage">$VAR[Square]</param>
				<param name="shadowoffset">8</param>
				<param name="bordersizeLT">16</param>
				<param name="bordersizeRB">24</param>
				<param name="belowlabelvisibility">true</param>
				<param name="belowlabel">$INFO[ListItem.Label]</param>
			</include>
		</definition>
	</include>

	<include name="GenericMusicIconSmall">
		<param name="isFocused">false</param>
		<definition>
			<include content="GenericThumbIconTemplate">
				<param name="isFocused">$PARAM[isFocused]</param>
				<param name="iconwidth">232.5</param>
				<param name="iconheight">232.5</param>
				<param name="iconoffset">0</param>
				<param name="iconimage">$VAR[Square]</param>
				<param name="shadowoffset">8</param>
				<param name="bordersizeLT">12</param>
				<param name="bordersizeRB">20</param>
				<param name="belowlabelvisibility">true</param>
				<param name="belowlabel">$INFO[ListItem.Label]</param>
			</include>
		</definition>
	</include>

	<include name="GenericMusicIconShelf">
		<param name="isFocused">false</param>
		<definition>
			<include content="GenericThumbIconTemplate">
				<param name="isFocused">$PARAM[isFocused]</param>
				<param name="iconwidth">228</param>
				<param name="iconheight">228</param>
				<param name="iconoffset">0</param>
				<param name="shadowoffset">8</param>
				<param name="bordersizeLT">12</param>
				<param name="bordersizeRB">20</param>
				<param name="belowtextboxvisibility">true</param>
				<param name="belowtextbox">$INFO[ListItem.Label][CR]$INFO[ListItem.Label2]</param>
				<param name="belowtextboxwidth">204</param>
			</include>
		</definition>
	</include>

	<include name="GenericMusicIconInfo">
		<param name="isFocused">false</param>
		<definition>
			<include content="GenericThumbIconTemplate">
				<param name="isFocused">$PARAM[isFocused]</param>
				<param name="iconwidth">310</param>
				<param name="iconheight">310</param>
				<param name="iconoffset">0</param>
				<param name="shadowoffset">8</param>
				<param name="bordersizeLT">12</param>
				<param name="bordersizeRB">20</param>
				<param name="belowtextboxvisibility">true</param>
				<param name="belowtextbox">$INFO[ListItem.Label][CR]$INFO[ListItem.Label2]</param>
				<param name="belowtextboxwidth">286</param>
			</include>
		</definition>
	</include>

	<include name="GenericPosterIconBig">
		<param name="isFocused">false</param>
		<definition>
			<include content="GenericThumbIconTemplate">
				<param name="isFocused">$PARAM[isFocused]</param>
				<param name="iconwidth">310</param>
				<param name="iconheight">437</param>
				<param name="iconoffset">0</param>
				<param name="iconimage">$VAR[Poster]</param>
				<param name="shadowoffset">8</param>
				<param name="bordersizeLT">16</param>
				<param name="bordersizeRB">24</param>
				<param name="overlaylabelvisibility">!ListItem.IsParentFolder + [String.IsEqual(ListItem.DBType,season) | String.IsEqual(ListItem.DBType,episode) | String.IsEmpty(listitem.DBType)]</param>
				<param name="overlaylabel">$VAR[PosterLabel]</param>
				<param name="overlaylabelalign">center</param>
				<param name="overlaylabelyoffset">90r</param>
			</include>
		</definition>
	</include>

	<include name="GenericPosterIconSmall">
		<param name="isFocused">false</param>
		<definition>
			<include content="GenericThumbIconTemplate">
				<param name="isFocused">$PARAM[isFocused]</param>
				<param name="iconwidth">232.5</param>
				<param name="iconheight">326</param>
				<param name="iconoffset">0</param>
				<param name="iconimage">$VAR[Poster]</param>
				<param name="shadowoffset">8</param>
				<param name="bordersizeLT">12</param>
				<param name="bordersizeRB">20</param>
				<param name="overlaylabelvisibility">!ListItem.IsParentFolder + [String.IsEqual(ListItem.DBType,season) | String.IsEqual(ListItem.DBType,episode) | String.IsEmpty(listitem.DBType)]</param>
				<param name="overlaylabel">$VAR[PosterLabel]</param>
				<param name="overlaylabelalign">center</param>
				<param name="overlaylabelyoffset">80r</param>
			</include>
		</definition>
	</include>

	<include name="GenericPosterIconShelf">
		<param name="isFocused">false</param>
		<definition>
			<include content="GenericThumbIconTemplate">
				<param name="isFocused">$PARAM[isFocused]</param>
				<param name="iconwidth">228</param>
				<param name="iconheight">315</param>
				<param name="iconoffset">0</param>
				<param name="iconimage">$VAR[Poster]</param>
				<param name="shadowoffset">8</param>
				<param name="bordersizeLT">12</param>
				<param name="bordersizeRB">20</param>
				<param name="overlaylabelvisibility">String.IsEqual(ListItem.DBType,episode)</param>
				<param name="overlaylabel">[B]$VAR[SeasonEpisodeLabel][/B]</param>
			</include>
		</definition>
	</include>

	<include name="GenericEpisodeIconBig">
		<param name="isFocused">false</param>
		<definition>
			<include content="GenericThumbIconTemplate">
				<param name="isFocused">$PARAM[isFocused]</param>
				<param name="iconwidth">310</param>
				<param name="iconheight">226</param>
				<param name="iconoffset">0</param>
				<param name="iconimage">$VAR[Episode]</param>
				<param name="shadowoffset">8</param>
				<param name="bordersizeLT">16</param>
				<param name="bordersizeRB">24</param>
				<param name="overlaylabelvisibility">!ListItem.IsParentFolder + [String.IsEqual(ListItem.DBType,episode) | String.IsEmpty(listitem.DBType)]</param>
				<param name="overlaylabel">$VAR[EpisodeLabel]</param>
			</include>
		</definition>
	</include>

	<include name="GenericEpisodeIconSmall">
		<param name="isFocused">false</param>
		<definition>
			<include content="GenericThumbIconTemplate">
				<param name="isFocused">$PARAM[isFocused]</param>
				<param name="iconwidth">232.5</param>
				<param name="iconheight">170</param>
				<param name="iconoffset">0</param>
				<param name="iconimage">$VAR[Episode]</param>
				<param name="shadowoffset">8</param>
				<param name="bordersizeLT">12</param>
				<param name="bordersizeRB">20</param>
				<param name="overlaylabelvisibility">!ListItem.IsParentFolder + [String.IsEqual(ListItem.DBType,episode) | String.IsEmpty(listitem.DBType)]</param>
				<param name="overlaylabel">[B]$LOCALIZE[31973] $INFO[ListItem.Season,,.]$INFO[ListItem.Episode][/B]</param>
			</include>
		</definition>
	</include>

	<include name="GenericEpisodeIconShelf">
		<param name="isFocused">false</param>
		<definition>
			<include content="GenericThumbIconTemplate">
				<param name="isFocused">$PARAM[isFocused]</param>
				<param name="iconwidth">228</param>
				<param name="iconheight">315</param>
				<param name="iconoffset">0</param>
				<param name="shadowoffset">8</param>
				<param name="bordersizeLT">12</param>
				<param name="bordersizeRB">20</param>
				<param name="overlaylabelvisibility">true</param>
				<param name="overlaylabel">$INFO[ListItem.Property(SeasonEpisode)]</param>
				<param name="overlaylabelalign">center</param>
			</include>
		</definition>
	</include>

	<include name="GenericBannerIconBig">
		<param name="isFocused">false</param>
		<definition>
			<include content="GenericThumbIconTemplate">
				<param name="isFocused">$PARAM[isFocused]</param>
				<param name="iconwidth">930</param>
				<param name="iconheight">204</param>
				<param name="iconoffset">0</param>
				<param name="shadowoffset">8</param>
				<param name="bordersizeLT">16</param>
				<param name="bordersizeRB">24</param>
				<param name="iconimage">$VAR[Banner]</param>
			</include>
		</definition>
	</include>

	<include name="GenericBannerIconSmall">
		<param name="isFocused">false</param>
		<definition>
			<include content="GenericThumbIconTemplate">
				<param name="isFocused">$PARAM[isFocused]</param>
				<param name="iconwidth">465</param>
				<param name="iconheight">112</param>
				<param name="iconoffset">0</param>
				<param name="shadowoffset">8</param>
				<param name="bordersizeLT">12</param>
				<param name="bordersizeRB">20</param>
				<param name="iconimage">$VAR[Banner]</param>
			</include>
		</definition>
	</include>

	<include name="BannerLayout">
		<param name="viewid"/>
		<definition>
			<itemlayout condition="!Skin.HasSetting($PARAM[viewid]_TvShows_SmallIcons) + Container.Content(TvShows) + Skin.HasSetting($PARAM[viewid]_UseBanners)" height="204" width="930">
				<include content="GenericBannerIconBig">
					<param name="isFocused">false</param>
				</include>
			</itemlayout>
			<focusedlayout condition="!Skin.HasSetting($PARAM[viewid]_TvShows_SmallIcons) + Container.Content(TvShows) + Skin.HasSetting($PARAM[viewid]_UseBanners)" height="204" width="930">
				<include content="GenericBannerIconBig">
					<param name="isFocused">true</param>
				</include>
			</focusedlayout>
			<itemlayout condition="Skin.HasSetting($PARAM[viewid]_TvShows_SmallIcons) + Container.Content(TvShows) + Skin.HasSetting($PARAM[viewid]_UseBanners)" height="112" width="465">
				<include content="GenericBannerIconSmall">
					<param name="isFocused">false</param>
				</include>
			</itemlayout>
			<focusedlayout condition="Skin.HasSetting($PARAM[viewid]_TvShows_SmallIcons) + Container.Content(TvShows) + Skin.HasSetting($PARAM[viewid]_UseBanners)" height="112" width="465">
				<include content="GenericBannerIconSmall">
					<param name="isFocused">true</param>
				</include>
			</focusedlayout>
		</definition>
	</include>

	<include name="ActorLayout">
		<param name="viewid"/>
		<definition>
			<itemlayout height="410" width="232.5">
				<include content="GenericActorIconBig">
					<param name="isFocused">false</param>
				</include>
			</itemlayout>
			<focusedlayout height="410" width="232.5">
				<include content="GenericActorIconBig">
					<param name="isFocused">Control.HasFocus($PARAM[viewid])</param>
				</include>
			</focusedlayout>
		</definition>
	</include>

	<include name="ScreenshotLayout">
		<param name="viewid"/>
		<definition>
			<itemlayout height="310" width="551">
				<include content="GenericScreenshotIconBig">
					<param name="isFocused">false</param>
				</include>
			</itemlayout>
			<focusedlayout height="310" width="551">
				<include content="GenericScreenshotIconBig">
					<param name="isFocused">true</param>
				</include>
			</focusedlayout>
		</definition>
	</include>

	<include name="PosterLayout">
		<param name="viewid"/>
		<definition>
			<itemlayout condition="[!Skin.HasSetting($PARAM[viewid]_TvShows_SmallIcons) + Container.Content(TvShows) + !Skin.HasSetting($PARAM[viewid]_UseBanners)] | [!Skin.HasSetting($PARAM[viewid]_Movies_SmallIcons) + [container.content(movies) | container.content(sets)]] | [!Skin.HasSetting($PARAM[viewid]_Seasons_SmallIcons) + container.content(seasons)] | [Skin.HasSetting(EpisodesUsePoster) + !Skin.HasSetting($PARAM[viewid]_Episodes_SmallIcons) + container.content(episodes)]" height="437" width="310">
				<include content="GenericPosterIconBig">
					<param name="isFocused">false</param>
				</include>
			</itemlayout>
			<focusedlayout condition="[!Skin.HasSetting($PARAM[viewid]_TvShows_SmallIcons) + Container.Content(TvShows) + !Skin.HasSetting($PARAM[viewid]_UseBanners)] | [!Skin.HasSetting($PARAM[viewid]_Movies_SmallIcons) + [container.content(movies) | container.content(sets)]] | [!Skin.HasSetting($PARAM[viewid]_Seasons_SmallIcons) + container.content(seasons)] | [Skin.HasSetting(EpisodesUsePoster) + !Skin.HasSetting($PARAM[viewid]_Episodes_SmallIcons) + container.content(episodes)]" height="437" width="310">
				<include content="GenericPosterIconBig">
					<param name="isFocused">true</param>
				</include>
			</focusedlayout>
			<itemlayout condition="[Skin.HasSetting($PARAM[viewid]_TvShows_SmallIcons) + Container.Content(TvShows) + !Skin.HasSetting($PARAM[viewid]_UseBanners)] | [Skin.HasSetting($PARAM[viewid]_Movies_SmallIcons) + [container.content(movies) | container.content(sets)]] | [Skin.HasSetting($PARAM[viewid]_Seasons_SmallIcons) + container.content(seasons)] | [Skin.HasSetting(EpisodesUsePoster) + Skin.HasSetting($PARAM[viewid]_Episodes_SmallIcons) + container.content(episodes)]" height="326" width="232.5">
				<include content="GenericPosterIconSmall">
					<param name="isFocused">false</param>
				</include>
			</itemlayout>
			<focusedlayout condition="[Skin.HasSetting($PARAM[viewid]_TvShows_SmallIcons) + Container.Content(TvShows) + !Skin.HasSetting($PARAM[viewid]_UseBanners)] | [Skin.HasSetting($PARAM[viewid]_Movies_SmallIcons) + [container.content(movies) | container.content(sets)]] | [Skin.HasSetting($PARAM[viewid]_Seasons_SmallIcons) + container.content(seasons)] | [Skin.HasSetting(EpisodesUsePoster) + Skin.HasSetting($PARAM[viewid]_Episodes_SmallIcons) + container.content(episodes)]" height="326" width="232.5">
				<include content="GenericPosterIconSmall">
					<param name="isFocused">true</param>
				</include>
			</focusedlayout>
		</definition>
	</include>

	<include name="EpisodeLayout">
		<param name="viewid"/>
		<definition>
			<itemlayout condition="!Skin.HasSetting(EpisodesUsePoster) + !Skin.HasSetting($PARAM[viewid]_Episodes_SmallIcons) + container.content(episodes)" height="226" width="310">
				<include content="GenericEpisodeIconBig">
					<param name="isFocused">false</param>
				</include>
			</itemlayout>
			<focusedlayout condition="!Skin.HasSetting(EpisodesUsePoster) + !Skin.HasSetting($PARAM[viewid]_Episodes_SmallIcons) + container.content(episodes)" height="226" width="310">
				<include content="GenericEpisodeIconBig">
					<param name="isFocused">true</param>
				</include>
			</focusedlayout>
			<itemlayout condition="!Skin.HasSetting(EpisodesUsePoster) + Skin.HasSetting($PARAM[viewid]_Episodes_SmallIcons) + container.content(episodes)" height="170" width="232.5">
				<include content="GenericEpisodeIconSmall">
					<param name="isFocused">false</param>
				</include>
			</itemlayout>
			<focusedlayout condition="!Skin.HasSetting(EpisodesUsePoster) + Skin.HasSetting($PARAM[viewid]_Episodes_SmallIcons) + container.content(episodes)" height="170" width="232.5">
				<include content="GenericEpisodeIconSmall">
					<param name="isFocused">true</param>
				</include>
			</focusedlayout>
		</definition>
	</include>

	<include name="Info_Albums">
		<param name="id1"/>
		<definition>
			<itemlayout height="372" width="310.5" condition="Container.Content(artists)">
				<include content="GenericMusicIconInfo">
					<param name="isFocused">false</param>
				</include>
			</itemlayout>
			<focusedlayout height="372" width="310.5" condition="Container.Content(artists)">
				<include content="GenericMusicIconInfo">
					<param name="isFocused">Control.HasFocus(50)</param>
				</include>
			</focusedlayout>
		</definition>
	</include>

	<include name="MusicLayout">
		<param name="viewid"/>
		<definition>
			<itemlayout condition="!Skin.HasSetting($PARAM[viewid]_Music_SmallIcons) + [Container.Content(artists) | Container.Content(albums) | Container.Content(songs) | Container.Content(musicvideos)]" height="372" width="310">
				<include content="GenericMusicIconBig">
					<param name="isFocused">false</param>
				</include>
			</itemlayout>
			<focusedlayout condition="!Skin.HasSetting($PARAM[viewid]_Music_SmallIcons) + [Container.Content(artists) | Container.Content(albums) | Container.Content(songs) | Container.Content(musicvideos)]" height="372" width="310">
				<include content="GenericMusicIconBig">
					<param name="isFocused">true</param>
				</include>
			</focusedlayout>
			<itemlayout condition="Skin.HasSetting($PARAM[viewid]_Music_SmallIcons) + [Container.Content(artists) | Container.Content(albums) | Container.Content(songs) | Container.Content(musicvideos)]" height="294" width="232.5">
				<include content="GenericMusicIconSmall">
					<param name="isFocused">false</param>
				</include>
			</itemlayout>
			<focusedlayout condition="Skin.HasSetting($PARAM[viewid]_Music_SmallIcons) + [Container.Content(artists) | Container.Content(albums) | Container.Content(songs) | Container.Content(musicvideos)]" height="294" width="232.5">
				<include content="GenericMusicIconSmall">
					<param name="isFocused">true</param>
				</include>
			</focusedlayout>
		</definition>
	</include>

	<include name="ImageLayout">
		<param name="viewid"/>
		<definition>
			<itemlayout condition="!Skin.HasSetting($PARAM[viewid]_Images_SmallIcons) + Container.Content(images)" height="396" width="310">
				<include content="GenericThumbIconBig">
					<param name="isFocused">false</param>
				</include>
			</itemlayout>
			<focusedlayout condition="!Skin.HasSetting($PARAM[viewid]_Images_SmallIcons) + Container.Content(images)" height="396" width="310">
				<include content="GenericThumbIconBig">
					<param name="isFocused">true</param>
				</include>
			</focusedlayout>
			<itemlayout condition="Skin.HasSetting($PARAM[viewid]_Images_SmallIcons) + Container.Content(images)" height="320" width="232.5">
				<include content="GenericThumbIconSmall">
					<param name="isFocused">false</param>
				</include>
			</itemlayout>
			<focusedlayout condition="Skin.HasSetting($PARAM[viewid]_Images_SmallIcons) + Container.Content(images)" height="320" width="232.5">
				<include content="GenericThumbIconSmall">
					<param name="isFocused">true</param>
				</include>
			</focusedlayout>
		</definition>
	</include>

	<include name="AddonLayout">
		<param name="viewid"/>
		<definition>
			<itemlayout condition="!Skin.HasSetting($PARAM[viewid]_Addons_SmallIcons) + Container.Content(addons)" height="400" width="310">
				<include content="GenericThumbIconBig">
					<param name="isFocused">false</param>
				</include>
			</itemlayout>
			<focusedlayout condition="!Skin.HasSetting($PARAM[viewid]_Addons_SmallIcons) + Container.Content(addons)" height="400" width="310">
				<include content="GenericThumbIconBig">
					<param name="isFocused">true</param>
				</include>
			</focusedlayout>
			<itemlayout condition="Skin.HasSetting($PARAM[viewid]_Addons_SmallIcons) + Container.Content(addons)" height="320" width="232.5">
				<include content="GenericThumbIconSmall">
					<param name="isFocused">false</param>
				</include>
			</itemlayout>
			<focusedlayout condition="Skin.HasSetting($PARAM[viewid]_Addons_SmallIcons) + Container.Content(addons)" height="320" width="232.5">
				<include content="GenericThumbIconSmall">
					<param name="isFocused">true</param>
				</include>
			</focusedlayout>
		</definition>
	</include>

	<include name="GenericLayout">
		<param name="viewid"/>
		<definition>
			<itemlayout condition="!Skin.HasSetting($PARAM[viewid]_SmallIcons) + ![container.content(episodes) | container.content(addons) | container.content(artists) | container.content(albums) | container.content(songs) | Container.Content(images) | Container.Content(musicvideos) | container.content(movies) | container.content(sets) | container.content(TVshows) | container.content(seasons)]" height="400" width="310">
				<include content="GenericThumbIconBig">
					<param name="isFocused">false</param>
				</include>
			</itemlayout>
			<focusedlayout condition="!Skin.HasSetting($PARAM[viewid]_SmallIcons) + ![container.content(episodes) | container.content(addons) | container.content(artists) | container.content(albums) | container.content(songs) | Container.Content(images) | Container.Content(musicvideos) | container.content(movies) | container.content(sets) | container.content(TVshows) | container.content(seasons)]" height="400" width="310">
				<include content="GenericThumbIconBig">
					<param name="isFocused">true</param>
				</include>
			</focusedlayout>
			<itemlayout condition="Skin.HasSetting($PARAM[viewid]_SmallIcons) + ![container.content(episodes) | container.content(addons) | container.content(artists) | container.content(albums) | container.content(songs) | Container.Content(images) | Container.Content(musicvideos) | container.content(movies) | container.content(sets) | container.content(TVshows) | container.content(seasons)]" height="320" width="232.5">
				<include content="GenericThumbIconSmall">
					<param name="isFocused">false</param>
				</include>
			</itemlayout>
			<focusedlayout condition="Skin.HasSetting($PARAM[viewid]_SmallIcons) + ![container.content(episodes) | container.content(addons) | container.content(artists) | container.content(albums) | container.content(songs) | Container.Content(images) | Container.Content(musicvideos) | container.content(movies) | container.content(sets) | container.content(TVshows) | container.content(seasons)]" height="320" width="232.5">
				<include content="GenericThumbIconSmall">
					<param name="isFocused">true</param>
				</include>
			</focusedlayout>
		</definition>
	</include>

	<include name="FooterInfo">
		<control type="group" description="Media Info Lite">
			<include>ContentFade</include>
			<posy>937</posy>
			<posx>390</posx>
			<width>1140</width>
			<control type="label" description="Title shadow">
				<animation effect="slide" start="0,0" end="0,27" time="0" condition="Control.IsVisible(56) + [$EXP[56_FanartViewInfo]]">Conditional</animation>
				<left>4</left>
				<top>4</top>
				<width>1140</width>
				<height>50</height>
				<align>center</align>
				<textcolor>Black</textcolor>
				<shadowcolor></shadowcolor>
				<font>InfoTitle</font>
				<scroll>false</scroll>
				<label>$VAR[panelheading]</label>
			</control>
			<control type="label" description="Title Label">
				<animation effect="slide" start="0,0" end="0,27" time="0" condition="Control.IsVisible(56) + [$EXP[56_FanartViewInfo]]">Conditional</animation>
				<width>1140</width>
				<height>50</height>
				<align>center</align>
				<textcolor>White2</textcolor>
				<shadowcolor></shadowcolor>
				<font>InfoTitle</font>
				<scroll>false</scroll>
				<label>$VAR[panelheading]</label>
			</control>
			<control type="label" description="Details">
				<visible>Control.IsVisible(53) | [Control.IsVisible(56) + ![$EXP[56_FanartViewInfo]]]</visible>
				<posy>59</posy>
				<width>1140</width>
				<height>30</height>
				<align>center</align>
				<shadowcolor>Black</shadowcolor>
				<label>$VAR[panelsubheading]</label>
			</control>
			<control type="label" description="Details2">
				<visible>[Control.IsVisible(53) | [Control.IsVisible(56) + ![$EXP[56_FanartViewInfo]]]] + !String.IsEmpty(Window(Home).Property(NextAired.NextDate))</visible>
				<posy>109</posy>
                <width>1140</width>
				<height>30</height>
				<align>center</align>
				<shadowcolor>Black</shadowcolor>
				<label>$VAR[panelsubheading2]</label>
			</control>            
		</control>
		<control type="grouplist" description="Left Flags">
			<include>ContentFade</include>
			<left>30</left>
			<top>1020</top>
			<width>1000</width>
			<height>45</height>
			<itemgap>30</itemgap>
			<orientation>horizontal</orientation>
			<align>left</align>
			<include content="MediaFlagItems">
				<param name="showvideobadge">true</param>
				<param name="showaudiobadge">false</param>
				<param name="showratingbadge">false</param>
			</include>
		</control>
		<control type="grouplist" description="Right Flags">
			<include>ContentFade</include>
			<left>890</left>
			<top>1020</top>
			<width>1000</width>
			<height>45</height>
			<itemgap>30</itemgap>
			<orientation>horizontal</orientation>
			<align>right</align>
			<include content="MediaFlagItems">
				<param name="showvideobadge">false</param>
				<param name="showaudiobadge">true</param>
				<param name="showratingbadge">true</param>
			</include>
		</control>
	</include>

</includes>