<?xml version="1.0" encoding="UTF-8"?>
<includes>
	<include name="View_50">
		<control type="group">
			<include content="BackgroundOverlay">
				<param name="parentid" value="50"/>
				<param name="overlaytop" value="300"/>
				<param name="overlayheight" value="1620"/>
			</include>
			<visible>Control.IsVisible(50)</visible>
			<include>ContentFade</include>
           
			<control type="list" id="50">
				<viewtype label="$LOCALIZE[535]">List</viewtype>
				<posx>710</posx>
				<posy>406</posy>
				<width>1210</width>
				<height>648</height>
				<pagecontrol>60</pagecontrol>
				<onleft>9000</onleft>
				<onright>60</onright>
				<onup>50</onup>
				<ondown>50</ondown>
				<preloaditems>4</preloaditems>
				<include>List_Layout</include>
			</control>

			<control type="scrollbar" id="60">
				<animation effect="slide" start="0,0" end="-8,0" time="150">Focus</animation>
				<animation effect="slide" start="-8,0" end="0,0" time="300">UnFocus</animation>
				<posx>20r</posx>
				<posy>351</posy>
				<width>36</width>
				<height>700</height>
				<texturesliderbackground></texturesliderbackground>
				<texturesliderbar></texturesliderbar>
				<texturesliderbarfocus></texturesliderbarfocus>
				<textureslidernib border="18">OSD/ScrollbarNibNF.png</textureslidernib>
				<textureslidernibfocus border="18">OSD/ScrollbarNibFO.png</textureslidernibfocus>
				<showonepage>false</showonepage>
				<orientation>vertical</orientation>
				<onleft>50</onleft>
				<onright>9000</onright>
			</control>
			<include content="PanelTemplate">
				<param name="top">355</param>
				<param name="left">555</param>
				<param name="height">410</param>
				<param name="width">650</param>
				<param name="heading">$VAR[panelheading]</param>
				<param name="subheading">$VAR[panelsubheading]</param>
				<param name="plot">$VAR[Plots]</param>
				<param name="footer">$VAR[panelfooter]</param>
				<param name="visibility">Container.content(addons) | Container.Content(images) | Container.Content(games) | Container.content(movies) | Container.Content(musicvideos) | Container.Content(episodes)</param>
			</include>
            
			<include content="PanelTemplate">
				<param name="top">355</param>
				<param name="left">555</param>
				<param name="height">360</param>
				<param name="width">650</param>
				<param name="heading">$VAR[panelheading]</param>
				<param name="subheading">$VAR[panelsubheading]</param>
                <param name="subheading2">$VAR[panelsubheading2]</param>
                <param name="subheading2_visible">!String.IsEmpty(Window(Home).Property(NextAired.NextDate))</param>
				<param name="plot">$VAR[Plots]</param>
				<param name="footer">$VAR[panelfooter]</param>
				<param name="visibility">Container.content(tvshows) | Container.Content(seasons)</param>
			</include>            
			<include content="PanelTemplate">
				<param name="top">355</param>
				<param name="left">555</param>
				<param name="height">410</param>
				<param name="width">650</param>
				<param name="heading">$VAR[panelheading]</param>
				<param name="subheading">$VAR[panelsubheading]</param>
				<param name="footer">$VAR[panelfooter]</param>
				<param name="visibility">Container.content(sets)</param>
			</include>
			<include content="PanelTemplate">
				<param name="top">355</param>
				<param name="left">555</param>
				<param name="height">410</param>
				<param name="width">650</param>
				<param name="heading">$VAR[panelheading]</param>
				<param name="subheading">$VAR[panelsubheading]</param>
				<param name="plot">$VAR[Plots]</param>
				<param name="subcontent_label">$INFO[ListItem.Label]$INFO[ListItem.Year,  (,)]</param>
				<param name="subcontent_path">$INFO[ListItem.FolderPath]</param>
				<param name="subcontent_visible">String.IsEmpty(ListItem.Property(Artist_Description))</param>
				<param name="subcontent_image_visible">false</param>
				<param name="footer">$VAR[panelfooter]</param>
				<param name="visibility">Container.content(artists)</param>
			</include>
			<include content="PanelTemplate">
				<param name="top">355</param>
				<param name="left">555</param>
				<param name="height">410</param>
				<param name="width">650</param>
				<param name="heading">$VAR[panelheading]</param>
				<param name="subheading">$VAR[panelsubheading]</param>
				<param name="plot">$VAR[Plots]</param>
				<param name="subcontent_label">$INFO[ListItem.TrackNumber,,. ]$INFO[ListItem.Label]$INFO[ListItem.Duration,  (,)]</param>
				<param name="subcontent_path">$INFO[ListItem.FolderPath]</param>
				<param name="subcontent_sortby" value="track" />
				<param name="subcontent_sortorder" value="ascending" />
				<param name="subcontent_visible">String.IsEmpty(ListItem.Property(Album_Description))</param>
				<param name="subcontent_image_visible">false</param>
				<param name="footer">$VAR[panelfooter]</param>
				<param name="visibility">Container.content(albums)</param>
			</include>
			<control type="group" description="50 MediaInfo">
				<posx>30</posx>
				<posy>351</posy>
				<width>490</width>
				<control type="label">
					<height>45</height>
					<align>center</align>
					<label>$VAR[listmediaheader]</label>
					<textcolor>Highlight</textcolor>
				</control>
				<include content="ShadowedImage">
					<param name="width">490</param>
					<param name="height">700</param>
					<param name="texture">$VAR[ThumbType]</param>
				</include>
				<control type="label">
					<top>650</top>
					<height>45</height>
					<align>center</align>
					<label>$VAR[listmediafooter]</label>
					<textcolor>Highlight</textcolor>
				</control>
			</control>
		</control>
	</include>

	<include name="List_Layout">
	    <param name="id">50</param>
		<definition>

		    <itemlayout condition="![Container.Content(episodes) | Container.Content(movies) | Container.Content(tvshows) | Container.Content(musicvideos) | Container.Content(sets) | Container.Content(addons) | Container.Content(seasons) | Container.Content(albums) | Container.Content(artists) | Container.Content(images) | Container.Content(games)]" height="72" width="1210">
			    <control type="image">
				    <posx>0</posx>
				    <posy>0</posy>
				    <height>73</height>
				    <width>1210</width>
				    <texture flipy="true" border="3">list/ListNF.png</texture>
			    </control>
			    <control type="label">
    				<posx>25</posx>
				    <posy>0</posy>
				    <width>900</width>
				    <height>72</height>
				    <scroll>false</scroll>
				    <textoffsetx>16</textoffsetx>
				    <label>$VAR[MediaListLabel]</label>
                </control>
			    <control type="label">
    				<right>70</right>
				    <posy>0</posy>
				    <width>400</width>
				    <height>72</height>
				    <scroll>false</scroll>
				    <textoffsetx>16</textoffsetx>
				    <font>ListDetails</font>
				    <textcolor>Grey</textcolor>
				    <align>right</align>
				    <label>$VAR[MediaListLabel2]</label>
                    <visible>!Skin.HasSetting(Hide.Label2.Lists)</visible>
			    </control>
			    <include>ListWatchedOverlay</include>
		    </itemlayout>
		    <focusedlayout condition="![Container.Content(episodes) | Container.Content(movies) | Container.Content(tvshows) | Container.Content(musicvideos) | Container.Content(sets) | Container.Content(addons) | Container.Content(seasons) | Container.Content(albums) | Container.Content(artists) | Container.Content(images) | Container.Content(games)]" height="72" width="1210">
			    <control type="image">
    				<posx>0</posx>
				    <posy>1</posy>
					<height>72</height>
				    <width>1210</width>
					<texture border="4" colordiffuse="Highlight">img/WhiteRoundedST2.png</texture>
				    <animation effect="fade" start="100" end="50" time="100" condition="!Control.HasFocus($PARAM[id])">Conditional</animation>
			    </control>
			    <control type="label">
    				<posx>25</posx>
				    <posy>0</posy>
				    <width>900</width>
				    <height>72</height>
				    <scroll>false</scroll>
					<textoffsetx>16</textoffsetx>
					<textcolor>Black</textcolor>
					<selectedcolor>Black</selectedcolor>
					<shadowcolor></shadowcolor>
					<label>$VAR[MediaListLabel]</label>
				</control>
    			<control type="label">
	    			<right>70</right>
		    		<posy>0</posy>
			    	<width>400</width>
				    <height>72</height>
				    <scroll>false</scroll>
					<textoffsetx>16</textoffsetx>
					<font>ListDetails</font>
					<textcolor>Black</textcolor>
					<selectedcolor>Black</selectedcolor>
					<shadowcolor></shadowcolor>
					<align>right</align>
					<label>$VAR[MediaListLabel2]</label>
                    <visible>!Skin.HasSetting(Hide.Label2.Lists)</visible>
			    </control>
				<include content ="ListWatchedOverlay">
					<param name="isFocused">true</param>
				</include>
			</focusedlayout>
			
		    <itemlayout condition="[Container.Content(episodes) | Container.Content(movies) | Container.Content(tvshows) | Container.Content(musicvideos) | Container.Content(sets) | Container.Content(addons) | Container.Content(seasons) | Container.Content(albums) | Container.Content(artists) | Container.Content(images) | Container.Content(games)]" height="72" width="1210">
			    <control type="image" description="BG">
    				<posy>0</posy>
				    <posx>570</posx>
				    <width>640</width>
				    <height>72</height>
				    <texture flipy="true" border="3">list/ListNF.png</texture>
			    </control>
			    <control type="label" description="Main Label">
    				<posx>589</posx>
				    <height>72</height>
				    <width>500</width>
				    <scroll>false</scroll>
				    <textoffsetx>16</textoffsetx>
				    <label>$VAR[MediaListLabel]</label>
				</control>
			    <control type="label">
    				<right>50</right>
				    <posy>0</posy>
				    <width>500</width>
				    <height>72</height>
				    <scroll>false</scroll>
				    <textoffsetx>16</textoffsetx>
				    <font>ListDetails</font>
				    <textcolor>Grey</textcolor>
				    <align>right</align>
				    <label>$VAR[MediaListLabel2]</label>
                    <visible>!Skin.HasSetting(Hide.Label2.Lists)</visible>
			    </control>
			    <control type="label" description ="Workaround label spacing for watched overlay">
    				<visible>String.IsEqual(ListItem.DBType,season) | String.IsEqual(ListItem.DBType,episode) | String.IsEqual(ListItem.DBType,movie) | String.IsEqual(ListItem.DBType,video) | String.IsEqual(ListItem.DBType,tvshow) | String.IsEqual(ListItem.DBType,musicvideo) | String.IsEqual(ListItem.DBType,set) | Container.Content(addons)</visible>
				    <width>1210</width>
				    <height>72</height>
				    <textoffsetx>16</textoffsetx>
				    <font>ListDetails</font>
				    <textcolor>0000000</textcolor>
				    <selectedcolor></selectedcolor>
				    <shadowcolor></shadowcolor>
				    <align>right</align>
				    <label>KJIJA</label>
			    </control>
			    <include>ListWatchedOverlay</include>
		    </itemlayout>
		    <focusedlayout condition="[Container.Content(episodes) | Container.Content(movies) | Container.Content(tvshows) | Container.Content(musicvideos) | Container.Content(sets) | Container.Content(addons) | Container.Content(seasons) | Container.Content(albums) | Container.Content(artists) | Container.Content(images) | Container.Content(games)]" height="72" width="1210">
			    <control type="image" description="BG">
    				<posx>570</posx>
					<posy>0</posy>
					<height>72</height>
					<texture border="4" colordiffuse="Highlight">img/WhiteRoundedST2.png</texture>
				    <animation effect="fade" start="100" end="50" time="100" condition="!Control.HasFocus($PARAM[id])">Conditional</animation>
			    </control>
			    <control type="label" description="Main Label">
    				<posx>589</posx>
				    <height>72</height>
				    <width>480</width>
				    <scroll>false</scroll>
					<textoffsetx>16</textoffsetx>
					<textcolor>Black</textcolor>
					<selectedcolor>Black</selectedcolor>
					<shadowcolor></shadowcolor>
					<label>$VAR[MediaListLabel]</label>
				</control>
    			<control type="label">
	    			<right>50</right>
		    		<posy>0</posy>
			    	<width>500</width>
				    <height>72</height>
				    <scroll>false</scroll>
					<textoffsetx>16</textoffsetx>
					<font>ListDetails</font>
					<textcolor>Black</textcolor>
					<selectedcolor>Black</selectedcolor>
					<shadowcolor></shadowcolor>
					<align>right</align>
					<label>$VAR[MediaListLabel2]</label>
                    <visible>!Skin.HasSetting(Hide.Label2.Lists)</visible>
			    </control>
				<control type="label" description ="Workaround label spacing for watched overlay">
					<visible>String.IsEqual(ListItem.DBType,season) | String.IsEqual(ListItem.DBType,episode) | String.IsEqual(ListItem.DBType,movie) | String.IsEqual(ListItem.DBType,video) | String.IsEqual(ListItem.DBType,tvshow) | String.IsEqual(ListItem.DBType,musicvideo) | String.IsEqual(ListItem.DBType,set) | Container.Content(addons)</visible>
					<width>1210</width>
					<height>72</height>
					<textoffsetx>16</textoffsetx>
					<font>ListDetails</font>
					<textcolor>0000000</textcolor>
					<selectedcolor></selectedcolor>
					<shadowcolor></shadowcolor>
					<align>right</align>
					<label>KJIJA</label>
				</control>			
				<include content ="ListWatchedOverlay">
					<param name="isFocused">true</param>
				</include>
			</focusedlayout>
			
		</definition>
	</include>	

</includes>
