<?xml version="1.0" encoding="UTF-8"?>
<includes>

<!-- Search functionality adapted from sualfred's embuary and jurialmunkey's arctic.zephyr.2 -->

	<include name="BackgroundOverlaySearch">
		<param name="overlaywidth">1920</param>
		<param name="overlayheight">1120</param>
		<param name="overlaytop">-40</param>
		<param name="overlayleft">0</param>
		<param name="parentid"/>
		<definition>
			<control type="image" description="background overlay">
				<include>VignetteFade</include>
				<left>$PARAM[overlayleft]</left>
				<top>$PARAM[overlaytop]</top>
				<width>$PARAM[overlaywidth]</width>
				<height>$PARAM[overlayheight]</height>
				<texture border="0,30,0,0">OSD/FS_OSDBackground.png</texture> 
				<colordiffuse>dfcebe9e</colordiffuse> 
			</control>
		</definition>
	</include>

	<include name="GenericMusicIconSearch">
		<param name="isFocused">false</param>
		<definition>
			<include content="GenericThumbIconTemplate">
				<param name="isFocused">$PARAM[isFocused]</param>
				<param name="iconwidth">310</param>
				<param name="iconheight">310</param>
				<param name="iconoffset">0</param>
				<param name="iconimage">$VAR[Square]</param>
				<param name="shadowoffset">8</param>
				<param name="bordersizeLT">16</param>
				<param name="bordersizeRB">24</param>
			</include>
		</definition>
	</include>

	<!-- Landscape -->
	<include name="SearchWideList">
		<param name="headline">$LOCALIZE[416]</param>
		<param name="height">350</param>
        <param name="contenttype">videos</param>
        <param name="id"></param>
		<param name="labelid"></param>
		<definition>
		    <control type="label" id="$PARAM[labelid]">
			    <visible>Integer.IsGreater(Container($PARAM[id]).NumItems,0) | Container($PARAM[id]).IsUpdating</visible>
	            <top>40</top>
	            <left>10</left>
			    <width>auto</width>
                <height>40</height>
    		    <font>font16</font>
			    <align>left</align>
			    <aligny>center</aligny>
			    <label>$PARAM[headline]</label>
			    <textcolor>Highlight</textcolor>
		    </control>
			<control type="fixedlist" id="$PARAM[id]">
			    <height>$PARAM[height]</height>
				<visible>Integer.IsGreater(Container($PARAM[id]).NumItems,0) | Container($PARAM[id]).IsUpdating</visible>
				<movement>6</movement>
				<top>40</top>
				<left>10</left>
				<width>100%</width>
				<scrolltime>300</scrolltime>
				<orientation>horizontal</orientation>
				<preloaditems>4</preloaditems>
				<viewtype label="$PARAM[list_name]">list</viewtype>
                <itemlayout height="226" width="310">
		            <include content="GenericEpisodeIconBig">
			            <param name="isFocused">false</param>
		            </include>
	            </itemlayout>
	            <focusedlayout height="226" width="310">
		            <include content="GenericEpisodeIconBig">
			            <param name="isFocused">Control.HasFocus($PARAM[id])</param>
		            </include>
	            </focusedlayout>
                <content target="$PARAM[contenttype]">$PARAM[content]</content>
			</control>
		</definition>
	</include>
    
	<!-- Poster -->
	<include name="SearchPosterList">
		<param name="headline">$LOCALIZE[416]</param>
		<param name="height">350</param>
        <param name="contenttype">videos</param>
        <param name="id"></param>
		<param name="labelid"></param>
        <param name="minnumitems">0</param>
        <param name="content"></param>
		<definition>
		    <control type="label" id="$PARAM[labelid]">
			    <visible>Integer.IsGreater(Container($PARAM[id]).NumItems,$PARAM[minnumitems]) | Container($PARAM[id]).IsUpdating</visible>
			    <top>40</top>
				<left>10</left>
			    <width>auto</width>
                <height>40</height>
			    <font>font16</font>
			    <align>left</align>
			    <aligny>center</aligny>
			    <label>$PARAM[headline]</label>
			    <textcolor>Highlight</textcolor>
		    </control>
			<control type="panel" id="$PARAM[id]">
			    <height>$PARAM[height]</height>
				<movement>6</movement>
				<top>40</top>
				<left>10</left>
				<width>100%</width>
                <scrolltime>200</scrolltime>
                <orientation>horizontal</orientation>
                <visible>Integer.IsGreater(Container($PARAM[id]).NumItems,$PARAM[minnumitems]) | Container($PARAM[id]).IsUpdating</visible>
                <itemlayout height="326" width="232.5">
    	            <include content="GenericPosterIconSmall">
			            <param name="isFocused">false</param>
		            </include>
	            </itemlayout>
	            <focusedlayout height="326" width="232.5">
		            <include content="GenericPosterIconSmall">
			            <param name="isFocused">Control.HasFocus($PARAM[id])</param>
		            </include>
	            </focusedlayout>
                <content target="$PARAM[contenttype]">$PARAM[content]</content>
			</control>
		</definition>
	</include>
    
	<!-- Square -->
	<include name="SearchSquareList">
		<param name="headline">$LOCALIZE[416]</param>
		<param name="height">350</param>
        <param name="contenttype">music</param>
        <param name="id"></param>
		<param name="labelid"></param>
		<definition>
		    <control type="label" id="$PARAM[labelid]">
	            <top>40</top>
	            <left>10</left>
				<visible>Integer.IsGreater(Container($PARAM[id]).NumItems,0) | Container($PARAM[id]).IsUpdating</visible>
			    <width>auto</width>
                <height>40</height>
			    <font>font16</font>
			    <align>left</align>
			    <aligny>center</aligny>
			    <label>$PARAM[headline]</label>
			    <textcolor>Highlight</textcolor>
		    </control>
			<control type="fixedlist" id="$PARAM[id]">
			    <visible>Integer.IsGreater(Container($PARAM[id]).NumItems,0) | Container($PARAM[id]).IsUpdating</visible>
				<movement>6</movement>
				<top>40</top>
				<left>10</left>
				<width>100%</width>
				<height>$PARAM[height]</height>
				<scrolltime>300</scrolltime>
				<orientation>horizontal</orientation>
				<preloaditems>4</preloaditems>
				<viewtype label="$PARAM[list_name]">list</viewtype>
	            <itemlayout height="310" width="310">
		            <include content="GenericMusicIconSearch">
			            <param name="isFocused">false</param>
		            </include>
	            </itemlayout>
	            <focusedlayout height="310" width="310">
		            <include content="GenericMusicIconSearch">
			            <param name="isFocused">Control.HasFocus($PARAM[id])</param>
		            </include>
	            </focusedlayout>
                <content target="$PARAM[contenttype]">$PARAM[content]</content>
			</control>
		</definition>
	</include>
    
</includes>