<?xml version="1.0" encoding="UTF-8"?>
<includes>

	<include name="List_Layout">
	    <param name="id">50</param>
        <param name="ListLabelFont"></param>
        <param name="ListLabel2Font"></param>
        <param name="itemheight"></param>
        <param name="BGposy"></param>
		<definition>
		    <itemlayout condition="![Container.Content(episodes) | Container.Content(movies) | Container.Content(tvshows) | Container.Content(musicvideos) | Container.Content(sets) | Container.Content(addons) | Container.Content(seasons) | Container.Content(albums) | Container.Content(artists) | Container.Content(images) | Container.Content(games)]" height="$PARAM[itemheight]" width="1210">
			    <control type="image">
				    <posx>0</posx>
				    <posy>0</posy>
				    <height>$PARAM[itemheight]</height>
				    <width>1210</width>
				    <texture flipy="true" border="3">list/ListNF.png</texture>
			    </control>
			    <control type="label">
    				<posx>25</posx>
				    <posy>0</posy>
				    <width>900</width>
				    <height>$PARAM[itemheight]</height>
				    <scroll>false</scroll>
				    <textoffsetx>16</textoffsetx>
                    <font>$PARAM[ListLabelFont]</font>
				    <label>$VAR[MediaListLabel]</label>
                </control>
			    <control type="label">
    				<right>70</right>
				    <posy>0</posy>
				    <width>400</width>
				    <height>$PARAM[itemheight]</height>
				    <scroll>false</scroll>
				    <textoffsetx>16</textoffsetx>
					<font>$PARAM[ListLabel2Font]</font>
				    <textcolor>Grey</textcolor>
				    <align>right</align>
				    <label>$VAR[MediaListLabel2]</label>
                    <visible>!Skin.HasSetting(Hide.Label2.Lists)</visible>
			    </control>
			    <include content="ListWatchedOverlay">
                    <param name="itemheight">$PARAM[itemheight]</param>
                    <param name="BGposy">$PARAM[BGposy]</param>
                </include>
		    </itemlayout>
		    <focusedlayout condition="![Container.Content(episodes) | Container.Content(movies) | Container.Content(tvshows) | Container.Content(musicvideos) | Container.Content(sets) | Container.Content(addons) | Container.Content(seasons) | Container.Content(albums) | Container.Content(artists) | Container.Content(images) | Container.Content(games)]" height="$PARAM[itemheight]" width="1210">
			    <control type="image">
    				<posx>0</posx>
				    <posy>1</posy>
					<height>$PARAM[itemheight]</height>
				    <width>1210</width>
					<texture border="4" colordiffuse="Highlight">img/WhiteRoundedST2.png</texture>
				    <animation effect="fade" start="100" end="50" time="100" condition="!Control.HasFocus($PARAM[id])">Conditional</animation>
			    </control>
			    <control type="label">
    				<posx>25</posx>
				    <posy>0</posy>
				    <width>900</width>
				    <height>$PARAM[itemheight]</height>
				    <scroll>false</scroll>
					<textoffsetx>16</textoffsetx>
					<textcolor>Black</textcolor>
					<selectedcolor>Black</selectedcolor>
					<shadowcolor></shadowcolor>
                    <font>$PARAM[ListLabelFont]</font>
					<label>$VAR[MediaListLabel]</label>
				</control>
    			<control type="label">
	    			<right>70</right>
		    		<posy>0</posy>
			    	<width>400</width>
				    <height>$PARAM[itemheight]</height>
				    <scroll>false</scroll>
					<textoffsetx>16</textoffsetx>
					<font>$PARAM[ListLabel2Font]</font>
					<textcolor>Black</textcolor>
					<selectedcolor>Black</selectedcolor>
					<shadowcolor></shadowcolor>
					<align>right</align>
					<label>$VAR[MediaListLabel2]</label>
                    <visible>!Skin.HasSetting(Hide.Label2.Lists)</visible>
			    </control>
				<include content ="ListWatchedOverlay">
					<param name="isFocused">true</param>
                    <param name="itemheight">$PARAM[itemheight]</param>
                    <param name="BGposy">$PARAM[BGposy]</param>
				</include>
			</focusedlayout>
			
		    <itemlayout condition="[Container.Content(episodes) | Container.Content(movies) | Container.Content(tvshows) | Container.Content(musicvideos) | Container.Content(sets) | Container.Content(addons) | Container.Content(seasons) | Container.Content(albums) | Container.Content(artists) | Container.Content(images) | Container.Content(games)]" height="$PARAM[itemheight]" width="1210">
			    <control type="image" description="BG">
    				<posy>0</posy>
				    <posx>570</posx>
				    <width>640</width>
				    <height>$PARAM[itemheight]</height>
				    <texture flipy="true" border="3">list/ListNF.png</texture>
			    </control>
			    <control type="label" description="Main Label">
    				<posx>589</posx>
				    <height>$PARAM[itemheight]</height>
				    <width>500</width>
				    <scroll>false</scroll>
				    <textoffsetx>16</textoffsetx>
                    <font>$PARAM[ListLabelFont]</font>
				    <label>$VAR[MediaListLabel]</label>
				</control>
			    <control type="label">
    				<right>50</right>
				    <posy>0</posy>
				    <width>500</width>
				    <height>$PARAM[itemheight]</height>
				    <scroll>false</scroll>
				    <textoffsetx>16</textoffsetx>
					<font>$PARAM[ListLabel2Font]</font>
				    <textcolor>Grey</textcolor>
				    <align>right</align>
				    <label>$VAR[MediaListLabel2]</label>
                    <visible>!Skin.HasSetting(Hide.Label2.Lists)</visible>
			    </control>
			    <control type="label" description ="Workaround label spacing for watched overlay">
    				<visible>String.IsEqual(ListItem.DBType,season) | String.IsEqual(ListItem.DBType,episode) | String.IsEqual(ListItem.DBType,movie) | String.IsEqual(ListItem.DBType,video) | String.IsEqual(ListItem.DBType,tvshow) | String.IsEqual(ListItem.DBType,musicvideo) | String.IsEqual(ListItem.DBType,set) | Container.Content(addons)</visible>
				    <width>1210</width>
				    <height>$PARAM[itemheight]</height>
				    <textoffsetx>16</textoffsetx>
					<font>$PARAM[ListLabel2Font]</font>
				    <textcolor>0000000</textcolor>
				    <selectedcolor></selectedcolor>
				    <shadowcolor></shadowcolor>
				    <align>right</align>
				    <label>KJIJA</label>
			    </control>
			    <include content="ListWatchedOverlay">
                    <param name="itemheight">$PARAM[itemheight]</param>
                    <param name="BGposy">$PARAM[BGposy]</param>
                </include>
		    </itemlayout>
		    <focusedlayout condition="[Container.Content(episodes) | Container.Content(movies) | Container.Content(tvshows) | Container.Content(musicvideos) | Container.Content(sets) | Container.Content(addons) | Container.Content(seasons) | Container.Content(albums) | Container.Content(artists) | Container.Content(images) | Container.Content(games)]" height="$PARAM[itemheight]" width="1210">
			    <control type="image" description="BG">
    				<posx>570</posx>
					<posy>0</posy>
					<height>$PARAM[itemheight]</height>
					<texture border="4" colordiffuse="Highlight">img/WhiteRoundedST2.png</texture>
				    <animation effect="fade" start="100" end="50" time="100" condition="!Control.HasFocus($PARAM[id])">Conditional</animation>
			    </control>
			    <control type="label" description="Main Label">
    				<posx>589</posx>
				    <height>$PARAM[itemheight]</height>
				    <width>480</width>
				    <scroll>false</scroll>
					<textoffsetx>16</textoffsetx>
					<textcolor>Black</textcolor>
					<selectedcolor>Black</selectedcolor>
					<shadowcolor></shadowcolor>
                    <font>$PARAM[ListLabelFont]</font>
					<label>$VAR[MediaListLabel]</label>
				</control>
    			<control type="label">
	    			<right>50</right>
		    		<posy>0</posy>
			    	<width>500</width>
				    <height>$PARAM[itemheight]</height>
				    <scroll>false</scroll>
					<textoffsetx>16</textoffsetx>
					<font>$PARAM[ListLabel2Font]</font>
					<textcolor>Black</textcolor>
					<selectedcolor>Black</selectedcolor>
					<shadowcolor></shadowcolor>
					<align>right</align>
					<label>$VAR[MediaListLabel2]</label>
                    <visible>!Skin.HasSetting(Hide.Label2.Lists)</visible>
			    </control>
				<control type="label" description ="Workaround label spacing for watched overlay">
					<visible>String.IsEqual(ListItem.DBType,season) | String.IsEqual(ListItem.DBType,episode) | String.IsEqual(ListItem.DBType,movie) | String.IsEqual(ListItem.DBType,video) | String.IsEqual(ListItem.DBType,tvshow) | String.IsEqual(ListItem.DBType,musicvideo) | String.IsEqual(ListItem.DBType,set) | Container.Content(addons)</visible>
					<width>1210</width>
					<height>$PARAM[itemheight]</height>
					<textoffsetx>16</textoffsetx>
					<font>$PARAM[ListLabel2Font]</font>
					<textcolor>0000000</textcolor>
					<selectedcolor></selectedcolor>
					<shadowcolor></shadowcolor>
					<align>right</align>
					<label>KJIJA</label>
				</control>			
				<include content ="ListWatchedOverlay">
					<param name="isFocused">true</param>
                    <param name="itemheight">$PARAM[itemheight]</param>
                    <param name="BGposy">$PARAM[BGposy]</param>
				</include>
			</focusedlayout>
		</definition>
	</include>

</includes>
