<?xml version="1.0" encoding="utf-8"?>
<window>
	<defaultcontrol always="true">90001</defaultcontrol>
	<onload>ClearProperty(skinshortcuts-Widget,Home)</onload>
	<onunload>ClearProperty(skinshortcuts-Widget,Home)</onunload>
    <include>ClearWidgetNavProperties1</include>
	<controls>
		<control type="group">
			<visible>String.IsEmpty(Window.Property(additionalDialog))</visible>
			<animation effect="fade" time="250">WindowOpen</animation>
			<animation effect="fade" time="250">WindowClose</animation>
			<control type="image" description="Left Menu background">
				<left>60</left>
				<top>60</top>
				<width>412</width>
				<height>980</height>
				<texture border="45">dialogs/TinyDialog.png</texture>
				<colordiffuse>$VAR[DialogBGColor]</colordiffuse>
			</control>
			<control type="image" description="2/2 Right Menu">
				<left>462</left>
				<top>60</top>
				<width>1419</width>
				<height>980</height>
				<texture border="45">dialogs/TinyDialog.png</texture>
				<colordiffuse>$VAR[DialogBGColor]</colordiffuse>
			</control>
			<!-- Left Content -->
			<control type="label">
				<posx>100</posx>
				<posy>80</posy>
				<textcolor>$VAR[HighlightColor]</textcolor>
				<label>[B]$VAR[SkinShortcutsLeftLabelVar][/B]</label>
			</control>

			<!-- List of Menu/Submenu items -->
			<control type="list" id="211">
				<posx>105</posx>
				<posy>180</posy>
				<width>322</width>
				<height>780</height>

				<onright condition="String.IsEmpty(Window(Home).Property(skinshortcuts-Widget))">90001</onright>
                <onright condition="String.IsEqual(Window(Home).Property(skinshortcuts-Widget),1)">3000</onright>
				<onright condition="String.IsEqual(Window(Home).Property(skinshortcuts-Widget),2)">4000</onright>
				<onright condition="String.IsEqual(Window(Home).Property(skinshortcuts-Widget),3)">5000</onright>
				<onright condition="String.IsEqual(Window(Home).Property(skinshortcuts-Widget),4)">6000</onright>
				<onright condition="String.IsEqual(Window(Home).Property(skinshortcuts-Widget),5)">7000</onright>
				<onright condition="String.IsEqual(Window(Home).Property(skinshortcuts-Widget),6)">8000</onright>                
                
				<itemlayout width="322" height="60">
					<control type="image">
						<width>322</width>
						<height>60</height>
						<texture border="3">buttons/ButtonNF.png</texture>
					</control>
					<control type="label" description="Main Label">
						<posx>10</posx>
						<width>301</width>
						<height>60</height>
                        <font>ListDetails</font>
						<label>$VAR[ShortcutsDisabled]$INFO[ListItem.Label]</label>
					</control>
				</itemlayout>
				<focusedlayout width="322" height="60">
					<control type="image" description="fa overlay">
						<animation effect="fade" start="100" end="40" time="100" condition="!Control.HasFocus(211)">Conditional</animation>
						<width>322</width>
						<height>60</height>
						<texture border="4" colordiffuse="$VAR[HighlightColor]">img/WhiteRoundedST2.png</texture>
					</control>
					<control type="label" description="Main Label">
						<posx>10</posx>
						<width>301</width>
						<height>60</height>
						<textcolor>$VAR[FocusedTextColor]</textcolor>
						<shadowcolor></shadowcolor>
                        <font>ListDetails</font>
						<label>$VAR[ShortcutsDisabled]$INFO[ListItem.Label]</label>
					</control>
				</focusedlayout>
			</control>

			<!-- Right Content -->
			<control type="label">
				<label>[B]$INFO[Control.GetLabel(211)][/B]</label>
				<posx>500</posx>
				<posy>80</posy>
				<textcolor>$VAR[HighlightColor]</textcolor>
			</control>
			<control type="image">
				<visible>ControlGroup(90000).HasFocus</visible>
				<top>180</top>
				<left>500</left>
				<height>60</height>
				<width>1340</width>
				<texture border="4" colordiffuse="$VAR[HighlightColor]">img/WhiteRoundedST2.png</texture>
			</control>
			<control type="image">
				<visible>!ControlGroup(90000).HasFocus</visible>
				<top>180</top>
				<left>500</left>
				<height>60</height>
				<width>1340</width>
				<texture border="3">list/ListNF.png</texture>
			</control>

			<!-- Buttons to add, delete and move menu/submenu items -->
			<control type="grouplist" id="90000">
				<visible>String.IsEmpty(Window(Home).Property(skinshortcuts-Widget))</visible>
				<top>180</top>
				<left>500</left>
				<width>1340</width>
				<height>60</height>
				<onleft>211</onleft>
				<onright>60</onright>
				<onup>308</onup>
				<ondown>401</ondown>
				<orientation>horizontal</orientation>
				<control type="button" id="303">
					<description>Move up</description>
					<texturefocus />
					<texturenofocus />
					<width>75</width>
					<align>center</align>
					<font>Font40_Icon</font>
					<label></label>
				</control>
				<control type="button" id="304">
					<description>Move down</description>
					<texturefocus />
					<texturenofocus />
					<width>75</width>
					<align>center</align>
					<font>Font40_Icon</font>
					<label></label>
				</control>
				<control type="button" id="301">
					<description>Add shortcut</description>
					<texturefocus />
					<texturenofocus />
					<width>75</width>
					<align>center</align>
					<font>Font40_Icon</font>
					<label></label>
				</control>
				<control type="button" id="302">
					<description>Delete shortcut</description>
					<texturefocus />
					<texturenofocus />
					<width>75</width>
					<align>center</align>
					<font>Font40_Icon</font>
					<label></label>
				</control>
				<control type="label">
					<width>16</width>
				</control>
				<control type="label">
					<label>$VAR[SkinShortcutLabelVar]</label>
					<textcolor>$VAR[FocusedTextColor]</textcolor>
				</control>
			</control>

			<!-- Buttons to configure each menu/submenu item -->
			<control type="grouplist" id="90001">
				<visible>String.IsEmpty(Window(Home).Property(skinshortcuts-Widget))</visible>
				<top>240</top>
				<left>500</left>
				<width>1340</width>
				<height>670</height>
				<onleft>211</onleft>
				<onright>60</onright>
				<onup>90000</onup>
				<ondown>90000</ondown>
				<pagecontrol>60</pagecontrol>

				<control type="togglebutton" id="313" description="Enable/Disable">
					<label>$LOCALIZE[24022]</label>
					<altlabel>$LOCALIZE[24021]</altlabel>
					<usealttexture>!String.IsEqual(Container(211).ListItem.Property(skinshortcuts-disabled),True)</usealttexture>
					<height>60</height>
					<width>1340</width>
					<texturenofocus border="3">buttons/ButtonNF.png</texturenofocus>
					<font>ListDetails</font>
				</control>
				<control type="button" id="401">
					<description>Choose shortcut</description>
					<label>$ADDON[script.skinshortcuts 32048]</label>
					<height>60</height>
					<width>1340</width>
					<texturenofocus border="3">buttons/ButtonNF.png</texturenofocus>
					<font>ListDetails</font>
					<visible>!String.IsEqual(Container(211).ListItem.Property(skinshortcuts-disabled),True)</visible>
				</control>
				<control type="button" id="305">
					<description>Change label</description>
					<label>$ADDON[script.skinshortcuts 32025]</label>
					<label2>$INFO[Container(211).ListItem.Label]</label2>
					<height>60</height>
					<width>1340</width>
					<texturenofocus border="3">buttons/ButtonNF.png</texturenofocus>
					<font>ListDetails</font>
					<visible>!String.IsEqual(Container(211).ListItem.Property(skinshortcuts-disabled),True)</visible>
				</control>
				<control type="button" id="306">
					<description>Change icon</description>
					<label>$ADDON[script.skinshortcuts 32026]</label>
					<label2>$INFO[Container(211).ListItem.Icon]</label2>
					<height>60</height>
					<width>1340</width>
					<texturenofocus border="3">buttons/ButtonNF.png</texturenofocus>
					<font>ListDetails</font>
					<visible>!String.IsEqual(Window.Property(groupname),mainmenu)</visible>
					<visible>!String.IsEqual(Container(211).ListItem.Property(skinshortcuts-disabled),True)</visible>
				</control>
				<control type="button" id="307">
					<description>Change action</description>
					<label>$ADDON[script.skinshortcuts 32027]</label>
					<label2>$INFO[Container(211).ListItem.Property(displaypath)]</label2>
					<height>60</height>
					<width>1340</width>
					<texturenofocus border="3">buttons/ButtonNF.png</texturenofocus>
					<font>ListDetails</font>
					<visible>!String.IsEqual(Container(211).ListItem.Property(skinshortcuts-disabled),True)</visible>
				</control>
				<control type="button" id="405">
					<description>Edit submenu</description>
					<label>$ADDON[script.skinshortcuts 32072]</label>
					<visible>String.IsEqual(Window.Property(groupname),mainmenu)</visible>
					<height>60</height>
					<width>1340</width>
					<texturenofocus border="3">buttons/ButtonNF.png</texturenofocus>
					<font>ListDetails</font>
					<visible>!String.IsEqual(Container(211).ListItem.Property(skinshortcuts-disabled),True)</visible>
				</control>
				<control type="button" id="310">
					<description>Background</description>
					<label>$ADDON[script.skinshortcuts 32045]</label>
					<label2>$INFO[Container(211).ListItem.Property(background)]</label2>
<!--					<visible>String.IsEqual(Window.Property(groupname),mainmenu)</visible> -->
					<height>60</height>
					<width>1340</width>
					<texturenofocus border="3">buttons/ButtonNF.png</texturenofocus>
					<font>ListDetails</font>
					<visible>!String.IsEqual(Container(211).ListItem.Property(skinshortcuts-disabled),True)</visible>
				</control>
				<control type="button" id="500">
					<visible>String.IsEqual(Window.Property(groupname),mainmenu)</visible>
					<description>Choose infoline</description>
					<label>$LOCALIZE[31417]</label>
					<label2>$VAR[InfoLineLabel]</label2>
					<onclick>SetProperty(chooseProperty,InfoLine)</onclick>
					<onclick>SendClick(404)</onclick>
					<height>60</height>
					<width>1340</width>
					<texturenofocus border="3">buttons/ButtonNF.png</texturenofocus>
					<font>ListDetails</font>
					<visible>!String.IsEqual(Container(211).ListItem.Property(skinshortcuts-disabled),True) + Skin.HasSetting(ShowInfoLine)</visible>
				</control>
				<control type="radiobutton" id="807">
					<label>$LOCALIZE[32258]</label>
					<onclick condition="!String.IsEmpty(Container(211).ListItem.Property(EHPlaylistFanart))">SetProperty(customProperty,EHPlaylistFanart)</onclick>
					<onclick condition="String.IsEqual(Container(211).ListItem.Property(EHPlaylistFanart),true)">SetProperty(customProperty,EHPlaylistFanart)</onclick>
					<onclick condition="String.IsEqual(Container(211).ListItem.Property(EHPlaylistFanart),false)">SetProperty(customValue,true)</onclick>
					<onclick>SendClick(404)</onclick>
					<selected>String.IsEqual(Container(211).ListItem.Property(EHPlaylistFanart),true)</selected>
					<height>60</height>
					<width>1340</width>
					<texturenofocus border="3">buttons/ButtonNF.png</texturenofocus>
					<font>ListDetails</font>
					<visible>[String.Contains(Container(211).ListItem.Property(path),xsp) | String.Contains(Container(211).ListItem.Property(path),playlists)] | 
					         [String.Contains(Container(211).ListItem.Property(path),xml)]</visible>
					<visible>System.HasAddon(script.embuary.helper) + Skin.HasSetting(UseEHBackgrounds)</visible>
					<visible>!String.IsEqual(Container(211).ListItem.Property(skinshortcuts-disabled),True)</visible>
				</control>
				<control type="button" id="808">
					<visible>[String.Contains(Container(211).ListItem.Property(path),xsp) | String.Contains(Container(211).ListItem.Property(path),playlists)] | 
					         [String.Contains(Container(211).ListItem.Property(path),xml)]</visible>
					<visible>!String.IsEqual(Container(211).ListItem.Property(skinshortcuts-disabled),True)</visible>
					<label>$LOCALIZE[31603]</label>
					<label2>$INFO[Container(211).ListItem.Property(playlistFanartLimit)]</label2>
					<height>60</height>
					<width>1340</width>
					<texturenofocus border="3">buttons/ButtonNF.png</texturenofocus>
					<font>ListDetails</font>
				</control>
				<control type="radiobutton" id="806">
					<visible>String.IsEqual(Window.Property(groupname),mainmenu) + !Skin.HasSetting(Hide.AllShelves) + String.IsEqual(Container(211).ListItem.Property(widgetThreeShelves),false)</visible>
					<label>$LOCALIZE[32053]</label>
					<onclick condition="!String.IsEmpty(Container(211).ListItem.Property(widgetTwoShelves))">SetProperty(customProperty,widgetTwoShelves)</onclick>
					<onclick condition="String.IsEqual(Container(211).ListItem.Property(widgetTwoShelves),true)">SetProperty(customProperty,widgetTwoShelves)</onclick>
					<onclick condition="String.IsEqual(Container(211).ListItem.Property(widgetTwoShelves),false)">SetProperty(customValue,true)</onclick>
					<onclick>SendClick(404)</onclick>
					<selected>String.IsEqual(Container(211).ListItem.Property(widgetTwoShelves),true)</selected>
					<height>60</height>
					<width>1340</width>
					<texturenofocus border="3">buttons/ButtonNF.png</texturenofocus>
					<font>ListDetails</font>
					<visible>!String.IsEqual(Container(211).ListItem.Property(skinshortcuts-disabled),True)</visible>
				</control>
				<control type="radiobutton" id="809">
					<visible>String.IsEqual(Window.Property(groupname),mainmenu) + !Skin.HasSetting(Hide.AllShelves) + String.IsEqual(Container(211).ListItem.Property(widgetTwoShelves),false)</visible>
					<label>$LOCALIZE[32268]</label>
					<onclick condition="!String.IsEmpty(Container(211).ListItem.Property(widgetThreeShelves))">SetProperty(customProperty,widgetThreeShelves)</onclick>
					<onclick condition="String.IsEqual(Container(211).ListItem.Property(widgetThreeShelves),true)">SetProperty(customProperty,widgetThreeShelves)</onclick>
					<onclick condition="String.IsEqual(Container(211).ListItem.Property(widgetThreeShelves),false)">SetProperty(customValue,true)</onclick>
					<onclick>SendClick(404)</onclick>
					<selected>String.IsEqual(Container(211).ListItem.Property(widgetThreeShelves),true)</selected>
					<height>60</height>
					<width>1340</width>
					<texturenofocus border="3">buttons/ButtonNF.png</texturenofocus>
					<font>ListDetails</font>
					<visible>!String.IsEqual(Container(211).ListItem.Property(skinshortcuts-disabled),True)</visible>
				</control>
				<control type="radiobutton" id="810">
					<visible>String.IsEqual(Window.Property(groupname),mainmenu) + !Skin.HasSetting(Hide.AllShelves) + 
							 [[Skin.HasSetting(ShowInfoLine) + Skin.HasSetting(ShowInfoLineShelf)] | !Skin.HasSetting(ShowInfoLine)]</visible>
					<label>$LOCALIZE[32277]</label>
					<onclick condition="!String.IsEmpty(Container(211).ListItem.Property(widgetThreeShelvesLarge))">SetProperty(customProperty,widgetThreeShelvesLarge)</onclick>
					<onclick condition="String.IsEqual(Container(211).ListItem.Property(widgetThreeShelvesLarge),true)">SetProperty(customProperty,widgetThreeShelvesLarge)</onclick>
					<onclick condition="String.IsEqual(Container(211).ListItem.Property(widgetThreeShelvesLarge),false)">SetProperty(customValue,true)</onclick>
					<onclick>SendClick(404)</onclick>
					<selected>String.IsEqual(Container(211).ListItem.Property(widgetThreeShelvesLarge),true)</selected>
					<height>60</height>
					<width>1340</width>
					<texturenofocus border="3">buttons/ButtonNF.png</texturenofocus>
					<font>ListDetails</font>
					<visible>!String.IsEqual(Container(211).ListItem.Property(skinshortcuts-disabled),True)</visible>
				</control>
				<control type="button" id="811">
					<visible>String.IsEqual(Window.Property(groupname),mainmenu) + !Skin.HasSetting(Hide.AllShelves)</visible>
					<label>$LOCALIZE[31609]</label>
					<label2>$VAR[WidgetPosLabelVar]</label2>
					<height>60</height>
					<width>1340</width>
					<texturenofocus border="3">buttons/ButtonNF.png</texturenofocus>
					<font>ListDetails</font>
					<visible>!String.IsEqual(Container(211).ListItem.Property(skinshortcuts-disabled),True)</visible>
				</control>
				<control type="button" id="800">
					<visible>String.IsEqual(Window.Property(groupname),mainmenu) + !Skin.HasSetting(Hide.AllShelves)</visible>
					<description>Widget</description>
					<label>$LOCALIZE[31491] 1</label>
					<label2>$INFO[Container(211).ListItem.Property(widgetName)]</label2>
					<onfocus condition="!String.IsEmpty(Window(Home).Property(skinshortcuts-Widget))">ClearProperty(skinshortcuts-Widget,Home)</onfocus>
					<onclick>SetProperty(skinshortcuts-Widget,1,Home)</onclick>
					<onclick>Control.SetFocus(312)</onclick>
					<height>60</height>
					<width>1340</width>
					<texturenofocus border="3">buttons/ButtonNF.png</texturenofocus>
					<font>ListDetails</font>
					<visible>!String.IsEqual(Container(211).ListItem.Property(skinshortcuts-disabled),True)</visible>
				</control>
				<control type="button" id="406">
					<description>Setup custom shelf 1</description>
					<height>60</height>
					<width>1340</width>
					<texturenofocus border="3">buttons/ButtonNF.png</texturenofocus>
					<font>ListDetails</font>
					<label>   - $LOCALIZE[32269] 1</label>
					<visible>String.IsEqual(Window.Property(groupname),mainmenu) + String.IsEqual(Container(211).ListItem.Property(widgetType),custom)</visible>
				</control>
				<control type="button" id="801">
					<visible>String.IsEqual(Window.Property(groupname),mainmenu) + !Skin.HasSetting(Hide.AllShelves) + !String.IsEmpty(Container(211).ListItem.Property(widgetPath))</visible>
					<description>Widget 2</description>
					<label>$LOCALIZE[31491] 2</label>
					<label2>$INFO[Container(211).ListItem.Property(widgetName.2)]</label2>
					<onfocus condition="!String.IsEmpty(Window(Home).Property(skinshortcuts-Widget))">ClearProperty(skinshortcuts-Widget,Home)</onfocus>
					<onclick>SetProperty(skinshortcuts-Widget,2,Home)</onclick>
					<onclick>Control.SetFocus(4312)</onclick>
					<height>60</height>
					<width>1340</width>
					<texturenofocus border="3">buttons/ButtonNF.png</texturenofocus>
					<font>ListDetails</font>
					<visible>!String.IsEqual(Container(211).ListItem.Property(skinshortcuts-disabled),True)</visible>
				</control>
				<control type="button" id="407">
					<description>Setup custom shelf 2</description>
					<height>60</height>
					<width>1340</width>
					<texturenofocus border="3">buttons/ButtonNF.png</texturenofocus>
					<font>ListDetails</font>
					<label>   - $LOCALIZE[32269] 2</label>
					<visible>String.IsEqual(Window.Property(groupname),mainmenu) + String.IsEqual(Container(211).ListItem.Property(widgetType.2),custom) + !String.IsEmpty(Container(211).ListItem.Property(widgetPath))</visible>
				</control>
				<control type="button" id="802">
					<visible>String.IsEqual(Window.Property(groupname),mainmenu) + !Skin.HasSetting(Hide.AllShelves) + String.IsEqual(Container(211).ListItem.Property(widgetTwoShelves),false) + 
                             !String.IsEmpty(Container(211).ListItem.Property(widgetPath)) + 
                             !String.IsEmpty(Container(211).ListItem.Property(widgetPath.2))</visible>
					<description>Widget 3</description>
					<label>$LOCALIZE[31491] 3</label>
					<label2>$INFO[Container(211).ListItem.Property(widgetName.3)]</label2>
					<onfocus condition="!String.IsEmpty(Window(Home).Property(skinshortcuts-Widget))">ClearProperty(skinshortcuts-Widget,Home)</onfocus>
					<onclick>SetProperty(skinshortcuts-Widget,3,Home)</onclick>
					<onclick>Control.SetFocus(5312)</onclick>
					<height>60</height>
					<width>1340</width>
					<texturenofocus border="3">buttons/ButtonNF.png</texturenofocus>
					<font>ListDetails</font>
					<visible>!String.IsEqual(Container(211).ListItem.Property(skinshortcuts-disabled),True)</visible>
				</control>
				<control type="button" id="408">
					<description>Setup custom shelf 3</description>
					<height>60</height>
					<width>1340</width>
					<texturenofocus border="3">buttons/ButtonNF.png</texturenofocus>
					<font>ListDetails</font>
					<label>   - $LOCALIZE[32269] 3</label>
					<visible>String.IsEqual(Window.Property(groupname),mainmenu) + String.IsEqual(Container(211).ListItem.Property(widgetType.3),custom) + 
					         String.IsEqual(Container(211).ListItem.Property(widgetTwoShelves),false) + 
							 !String.IsEmpty(Container(211).ListItem.Property(widgetPath)) + 
                             !String.IsEmpty(Container(211).ListItem.Property(widgetPath.2))</visible>
				</control>
				<control type="button" id="803">
					<visible>String.IsEqual(Window.Property(groupname),mainmenu) + !Skin.HasSetting(Hide.AllShelves) + String.IsEqual(Container(211).ListItem.Property(widgetTwoShelves),false) + 
                             String.IsEqual(Container(211).ListItem.Property(widgetThreeShelves),false) + 
							 !String.IsEmpty(Container(211).ListItem.Property(widgetPath)) + 
                             !String.IsEmpty(Container(211).ListItem.Property(widgetPath.2)) + 
                             !String.IsEmpty(Container(211).ListItem.Property(widgetPath.3))</visible>
					<description>Widget 4</description>
					<label>$LOCALIZE[31491] 4</label>
					<label2>$INFO[Container(211).ListItem.Property(widgetName.4)]</label2>
					<onfocus condition="!String.IsEmpty(Window(Home).Property(skinshortcuts-Widget))">ClearProperty(skinshortcuts-Widget,Home)</onfocus>
					<onclick>SetProperty(skinshortcuts-Widget,4,Home)</onclick>
					<onclick>Control.SetFocus(6312)</onclick>
					<height>60</height>
					<width>1340</width>
					<texturenofocus border="3">buttons/ButtonNF.png</texturenofocus>
					<font>ListDetails</font>
					<visible>!String.IsEqual(Container(211).ListItem.Property(skinshortcuts-disabled),True)</visible>
				</control>
				<control type="button" id="409">
					<description>Setup custom shelf 4</description>
					<height>60</height>
					<width>1340</width>
					<texturenofocus border="3">buttons/ButtonNF.png</texturenofocus>
					<font>ListDetails</font>
					<label>   - $LOCALIZE[32269] 4</label>
					<visible>String.IsEqual(Window.Property(groupname),mainmenu) + String.IsEqual(Container(211).ListItem.Property(widgetType.4),custom) + 
					         String.IsEqual(Container(211).ListItem.Property(widgetTwoShelves),false) + 
                             String.IsEqual(Container(211).ListItem.Property(widgetThreeShelves),false) + 
							 !String.IsEmpty(Container(211).ListItem.Property(widgetPath)) + 
                             !String.IsEmpty(Container(211).ListItem.Property(widgetPath.2)) + 
                             !String.IsEmpty(Container(211).ListItem.Property(widgetPath.3))</visible>
				</control>
				<control type="button" id="804">
					<visible>String.IsEqual(Window.Property(groupname),mainmenu) + !Skin.HasSetting(Hide.AllShelves) + String.IsEqual(Container(211).ListItem.Property(widgetTwoShelves),false) + 
                             String.IsEqual(Container(211).ListItem.Property(widgetThreeShelves),false) + 
							 !String.IsEmpty(Container(211).ListItem.Property(widgetPath)) + 
                             !String.IsEmpty(Container(211).ListItem.Property(widgetPath.2)) + 
                             !String.IsEmpty(Container(211).ListItem.Property(widgetPath.3)) + 
                             !String.IsEmpty(Container(211).ListItem.Property(widgetPath.4))</visible>
					<description>Widget 5</description>
					<label>$LOCALIZE[31491] 5</label>
					<label2>$INFO[Container(211).ListItem.Property(widgetName.5)]</label2>
					<onfocus condition="!String.IsEmpty(Window(Home).Property(skinshortcuts-Widget))">ClearProperty(skinshortcuts-Widget,Home)</onfocus>
					<onclick>SetProperty(skinshortcuts-Widget,5,Home)</onclick>
					<onclick>Control.SetFocus(7312)</onclick>
					<height>60</height>
					<width>1340</width>
					<texturenofocus border="3">buttons/ButtonNF.png</texturenofocus>
					<font>ListDetails</font>
					<visible>!String.IsEqual(Container(211).ListItem.Property(skinshortcuts-disabled),True)</visible>
				</control>
				<control type="button" id="410">
					<description>Setup custom shelf 5</description>
					<height>60</height>
					<width>1340</width>
					<texturenofocus border="3">buttons/ButtonNF.png</texturenofocus>
					<font>ListDetails</font>
					<label>   - $LOCALIZE[32269] 5</label>
					<visible>String.IsEqual(Window.Property(groupname),mainmenu) + String.IsEqual(Container(211).ListItem.Property(widgetType.5),custom) + 
					         String.IsEqual(Container(211).ListItem.Property(widgetTwoShelves),false) + String.IsEqual(Container(211).ListItem.Property(widgetThreeShelves),false) + 
							 !String.IsEmpty(Container(211).ListItem.Property(widgetPath)) + 
                             !String.IsEmpty(Container(211).ListItem.Property(widgetPath.2)) + 
                             !String.IsEmpty(Container(211).ListItem.Property(widgetPath.3)) + 
                             !String.IsEmpty(Container(211).ListItem.Property(widgetPath.4))</visible>
				</control>
				<control type="button" id="805">
					<visible>String.IsEqual(Window.Property(groupname),mainmenu) + !Skin.HasSetting(Hide.AllShelves) + String.IsEqual(Container(211).ListItem.Property(widgetTwoShelves),false) + 
                             String.IsEqual(Container(211).ListItem.Property(widgetThreeShelves),false) + 
							 !String.IsEmpty(Container(211).ListItem.Property(widgetPath)) + 
                             !String.IsEmpty(Container(211).ListItem.Property(widgetPath.2)) + 
                             !String.IsEmpty(Container(211).ListItem.Property(widgetPath.3)) + 
                             !String.IsEmpty(Container(211).ListItem.Property(widgetPath.4)) + 
                             !String.IsEmpty(Container(211).ListItem.Property(widgetPath.5))</visible>
					<description>Widget 6</description>
					<label>$LOCALIZE[31491] 6</label>
					<label2>$INFO[Container(211).ListItem.Property(widgetName.6)]</label2>
					<onfocus condition="!String.IsEmpty(Window(Home).Property(skinshortcuts-Widget))">ClearProperty(skinshortcuts-Widget,Home)</onfocus>
					<onclick>SetProperty(skinshortcuts-Widget,6,Home)</onclick>
					<onclick>Control.SetFocus(8312)</onclick>
					<height>60</height>
					<width>1340</width>
					<texturenofocus border="3">buttons/ButtonNF.png</texturenofocus>
					<font>ListDetails</font>
					<visible>!String.IsEqual(Container(211).ListItem.Property(skinshortcuts-disabled),True)</visible>
				</control>
				<control type="radiobutton" id="904">
					<visible>String.IsEqual(Window.Property(groupname),mainmenu) + !Skin.HasSetting(Hide.AllShelves)</visible>
					<visible>!String.IsEqual(Container(211).ListItem.Property(skinshortcuts-disabled),True)</visible>
					<description>Disable widgets fanart</description>
					<label>$LOCALIZE[31483]</label>
					<onclick condition="!String.IsEmpty(Container(211).ListItem.Property(widgetsHide))">SetProperty(customProperty,widgetsHide)</onclick>
					<onclick condition="String.IsEmpty(Container(211).ListItem.Property(widgetsHide))">SetProperty(customProperty,widgetsHide)</onclick>
					<onclick condition="String.IsEmpty(Container(211).ListItem.Property(widgetsHide))">SetProperty(customValue,true)</onclick>
					<onclick>SendClick(404)</onclick>
					<selected>!String.IsEmpty(Container(211).ListItem.Property(widgetsHide))</selected>
					<height>60</height>
					<width>1340</width>
					<texturenofocus border="3">buttons/ButtonNF.png</texturenofocus>
					<font>ListDetails</font>
                </control>    
				<control type="radiobutton" id="903">
					<visible>String.IsEqual(Window.Property(groupname),mainmenu) + !Skin.HasSetting(Hide.AllShelves)</visible>
					<visible>!String.IsEqual(Container(211).ListItem.Property(skinshortcuts-disabled),True)</visible>
					<description>Disable widgets fanart</description>
					<label>$LOCALIZE[31484]</label>
					<onclick condition="!String.IsEmpty(Container(211).ListItem.Property(widgetDisableFanart))">SetProperty(customProperty,widgetDisableFanart)</onclick>
					<onclick condition="String.IsEmpty(Container(211).ListItem.Property(widgetDisableFanart))">SetProperty(customProperty,widgetDisableFanart)</onclick>
					<onclick condition="String.IsEmpty(Container(211).ListItem.Property(widgetDisableFanart))">SetProperty(customValue,true)</onclick>
					<onclick>SendClick(404)</onclick>
					<selected>!String.IsEmpty(Container(211).ListItem.Property(widgetDisableFanart))</selected>
					<height>60</height>
					<width>1340</width>
					<texturenofocus border="3">buttons/ButtonNF.png</texturenofocus>
					<font>ListDetails</font>
				</control>
				<control type="radiobutton" id="900">
					<visible>String.IsEqual(Window.Property(groupname),mainmenu)</visible>
					<visible>!String.IsEqual(Container(211).ListItem.Property(skinshortcuts-disabled),True) + String.IsEmpty(Container(211).ListItem.Property(widgetRecordingRadio))</visible>
					<description>Enable PVR TV Recording widget</description>
					<label>$LOCALIZE[31485]</label>
					<onclick condition="!String.IsEmpty(Container(211).ListItem.Property(widgetRecordingTV))">SetProperty(customProperty,widgetRecordingTV)</onclick>
					<onclick condition="String.IsEmpty(Container(211).ListItem.Property(widgetRecordingTV))">SetProperty(customProperty,widgetRecordingTV)</onclick>
					<onclick condition="String.IsEmpty(Container(211).ListItem.Property(widgetRecordingTV))">SetProperty(customValue,true)</onclick>
					<onclick>SendClick(404)</onclick>
					<selected>!String.IsEmpty(Container(211).ListItem.Property(widgetRecordingTV))</selected>
					<height>60</height>
					<width>1340</width>
					<texturenofocus border="3">buttons/ButtonNF.png</texturenofocus>
					<font>ListDetails</font>
				</control>
				<control type="radiobutton" id="901">
					<visible>String.IsEqual(Window.Property(groupname),mainmenu)</visible>
					<visible>!String.IsEqual(Container(211).ListItem.Property(skinshortcuts-disabled),True) + String.IsEmpty(Container(211).ListItem.Property(widgetRecordingTV))</visible>
					<description>Enable PVR Radio Recording widget</description>
					<label>$LOCALIZE[31486]</label>
					<onclick condition="!String.IsEmpty(Container(211).ListItem.Property(widgetRecordingRadio))">SetProperty(customProperty,widgetRecordingRadio)</onclick>
					<onclick condition="String.IsEmpty(Container(211).ListItem.Property(widgetRecordingRadio))">SetProperty(customProperty,widgetRecordingRadio)</onclick>
					<onclick condition="String.IsEmpty(Container(211).ListItem.Property(widgetRecordingRadio))">SetProperty(customValue,true)</onclick>
					<onclick>SendClick(404)</onclick>
					<selected>!String.IsEmpty(Container(211).ListItem.Property(widgetRecordingRadio))</selected>
					<height>60</height>
					<width>1340</width>
					<texturenofocus border="3">buttons/ButtonNF.png</texturenofocus>
					<font>ListDetails</font>
				</control>
				<control type="button" id="308">
					<description>Restore shortcuts</description>
					<label>$ADDON[script.skinshortcuts 32028]</label>
					<height>60</height>
					<width>1340</width>
					<texturenofocus border="3">buttons/ButtonNF.png</texturenofocus>
					<font>ListDetails</font>
					<visible>!String.IsEqual(Container(211).ListItem.Property(skinshortcuts-disabled),True)</visible>
				</control>
			</control>
		</control>

		<!-- Widget 1 settings -->
		<control type="group">
			<visible>String.IsEqual(Window(Home).Property(skinshortcuts-Widget),1)</visible>
			<control type="button" id="3100">
				<left>425</left>
				<width>1395</width>
				<height>100%</height>
				<onclick>back</onclick>
				<texturefocus />
				<texturenofocus />
			</control>
			<control type="grouplist" id="3000">
				<top>240</top>
				<left>500</left>
				<width>1340</width>
				<height>670</height>
				<onleft>211</onleft>
				<onright>60</onright>
				<onup>3000</onup>
				<ondown>3000</ondown>
				<pagecontrol>60</pagecontrol>
				<control type="button" id="312">
					<label>$LOCALIZE[31491] 1</label>
					<label2>$INFO[Container(211).ListItem.Property(widgetName)]</label2>
					<height>60</height>
					<width>1340</width>
					<texturenofocus border="3">buttons/ButtonNF.png</texturenofocus>
					<font>ListDetails</font>
					<onunfocus condition="String.IsEmpty(Container(211).ListItem.Property(widgetPath))">SetProperty(customProperty,widgetDouble)</onunfocus>
					<onunfocus condition="String.IsEmpty(Container(211).ListItem.Property(widgetPath))">SetProperty(customValue,false)</onunfocus>
					<onunfocus condition="String.IsEmpty(Container(211).ListItem.Property(widgetPath))">SendClick(404)</onunfocus>
					<onunfocus condition="String.IsEmpty(Container(211).ListItem.Property(widgetPath))">SetProperty(customProperty,widgetTriple)</onunfocus>
					<onunfocus condition="String.IsEmpty(Container(211).ListItem.Property(widgetPath))">SetProperty(customValue,false)</onunfocus>
					<onunfocus condition="String.IsEmpty(Container(211).ListItem.Property(widgetPath))">SendClick(404)</onunfocus>
				</control>
				<control type="button" id="3001">
					<visible>!String.IsEmpty(Container(211).ListItem.Property(widgetPath)) + String.IsEqual(Container(211).ListItem.Property(widgetContent),default)</visible>
					<label>$LOCALIZE[31610]</label>
					<label2>$VAR[Widget1ArtLabelVar]</label2>
					<height>60</height>
					<width>1340</width>
					<texturenofocus border="3">buttons/ButtonNF.png</texturenofocus>
					<font>ListDetails</font>
				</control>
				<control type="radiobutton" id="3007">
					<visible>!String.IsEmpty(Container(211).ListItem.Property(widgetPath)) + String.IsEqual(Container(211).ListItem.Property(widgetContent),default) + 
					         [String.IsEqual(Container(211).ListItem.Property(widgetArtwork),Poster) | String.IsEqual(Container(211).ListItem.Property(widgetArtwork),FanArt) | String.IsEqual(Container(211).ListItem.Property(widgetArtwork),Thumb)]</visible>
					<label>$LOCALIZE[31615]</label>
					<onclick condition="!String.IsEmpty(Container(211).ListItem.Property(widgetPosterLabel))">SetProperty(customProperty,widgetPosterLabel)</onclick>
					<onclick condition="String.IsEqual(Container(211).ListItem.Property(widgetPosterLabel),true)">SetProperty(customProperty,widgetPosterLabel)</onclick>
					<onclick condition="String.IsEqual(Container(211).ListItem.Property(widgetPosterLabel),false)">SetProperty(customValue,true)</onclick>
					<onclick>SendClick(404)</onclick>
					<selected>!String.IsEqual(Container(211).ListItem.Property(widgetPosterLabel),false)</selected>
					<height>60</height>
					<width>1340</width>
					<texturenofocus border="3">buttons/ButtonNF.png</texturenofocus>
					<font>ListDetails</font>
				</control>
				<control type="radiobutton" id="3002">
					<visible>!String.IsEmpty(Container(211).ListItem.Property(widgetPath)) + [[String.IsEqual(Container(211).ListItem.Property(widgetTwoShelves),false) + 
					         String.IsEqual(Container(211).ListItem.Property(widgetThreeShelves),false) + String.IsEqual(Container(211).ListItem.Property(widgetTriple),false)] | 
							 [!String.IsEmpty(Container(211).ListItem.Property(widgetDouble)) + String.IsEqual(Container(211).ListItem.Property(widgetTriple),false)]]</visible>
					<label>$LOCALIZE[31046]</label>
					<onclick condition="!String.IsEmpty(Container(211).ListItem.Property(widgetDouble))">SetProperty(customProperty,widgetDouble)</onclick>
					<onclick condition="String.IsEqual(Container(211).ListItem.Property(widgetDouble),true)">SetProperty(customProperty,widgetDouble)</onclick>
					<onclick condition="String.IsEqual(Container(211).ListItem.Property(widgetDouble),false)">SetProperty(customValue,true)</onclick>
					<onclick>SendClick(404)</onclick>
					<selected>!String.IsEqual(Container(211).ListItem.Property(widgetDouble),false)</selected>
					<height>60</height>
					<width>1340</width>
					<texturenofocus border="3">buttons/ButtonNF.png</texturenofocus>
					<font>ListDetails</font>
				</control>
				<control type="radiobutton" id="3006">
					<visible>!String.IsEmpty(Container(211).ListItem.Property(widgetPath)) + [[String.IsEqual(Container(211).ListItem.Property(widgetTwoShelves),false) + 
					         String.IsEqual(Container(211).ListItem.Property(widgetThreeShelves),false) + String.IsEqual(Container(211).ListItem.Property(widgetDouble),false)] | 
							 [!String.IsEmpty(Container(211).ListItem.Property(widgetTriple)) + String.IsEqual(Container(211).ListItem.Property(widgetDouble),false)]]</visible>
					<label>$LOCALIZE[31045]</label>
					<onclick condition="!String.IsEmpty(Container(211).ListItem.Property(widgetTriple))">SetProperty(customProperty,widgetTriple)</onclick>
					<onclick condition="String.IsEqual(Container(211).ListItem.Property(widgetTriple),true)">SetProperty(customProperty,widgetTriple)</onclick>
					<onclick condition="String.IsEqual(Container(211).ListItem.Property(widgetTriple),false)">SetProperty(customValue,true)</onclick>
					<onclick>SendClick(404)</onclick>
					<selected>!String.IsEqual(Container(211).ListItem.Property(widgetTriple),false)</selected>
					<height>60</height>
					<width>1340</width>
					<texturenofocus border="3">buttons/ButtonNF.png</texturenofocus>
					<font>ListDetails</font>
				</control>
				<control type="button" id="3003">
					<visible>!String.IsEmpty(Container(211).ListItem.Property(widgetPath)) + !String.IsEqual(Container(211).ListItem.Property(widget),static) + 
					         !String.IsEqual(Container(211).ListItem.Property(widgetType),custom)</visible>
					<label>$LOCALIZE[31480]</label>
					<label2>$VAR[Widget1SortMethodLabelVar]</label2>
					<height>60</height>
					<width>1340</width>
					<texturenofocus border="3">buttons/ButtonNF.png</texturenofocus>
					<font>ListDetails</font>
				</control>
				<control type="button" id="3004">
					<visible>!String.IsEmpty(Container(211).ListItem.Property(widgetPath)) + !String.IsEmpty(Container(211).ListItem.Property(widgetSortBy)) + 
					         ![String.IsEqual(Container(211).ListItem.Property(widgetSortBy),random) | String.IsEqual(Container(211).ListItem.Property(widgetSortBy),playlistorder)] + 
							 !String.IsEqual(Container(211).ListItem.Property(widget),static) + !String.IsEqual(Container(211).ListItem.Property(widgetType),custom)</visible>
					<label>$LOCALIZE[31481]</label>
					<label2>$VAR[Widget1SortOrderLabelVar]</label2>
					<height>60</height>
					<width>1340</width>
					<texturenofocus border="3">buttons/ButtonNF.png</texturenofocus>
					<font>ListDetails</font>
				</control>
				<control type="button" id="3005">
					<visible>!String.IsEmpty(Container(211).ListItem.Property(widgetPath)) + !String.IsEqual(Container(211).ListItem.Property(widget),static) + 
					         !String.IsEqual(Container(211).ListItem.Property(widgetType),custom)</visible>
					<label>$LOCALIZE[31482]</label>
					<label2>$INFO[Container(211).ListItem.Property(widgetLimit)]</label2>
					<height>60</height>
					<width>1340</width>
					<texturenofocus border="3">buttons/ButtonNF.png</texturenofocus>
					<font>ListDetails</font>
				</control>
			</control>
		</control>

		<!-- Widget 2 settings -->
		<control type="group">
			<visible>String.IsEqual(Window(Home).Property(skinshortcuts-Widget),2)</visible>
			<control type="button" id="4100">
				<left>425</left>
				<width>1395</width>
				<height>100%</height>
				<onclick>back</onclick>
				<texturefocus />
				<texturenofocus />
			</control>
			<control type="grouplist" id="4000">
				<top>240</top>
				<left>500</left>
				<width>1340</width>
				<height>670</height>
				<onleft>211</onleft>
				<onright>60</onright>
				<onup>4000</onup>
				<ondown>4000</ondown>
				<pagecontrol>60</pagecontrol>
				<control type="button" id="4312">
					<label>$LOCALIZE[31491] 2</label>
					<label2>$INFO[Container(211).ListItem.Property(widgetName.2)]</label2>
					<onclick>SetProperty(widgetID,2)</onclick>
					<onclick>SendClick(312)</onclick>
					<onunfocus condition="String.IsEmpty(Container(211).ListItem.Property(widgetPath.2))">SetProperty(customProperty,widgetDouble.2)</onunfocus>
					<onunfocus condition="String.IsEmpty(Container(211).ListItem.Property(widgetPath.2))">SetProperty(customValue,false)</onunfocus>
					<onunfocus condition="String.IsEmpty(Container(211).ListItem.Property(widgetPath.2))">SendClick(404)</onunfocus>
					<onunfocus condition="String.IsEmpty(Container(211).ListItem.Property(widgetPath.2))">SetProperty(customProperty,widgetTriple.2)</onunfocus>
					<onunfocus condition="String.IsEmpty(Container(211).ListItem.Property(widgetPath.2))">SetProperty(customValue,false)</onunfocus>
					<onunfocus condition="String.IsEmpty(Container(211).ListItem.Property(widgetPath.2))">SendClick(404)</onunfocus>
					<height>60</height>
					<width>1340</width>
					<texturenofocus border="3">buttons/ButtonNF.png</texturenofocus>
					<font>ListDetails</font>
				</control>
				<control type="button" id="4001">
				    <visible>!String.IsEmpty(Container(211).ListItem.Property(widgetPath.2)) + String.IsEqual(Container(211).ListItem.Property(widgetContent.2),default)</visible>
				    <label>$LOCALIZE[31610]</label>
				    <label2>$VAR[Widget2ArtLabelVar]</label2>
				    <height>60</height>
				    <width>1340</width>
				    <texturenofocus border="3">buttons/ButtonNF.png</texturenofocus>
				    <font>ListDetails</font>
			    </control>
				<control type="radiobutton" id="4007">
				    <visible>!String.IsEmpty(Container(211).ListItem.Property(widgetPath.2)) + String.IsEqual(Container(211).ListItem.Property(widgetContent.2),default) + 
					         [String.IsEqual(Container(211).ListItem.Property(widgetArtwork.2),Poster) | String.IsEqual(Container(211).ListItem.Property(widgetArtwork.2),FanArt) | 
							  String.IsEqual(Container(211).ListItem.Property(widgetArtwork.2),Thumb)]</visible>
				    <label>$LOCALIZE[31615]</label>
				    <onclick condition="!String.IsEmpty(Container(211).ListItem.Property(widgetPosterLabel.2))">SetProperty(customProperty,widgetPosterLabel.2)</onclick>
				    <onclick condition="String.IsEqual(Container(211).ListItem.Property(widgetPosterLabel.2),true)">SetProperty(customProperty,widgetPosterLabel.2)</onclick>
				    <onclick condition="String.IsEqual(Container(211).ListItem.Property(widgetPosterLabel.2),false)">SetProperty(customValue,true)</onclick>
				    <onclick>SendClick(404)</onclick>
				    <selected>!String.IsEqual(Container(211).ListItem.Property(widgetPosterLabel.2),false)</selected>
				    <height>60</height>
				    <width>1340</width>
				    <texturenofocus border="3">buttons/ButtonNF.png</texturenofocus>
				    <font>ListDetails</font>
			    </control>
				<control type="radiobutton" id="4002">
					<visible>!String.IsEmpty(Container(211).ListItem.Property(widgetPath.2)) + [[String.IsEqual(Container(211).ListItem.Property(widgetTwoShelves),false) + 
				         String.IsEqual(Container(211).ListItem.Property(widgetThreeShelves),false) + String.IsEqual(Container(211).ListItem.Property(widgetTriple.2),false)] | 
						 [!String.IsEmpty(Container(211).ListItem.Property(widgetDouble.2)) + String.IsEqual(Container(211).ListItem.Property(widgetTriple.2),false)]]</visible>
					<label>$LOCALIZE[31046]</label>
					<onclick condition="!String.IsEmpty(Container(211).ListItem.Property(widgetDouble.2))">SetProperty(customProperty,widgetDouble.2)</onclick>
				    <onclick condition="String.IsEqual(Container(211).ListItem.Property(widgetDouble.2),true)">SetProperty(customProperty,widgetDouble.2)</onclick>
				    <onclick condition="String.IsEqual(Container(211).ListItem.Property(widgetDouble.2),false)">SetProperty(customValue,true)</onclick>
				    <onclick>SendClick(404)</onclick>
					<selected>!String.IsEqual(Container(211).ListItem.Property(widgetDouble.2),false)</selected>
					<height>60</height>
					<width>1340</width>
					<texturenofocus border="3">buttons/ButtonNF.png</texturenofocus>
					<font>ListDetails</font>
				</control>
				<control type="radiobutton" id="4006">
				    <visible>!String.IsEmpty(Container(211).ListItem.Property(widgetPath.2)) + [[String.IsEqual(Container(211).ListItem.Property(widgetTwoShelves),false) + 
					         String.IsEqual(Container(211).ListItem.Property(widgetThreeShelves),false) + String.IsEqual(Container(211).ListItem.Property(widgetDouble.2),false)] | 
							 [!String.IsEmpty(Container(211).ListItem.Property(widgetTriple.2)) + String.IsEqual(Container(211).ListItem.Property(widgetDouble.2),false)]]</visible>
				    <label>$LOCALIZE[31045]</label>
				    <onclick condition="!String.IsEmpty(Container(211).ListItem.Property(widgetTriple.2))">SetProperty(customProperty,widgetTriple.2)</onclick>
				    <onclick condition="String.IsEqual(Container(211).ListItem.Property(widgetTriple.2),true)">SetProperty(customProperty,widgetTriple.2)</onclick>
				    <onclick condition="String.IsEqual(Container(211).ListItem.Property(widgetTriple.2),false)">SetProperty(customValue,true)</onclick>
				    <onclick>SendClick(404)</onclick>
				    <selected>!String.IsEqual(Container(211).ListItem.Property(widgetTriple.2),false)</selected>
				    <height>60</height>
				    <width>1340</width>
				    <texturenofocus border="3">buttons/ButtonNF.png</texturenofocus>
				    <font>ListDetails</font>
			    </control>
				<control type="button" id="4003">
					<visible>!String.IsEmpty(Container(211).ListItem.Property(widgetPath.2)) + !String.IsEqual(Container(211).ListItem.Property(widget.2),static) + 
					         !String.IsEqual(Container(211).ListItem.Property(widgetType.2),custom)</visible>
					<label>$LOCALIZE[31480]</label>
					<label2>$VAR[Widget2SortMethodLabelVar]</label2>
					<height>60</height>
					<width>1340</width>
					<texturenofocus border="3">buttons/ButtonNF.png</texturenofocus>
					<font>ListDetails</font>
				</control>
				<control type="button" id="4004">
					<visible>!String.IsEmpty(Container(211).ListItem.Property(widgetPath.2)) + 
					         ![String.IsEqual(Container(211).ListItem.Property(widgetSortBy.2),random) | String.IsEqual(Container(211).ListItem.Property(widgetSortBy.2),playlistorder)] + 
					         !String.IsEmpty(Container(211).ListItem.Property(widgetSortBy.2)) + !String.IsEqual(Container(211).ListItem.Property(widget.2),static) + 
					         !String.IsEqual(Container(211).ListItem.Property(widgetType.2),custom)</visible>
					<label>$LOCALIZE[31481]</label>
					<label2>$VAR[Widget2SortOrderLabelVar]</label2>
					<height>60</height>
					<width>1340</width>
					<texturenofocus border="3">buttons/ButtonNF.png</texturenofocus>
					<font>ListDetails</font>
				</control>
				<control type="button" id="4005">
					<visible>!String.IsEmpty(Container(211).ListItem.Property(widgetPath.2)) + !String.IsEqual(Container(211).ListItem.Property(widget.2),static) + 
					         !String.IsEqual(Container(211).ListItem.Property(widgetType.2),custom)</visible>
					<label>$LOCALIZE[31482]</label>
					<label2>$INFO[Container(211).ListItem.Property(widgetLimit.2)]</label2>
					<height>60</height>
					<width>1340</width>
					<texturenofocus border="3">buttons/ButtonNF.png</texturenofocus>
					<font>ListDetails</font>
				</control>
			</control>
		</control>

		<!-- Widget 3 settings -->
		<control type="group">
			<visible>String.IsEqual(Window(Home).Property(skinshortcuts-Widget),3)</visible>
			<control type="button" id="5100">
				<left>425</left>
				<width>1395</width>
				<height>100%</height>
				<onclick>back</onclick>
				<texturefocus />
				<texturenofocus />
			</control>
			<control type="grouplist" id="5000">
				<top>240</top>
				<left>500</left>
				<width>1340</width>
				<height>670</height>
				<onleft>211</onleft>
				<onright>60</onright>
				<onup>5000</onup>
				<ondown>5000</ondown>
				<pagecontrol>60</pagecontrol>
				<control type="button" id="5312">
					<label>$LOCALIZE[31491] 3</label>
					<label2>$INFO[Container(211).ListItem.Property(widgetName.3)]</label2>
					<onclick>SetProperty(widgetID,3)</onclick>
					<onclick>SendClick(312)</onclick>
					<onunfocus condition="String.IsEmpty(Container(211).ListItem.Property(widgetPath.3))">SetProperty(customProperty,widgetDouble.3)</onunfocus>
				    <onunfocus condition="String.IsEmpty(Container(211).ListItem.Property(widgetPath.3))">SetProperty(customValue,false)</onunfocus>
				    <onunfocus condition="String.IsEmpty(Container(211).ListItem.Property(widgetPath.3))">SendClick(404)</onunfocus>
				    <onunfocus condition="String.IsEmpty(Container(211).ListItem.Property(widgetPath.3))">SetProperty(customProperty,widgetTriple.3)</onunfocus>
				    <onunfocus condition="String.IsEmpty(Container(211).ListItem.Property(widgetPath.3))">SetProperty(customValue,false)</onunfocus>
				    <onunfocus condition="String.IsEmpty(Container(211).ListItem.Property(widgetPath.3))">SendClick(404)</onunfocus>
					<height>60</height>
					<width>1340</width>
					<texturenofocus border="3">buttons/ButtonNF.png</texturenofocus>
					<font>ListDetails</font>
				</control>
				<control type="button" id="5001">
			        <visible>!String.IsEmpty(Container(211).ListItem.Property(widgetPath.3)) + String.IsEqual(Container(211).ListItem.Property(widgetContent.3),default)</visible>
			        <label>$LOCALIZE[31610]</label>
			        <label2>$VAR[Widget3ArtLabelVar]</label2>
			        <height>60</height>
			        <width>1340</width>
			        <texturenofocus border="3">buttons/ButtonNF.png</texturenofocus>
			        <font>ListDetails</font>
		        </control>
				<control type="radiobutton" id="5007">
			        <visible>!String.IsEmpty(Container(211).ListItem.Property(widgetPath.3)) + String.IsEqual(Container(211).ListItem.Property(widgetContent.3),default) + 
					         [String.IsEqual(Container(211).ListItem.Property(widgetArtwork.3),Poster) | String.IsEqual(Container(211).ListItem.Property(widgetArtwork.3),FanArt) | 
							  String.IsEqual(Container(211).ListItem.Property(widgetArtwork.3),Thumb)]</visible>
			        <label>$LOCALIZE[31615]</label>
			        <onclick condition="!String.IsEmpty(Container(211).ListItem.Property(widgetPosterLabel.3))">SetProperty(customProperty,widgetPosterLabel.3)</onclick>
			        <onclick condition="String.IsEqual(Container(211).ListItem.Property(widgetPosterLabel.3),true)">SetProperty(customProperty,widgetPosterLabel.3)</onclick>
			        <onclick condition="String.IsEqual(Container(211).ListItem.Property(widgetPosterLabel.3),false)">SetProperty(customValue,true)</onclick>
			        <onclick>SendClick(404)</onclick>
			        <selected>!String.IsEqual(Container(211).ListItem.Property(widgetPosterLabel.3),false)</selected>
			        <height>60</height>
			        <width>1340</width>
			        <texturenofocus border="3">buttons/ButtonNF.png</texturenofocus>
			        <font>ListDetails</font>
		        </control>
				<control type="radiobutton" id="5002">
					<visible>!String.IsEmpty(Container(211).ListItem.Property(widgetPath.3)) + [[String.IsEqual(Container(211).ListItem.Property(widgetTwoShelves),false) + 
			                 String.IsEqual(Container(211).ListItem.Property(widgetThreeShelves),false) + String.IsEqual(Container(211).ListItem.Property(widgetTriple.3),false)] | 
					         [!String.IsEmpty(Container(211).ListItem.Property(widgetDouble.3)) + String.IsEqual(Container(211).ListItem.Property(widgetTriple.3),false)]]</visible>
					<label>$LOCALIZE[31046]</label>
				    <onclick condition="!String.IsEmpty(Container(211).ListItem.Property(widgetDouble.3))">SetProperty(customProperty,widgetDouble.3)</onclick>
			        <onclick condition="String.IsEqual(Container(211).ListItem.Property(widgetDouble.3),true)">SetProperty(customProperty,widgetDouble.3)</onclick>
			        <onclick condition="String.IsEqual(Container(211).ListItem.Property(widgetDouble.3),false)">SetProperty(customValue,true)</onclick>
			        <onclick>SendClick(404)</onclick>
					<selected>!String.IsEqual(Container(211).ListItem.Property(widgetDouble.3),false)</selected>
					<height>60</height>
					<width>1340</width>
					<texturenofocus border="3">buttons/ButtonNF.png</texturenofocus>
					<font>ListDetails</font>
				</control>
				<control type="radiobutton" id="5006">
			        <visible>!String.IsEmpty(Container(211).ListItem.Property(widgetPath.3)) + [[String.IsEqual(Container(211).ListItem.Property(widgetTwoShelves),false) + 
			                 String.IsEqual(Container(211).ListItem.Property(widgetThreeShelves),false) + String.IsEqual(Container(211).ListItem.Property(widgetDouble.3),false)] | 
					         [!String.IsEmpty(Container(211).ListItem.Property(widgetTriple.3)) + String.IsEqual(Container(211).ListItem.Property(widgetDouble.3),false)]]</visible>
			        <label>$LOCALIZE[31045]</label>
			        <onclick condition="!String.IsEmpty(Container(211).ListItem.Property(widgetTriple.3))">SetProperty(customProperty,widgetTriple.3)</onclick>
			        <onclick condition="String.IsEqual(Container(211).ListItem.Property(widgetTriple.3),true)">SetProperty(customProperty,widgetTriple.3)</onclick>
			        <onclick condition="String.IsEqual(Container(211).ListItem.Property(widgetTriple.3),false)">SetProperty(customValue,true)</onclick>
			        <onclick>SendClick(404)</onclick>
			        <selected>!String.IsEqual(Container(211).ListItem.Property(widgetTriple.3),false)</selected>
			        <height>60</height>
			        <width>1340</width>
			        <texturenofocus border="3">buttons/ButtonNF.png</texturenofocus>
			        <font>ListDetails</font>
		        </control>
				<control type="button" id="5003">
					<visible>!String.IsEmpty(Container(211).ListItem.Property(widgetPath.3)) + !String.IsEqual(Container(211).ListItem.Property(widget.3),static) + 
					         !String.IsEqual(Container(211).ListItem.Property(widgetType.3),custom)</visible>
					<label>$LOCALIZE[31480]</label>
					<label2>$VAR[Widget3SortMethodLabelVar]</label2>
					<height>60</height>
					<width>1340</width>
					<texturenofocus border="3">buttons/ButtonNF.png</texturenofocus>
					<font>ListDetails</font>
				</control>
				<control type="button" id="5004">
					<visible>!String.IsEmpty(Container(211).ListItem.Property(widgetPath.3)) + 
					         ![String.IsEqual(Container(211).ListItem.Property(widgetSortBy.3),random) | String.IsEqual(Container(211).ListItem.Property(widgetSortBy.3),playlistorder)] + 
							 !String.IsEmpty(Container(211).ListItem.Property(widgetSortBy.3)) + 
					         !String.IsEqual(Container(211).ListItem.Property(widget.3),static) + !String.IsEqual(Container(211).ListItem.Property(widgetType.3),custom)</visible>
					<label>$LOCALIZE[31481]</label>
					<label2>$VAR[Widget3SortOrderLabelVar]</label2>
					<height>60</height>
					<width>1340</width>
					<texturenofocus border="3">buttons/ButtonNF.png</texturenofocus>
					<font>ListDetails</font>
				</control>
				<control type="button" id="5005">
					<visible>!String.IsEmpty(Container(211).ListItem.Property(widgetPath.3)) + !String.IsEqual(Container(211).ListItem.Property(widget.3),static) + 
					         !String.IsEqual(Container(211).ListItem.Property(widgetType.3),custom)</visible>
					<label>$LOCALIZE[31482]</label>
					<label2>$INFO[Container(211).ListItem.Property(widgetLimit.3)]</label2>
					<height>60</height>
					<width>1340</width>
					<texturenofocus border="3">buttons/ButtonNF.png</texturenofocus>
					<font>ListDetails</font>
				</control>
			</control>
		</control>

		<!-- Widget 4 settings -->
		<control type="group">
			<visible>String.IsEqual(Window(Home).Property(skinshortcuts-Widget),4)</visible>
			<control type="button" id="6100">
				<left>425</left>
				<width>1395</width>
				<height>100%</height>
				<onclick>back</onclick>
				<texturefocus />
				<texturenofocus />
			</control>
			<control type="grouplist" id="6000">
				<top>240</top>
				<left>500</left>
				<width>1340</width>
				<height>670</height>
				<onleft>211</onleft>
				<onright>60</onright>
				<onup>6000</onup>
				<ondown>6000</ondown>
				<pagecontrol>60</pagecontrol>
				<control type="button" id="6312">
					<label>$LOCALIZE[31491] 4</label>
					<label2>$INFO[Container(211).ListItem.Property(widgetName.4)]</label2>
					<onclick>SetProperty(widgetID,4)</onclick>
					<onclick>SendClick(312)</onclick>
					<onunfocus condition="String.IsEmpty(Container(211).ListItem.Property(widgetPath.4))">SetProperty(customProperty,widgetDouble.4)</onunfocus>
			        <onunfocus condition="String.IsEmpty(Container(211).ListItem.Property(widgetPath.4))">SetProperty(customValue,false)</onunfocus>
			        <onunfocus condition="String.IsEmpty(Container(211).ListItem.Property(widgetPath.4))">SendClick(404)</onunfocus>
			        <onunfocus condition="String.IsEmpty(Container(211).ListItem.Property(widgetPath.4))">SetProperty(customProperty,widgetTriple.4)</onunfocus>
			        <onunfocus condition="String.IsEmpty(Container(211).ListItem.Property(widgetPath.4))">SetProperty(customValue,false)</onunfocus>
			        <onunfocus condition="String.IsEmpty(Container(211).ListItem.Property(widgetPath.4))">SendClick(404)</onunfocus>
					<height>60</height>
					<width>1340</width>
					<texturenofocus border="3">buttons/ButtonNF.png</texturenofocus>
					<font>ListDetails</font>
				</control>
				<control type="button" id="6001">
		            <visible>!String.IsEmpty(Container(211).ListItem.Property(widgetPath.4)) + String.IsEqual(Container(211).ListItem.Property(widgetContent.4),default)</visible>
		            <label>$LOCALIZE[31610]</label>
		            <label2>$VAR[Widget4ArtLabelVar]</label2>
		            <height>60</height>
		            <width>1340</width>
		            <texturenofocus border="3">buttons/ButtonNF.png</texturenofocus>
		            <font>ListDetails</font>
		        </control>
				<control type="radiobutton" id="6007">
			        <visible>!String.IsEmpty(Container(211).ListItem.Property(widgetPath.4)) + String.IsEqual(Container(211).ListItem.Property(widgetContent.4),default) + 
					         [String.IsEqual(Container(211).ListItem.Property(widgetArtwork.4),Poster) | String.IsEqual(Container(211).ListItem.Property(widgetArtwork.4),FanArt) | 
							  String.IsEqual(Container(211).ListItem.Property(widgetArtwork.4),Thumb)]</visible>
			        <label>$LOCALIZE[31615]</label>
			        <onclick condition="!String.IsEmpty(Container(211).ListItem.Property(widgetPosterLabel.4))">SetProperty(customProperty,widgetPosterLabel.4)</onclick>
			        <onclick condition="String.IsEqual(Container(211).ListItem.Property(widgetPosterLabel.4),true)">SetProperty(customProperty,widgetPosterLabel.4)</onclick>
			        <onclick condition="String.IsEqual(Container(211).ListItem.Property(widgetPosterLabel.4),false)">SetProperty(customValue,true)</onclick>
			        <onclick>SendClick(404)</onclick>
			        <selected>!String.IsEqual(Container(211).ListItem.Property(widgetPosterLabel.4),false)</selected>
			        <height>60</height>
			        <width>1340</width>
			        <texturenofocus border="3">buttons/ButtonNF.png</texturenofocus>
			        <font>ListDetails</font>
			    </control>
				<control type="radiobutton" id="6002">
					<visible>!String.IsEmpty(Container(211).ListItem.Property(widgetPath.4)) + String.IsEqual(Container(211).ListItem.Property(widgetTriple.4),false)</visible>
					<label>$LOCALIZE[31046]</label>
					<onclick condition="!String.IsEmpty(Container(211).ListItem.Property(widgetDouble.4))">SetProperty(customProperty,widgetDouble.4)</onclick>
				    <onclick condition="String.IsEqual(Container(211).ListItem.Property(widgetDouble.4),true)">SetProperty(customProperty,widgetDouble.4)</onclick>
				    <onclick condition="String.IsEqual(Container(211).ListItem.Property(widgetDouble.4),false)">SetProperty(customValue,true)</onclick>
				    <onclick>SendClick(404)</onclick>
					<selected>!String.IsEqual(Container(211).ListItem.Property(widgetDouble.4),false)</selected>
					<height>60</height>
					<width>1340</width>
					<texturenofocus border="3">buttons/ButtonNF.png</texturenofocus>
					<font>ListDetails</font>
				</control>
				<control type="radiobutton" id="6006">
				    <visible>!String.IsEmpty(Container(211).ListItem.Property(widgetPath.4)) + String.IsEqual(Container(211).ListItem.Property(widgetDouble.4),false)</visible>
				    <label>$LOCALIZE[31045]</label>
				    <onclick condition="!String.IsEmpty(Container(211).ListItem.Property(widgetTriple.4))">SetProperty(customProperty,widgetTriple.4)</onclick>
				    <onclick condition="String.IsEqual(Container(211).ListItem.Property(widgetTriple.4),true)">SetProperty(customProperty,widgetTriple.4)</onclick>
				    <onclick condition="String.IsEqual(Container(211).ListItem.Property(widgetTriple.4),false)">SetProperty(customValue,true)</onclick>
				    <onclick>SendClick(404)</onclick>
				    <selected>!String.IsEqual(Container(211).ListItem.Property(widgetTriple.4),false)</selected>
				    <height>60</height>
				    <width>1340</width>
				    <texturenofocus border="3">buttons/ButtonNF.png</texturenofocus>
				    <font>ListDetails</font>
				</control>
				<control type="button" id="6003">
					<visible>!String.IsEmpty(Container(211).ListItem.Property(widgetPath.4)) + !String.IsEqual(Container(211).ListItem.Property(widget.4),static) + 
					         !String.IsEqual(Container(211).ListItem.Property(widgetType.4),custom)</visible>
					<label>$LOCALIZE[31480]</label>
					<label2>$VAR[Widget4SortMethodLabelVar]</label2>
					<height>60</height>
					<width>1340</width>
					<texturenofocus border="3">buttons/ButtonNF.png</texturenofocus>
					<font>ListDetails</font>
				</control>
				<control type="button" id="6004">
					<visible>!String.IsEmpty(Container(211).ListItem.Property(widgetPath.4)) + 
					         ![String.IsEqual(Container(211).ListItem.Property(widgetSortBy.4),random) | String.IsEqual(Container(211).ListItem.Property(widgetSortBy.4),playlistorder)] + 
							 !String.IsEmpty(Container(211).ListItem.Property(widgetSortBy.4)) + 
					         !String.IsEqual(Container(211).ListItem.Property(widget.4),static) + !String.IsEqual(Container(211).ListItem.Property(widgetType.4),custom)</visible>
					<label>$LOCALIZE[31481]</label>
					<label2>$VAR[Widget4SortOrderLabelVar]</label2>
					<height>60</height>
					<width>1340</width>
					<texturenofocus border="3">buttons/ButtonNF.png</texturenofocus>
					<font>ListDetails</font>
				</control>
				<control type="button" id="6005">
					<visible>!String.IsEmpty(Container(211).ListItem.Property(widgetPath.4)) + !String.IsEqual(Container(211).ListItem.Property(widget.4),static) + 
					         !String.IsEqual(Container(211).ListItem.Property(widgetType.4),custom)</visible>
					<label>$LOCALIZE[31482]</label>
					<label2>$INFO[Container(211).ListItem.Property(widgetLimit.4)]</label2>
					<height>60</height>
					<width>1340</width>
					<texturenofocus border="3">buttons/ButtonNF.png</texturenofocus>
					<font>ListDetails</font>
				</control>
			</control>
		</control>

		<!-- Widget 5 settings -->
		<control type="group">
			<visible>String.IsEqual(Window(Home).Property(skinshortcuts-Widget),5)</visible>
			<control type="button" id="7100">
				<left>425</left>
				<width>1395</width>
				<height>100%</height>
				<onclick>back</onclick>
				<texturefocus />
				<texturenofocus />
			</control>
			<control type="grouplist" id="7000">
				<top>240</top>
				<left>500</left>
				<width>1340</width>
				<height>670</height>
				<onleft>211</onleft>
				<onright>60</onright>
				<onup>7000</onup>
				<ondown>7000</ondown>
				<pagecontrol>60</pagecontrol>
				<control type="button" id="7312">
					<label>$LOCALIZE[31491] 5</label>
					<label2>$INFO[Container(211).ListItem.Property(widgetName.5)]</label2>
					<onclick>SetProperty(widgetID,5)</onclick>
					<onclick>SendClick(312)</onclick>
					<onunfocus condition="String.IsEmpty(Container(211).ListItem.Property(widgetPath.5))">SetProperty(customProperty,widgetDouble.5)</onunfocus>
		            <onunfocus condition="String.IsEmpty(Container(211).ListItem.Property(widgetPath.5))">SetProperty(customValue,false)</onunfocus>
		            <onunfocus condition="String.IsEmpty(Container(211).ListItem.Property(widgetPath.5))">SendClick(404)</onunfocus>
		            <onunfocus condition="String.IsEmpty(Container(211).ListItem.Property(widgetPath.5))">SetProperty(customProperty,widgetTriple.5)</onunfocus>
		            <onunfocus condition="String.IsEmpty(Container(211).ListItem.Property(widgetPath.5))">SetProperty(customValue,false)</onunfocus>
		            <onunfocus condition="String.IsEmpty(Container(211).ListItem.Property(widgetPath.5))">SendClick(404)</onunfocus>
					<height>60</height>
					<width>1340</width>
					<texturenofocus border="3">buttons/ButtonNF.png</texturenofocus>
					<font>ListDetails</font>
				</control>
				<control type="button" id="7001">
		            <visible>!String.IsEmpty(Container(211).ListItem.Property(widgetPath.5)) + String.IsEqual(Container(211).ListItem.Property(widgetContent.5),default)</visible>
		            <label>$LOCALIZE[31610]</label>
		            <label2>$VAR[Widget5ArtLabelVar]</label2>
		            <height>60</height>
		            <width>1340</width>
		            <texturenofocus border="3">buttons/ButtonNF.png</texturenofocus>
		            <font>ListDetails</font>
		        </control>
			    <control type="radiobutton" id="7007">
		            <visible>!String.IsEmpty(Container(211).ListItem.Property(widgetPath.5)) + String.IsEqual(Container(211).ListItem.Property(widgetContent.5),default) + 
					         [String.IsEqual(Container(211).ListItem.Property(widgetArtwork.5),Poster) | String.IsEqual(Container(211).ListItem.Property(widgetArtwork.5),FanArt) | 
							  String.IsEqual(Container(211).ListItem.Property(widgetArtwork.5),Thumb)]</visible>
		            <label>$LOCALIZE[31615]</label>
		            <onclick condition="!String.IsEmpty(Container(211).ListItem.Property(widgetPosterLabel.5))">SetProperty(customProperty,widgetPosterLabel.5)</onclick>
		            <onclick condition="String.IsEqual(Container(211).ListItem.Property(widgetPosterLabel.5),true)">SetProperty(customProperty,widgetPosterLabel.5)</onclick>
		            <onclick condition="String.IsEqual(Container(211).ListItem.Property(widgetPosterLabel.5),false)">SetProperty(customValue,true)</onclick>
		            <onclick>SendClick(404)</onclick>
		            <selected>!String.IsEqual(Container(211).ListItem.Property(widgetPosterLabel.5),false)</selected>
		            <height>60</height>
		            <width>1340</width>
		            <texturenofocus border="3">buttons/ButtonNF.png</texturenofocus>
		            <font>ListDetails</font>
		        </control>
				<control type="radiobutton" id="7002">
					<visible>!String.IsEmpty(Container(211).ListItem.Property(widgetPath.5)) + String.IsEqual(Container(211).ListItem.Property(widgetTriple.5),false)</visible>
					<label>$LOCALIZE[31046]</label>
					<onclick condition="!String.IsEmpty(Container(211).ListItem.Property(widgetDouble.5))">SetProperty(customProperty,widgetDouble.5)</onclick>
		            <onclick condition="String.IsEqual(Container(211).ListItem.Property(widgetDouble.5),true)">SetProperty(customProperty,widgetDouble.5)</onclick>
		            <onclick condition="String.IsEqual(Container(211).ListItem.Property(widgetDouble.5),false)">SetProperty(customValue,true)</onclick>
		            <onclick>SendClick(404)</onclick>
		    		<selected>!String.IsEqual(Container(211).ListItem.Property(widgetDouble.5),false)</selected>
					<height>60</height>
					<width>1340</width>
					<texturenofocus border="3">buttons/ButtonNF.png</texturenofocus>
					<font>ListDetails</font>
				</control>
				<control type="radiobutton" id="7006">
			        <visible>!String.IsEmpty(Container(211).ListItem.Property(widgetPath.5)) + String.IsEqual(Container(211).ListItem.Property(widgetDouble.5),false)</visible>
			        <label>$LOCALIZE[31045]</label>
			        <onclick condition="!String.IsEmpty(Container(211).ListItem.Property(widgetTriple.5))">SetProperty(customProperty,widgetTriple.5)</onclick>
			        <onclick condition="String.IsEqual(Container(211).ListItem.Property(widgetTriple.5),true)">SetProperty(customProperty,widgetTriple.5)</onclick>
			        <onclick condition="String.IsEqual(Container(211).ListItem.Property(widgetTriple.5),false)">SetProperty(customValue,true)</onclick>
			        <onclick>SendClick(404)</onclick>
			        <selected>!String.IsEqual(Container(211).ListItem.Property(widgetTriple.5),false)</selected>
			        <height>60</height>
			        <width>1340</width>
			        <texturenofocus border="3">buttons/ButtonNF.png</texturenofocus>
			        <font>ListDetails</font>
			    </control>
				<control type="button" id="7003">
					<visible>!String.IsEmpty(Container(211).ListItem.Property(widgetPath.5)) + !String.IsEqual(Container(211).ListItem.Property(widget.5),static) + 
					         !String.IsEqual(Container(211).ListItem.Property(widgetType.5),custom)</visible>
					<label>$LOCALIZE[31480]</label>
					<label2>$VAR[Widget5SortMethodLabelVar]</label2>
					<height>60</height>
					<width>1340</width>
					<texturenofocus border="3">buttons/ButtonNF.png</texturenofocus>
					<font>ListDetails</font>
				</control>
				<control type="button" id="7004">
					<visible>!String.IsEmpty(Container(211).ListItem.Property(widgetPath.5)) + 
					         ![String.IsEqual(Container(211).ListItem.Property(widgetSortBy.5),random) | String.IsEqual(Container(211).ListItem.Property(widgetSortBy.5),playlistorder)] + 
					         !String.IsEmpty(Container(211).ListItem.Property(widgetSortBy.5)) + !String.IsEqual(Container(211).ListItem.Property(widget.5),static) + 
							 !String.IsEqual(Container(211).ListItem.Property(widgetType.5),custom)</visible>
					<label>$LOCALIZE[31481]</label>
					<label2>$VAR[Widget5SortOrderLabelVar]</label2>
					<height>60</height>
					<width>1340</width>
					<texturenofocus border="3">buttons/ButtonNF.png</texturenofocus>
					<font>ListDetails</font>
				</control>
				<control type="button" id="7005">
					<visible>!String.IsEmpty(Container(211).ListItem.Property(widgetPath.5)) + !String.IsEqual(Container(211).ListItem.Property(widget.5),static) +
					         !String.IsEqual(Container(211).ListItem.Property(widgetType.5),custom)</visible>
					<label>$LOCALIZE[31482]</label>
					<label2>$INFO[Container(211).ListItem.Property(widgetLimit.5)]</label2>
					<height>60</height>
					<width>1340</width>
					<texturenofocus border="3">buttons/ButtonNF.png</texturenofocus>
			    	<font>ListDetails</font>
				</control>
			</control>
		</control>

		<!-- Widget 6 settings -->
		<control type="group">
			<visible>String.IsEqual(Window(Home).Property(skinshortcuts-Widget),6)</visible>
			<control type="button" id="8100">
				<left>425</left>
				<width>1395</width>
				<height>100%</height>
				<onclick>back</onclick>
				<texturefocus />
				<texturenofocus />
			</control>
			<control type="grouplist" id="8000">
				<top>240</top>
				<left>500</left>
				<width>1340</width>
				<height>670</height>
				<onleft>211</onleft>
				<onright>60</onright>
				<onup>8000</onup>
				<ondown>8000</ondown>
				<pagecontrol>60</pagecontrol>
				<control type="button" id="8312">
					<label>$LOCALIZE[31491] 6</label>
					<label2>$INFO[Container(211).ListItem.Property(widgetName.6)]</label2>
					<onclick>SetProperty(widgetID,6)</onclick>
					<onclick>SendClick(312)</onclick>
					<onunfocus condition="String.IsEmpty(Container(211).ListItem.Property(widgetPath.6))">SetProperty(customProperty,widgetDouble.6)</onunfocus>
		            <onunfocus condition="String.IsEmpty(Container(211).ListItem.Property(widgetPath.6))">SetProperty(customValue,false)</onunfocus>
		            <onunfocus condition="String.IsEmpty(Container(211).ListItem.Property(widgetPath.6))">SendClick(404)</onunfocus>
		            <onunfocus condition="String.IsEmpty(Container(211).ListItem.Property(widgetPath.6))">SetProperty(customProperty,widgetTriple.6)</onunfocus>
		            <onunfocus condition="String.IsEmpty(Container(211).ListItem.Property(widgetPath.6))">SetProperty(customValue,false)</onunfocus>
		            <onunfocus condition="String.IsEmpty(Container(211).ListItem.Property(widgetPath.6))">SendClick(404)</onunfocus>
		    		<height>60</height>
					<width>1340</width>
					<texturenofocus border="3">buttons/ButtonNF.png</texturenofocus>
			    	<font>ListDetails</font>
				</control>
				<control type="button" id="8001">
				    <visible>!String.IsEmpty(Container(211).ListItem.Property(widgetPath.6)) + String.IsEqual(Container(211).ListItem.Property(widgetContent.6),default)</visible>
				    <label>$LOCALIZE[31610]</label>
				    <label2>$VAR[Widget6ArtLabelVar]</label2>
				    <height>60</height>
				    <width>1340</width>
				    <texturenofocus border="3">buttons/ButtonNF.png</texturenofocus>
				    <font>ListDetails</font>
				</control>
				<control type="radiobutton" id="8007">
				    <visible>!String.IsEmpty(Container(211).ListItem.Property(widgetPath.6)) + String.IsEqual(Container(211).ListItem.Property(widgetContent.6),default) + 
					         [String.IsEqual(Container(211).ListItem.Property(widgetArtwork.6),Poster) | String.IsEqual(Container(211).ListItem.Property(widgetArtwork.6),FanArt) | 
							  String.IsEqual(Container(211).ListItem.Property(widgetArtwork.6),Thumb)]</visible>
				    <label>$LOCALIZE[31615]</label>
				    <onclick condition="!String.IsEmpty(Container(211).ListItem.Property(widgetPosterLabel.6))">SetProperty(customProperty,widgetPosterLabel.6)</onclick>
				    <onclick condition="String.IsEqual(Container(211).ListItem.Property(widgetPosterLabel.6),true)">SetProperty(customProperty,widgetPosterLabel.6)</onclick>
				    <onclick condition="String.IsEqual(Container(211).ListItem.Property(widgetPosterLabel.6),false)">SetProperty(customValue,true)</onclick>
				    <onclick>SendClick(404)</onclick>
				    <selected>!String.IsEqual(Container(211).ListItem.Property(widgetPosterLabel.6),false)</selected>
				    <height>60</height>
				    <width>1340</width>
				    <texturenofocus border="3">buttons/ButtonNF.png</texturenofocus>
				    <font>ListDetails</font>
				</control>
				<control type="radiobutton" id="8002">
					<visible>!String.IsEmpty(Container(211).ListItem.Property(widgetPath.6)) + String.IsEqual(Container(211).ListItem.Property(widgetTriple.6),false)</visible>
					<label>$LOCALIZE[31046]</label>
					<onclick condition="!String.IsEmpty(Container(211).ListItem.Property(widgetDouble.6))">SetProperty(customProperty,widgetDouble.6)</onclick>
				    <onclick condition="String.IsEqual(Container(211).ListItem.Property(widgetDouble.6),true)">SetProperty(customProperty,widgetDouble.6)</onclick>
				    <onclick condition="String.IsEqual(Container(211).ListItem.Property(widgetDouble.6),false)">SetProperty(customValue,true)</onclick>
				    <onclick>SendClick(404)</onclick>
					<selected>!String.IsEqual(Container(211).ListItem.Property(widgetDouble.6),false)</selected>
					<height>60</height>
					<width>1340</width>
					<texturenofocus border="3">buttons/ButtonNF.png</texturenofocus>
					<font>ListDetails</font>
				</control>
				<control type="radiobutton" id="8006">
				    <visible>!String.IsEmpty(Container(211).ListItem.Property(widgetPath.6)) + String.IsEqual(Container(211).ListItem.Property(widgetDouble.6),false)</visible>
				    <label>$LOCALIZE[31045]</label>
				    <onclick condition="!String.IsEmpty(Container(211).ListItem.Property(widgetTriple.6))">SetProperty(customProperty,widgetTriple.6)</onclick>
				    <onclick condition="String.IsEqual(Container(211).ListItem.Property(widgetTriple.6),true)">SetProperty(customProperty,widgetTriple.6)</onclick>
				    <onclick condition="String.IsEqual(Container(211).ListItem.Property(widgetTriple.6),false)">SetProperty(customValue,true)</onclick>
				    <onclick>SendClick(404)</onclick>
				    <selected>!String.IsEqual(Container(211).ListItem.Property(widgetTriple.6),false)</selected>
				    <height>60</height>
				    <width>1340</width>
				    <texturenofocus border="3">buttons/ButtonNF.png</texturenofocus>
				    <font>ListDetails</font>
				</control>
				<control type="button" id="8003">
					<visible>!String.IsEmpty(Container(211).ListItem.Property(widgetPath.6)) + !String.IsEqual(Container(211).ListItem.Property(widget.6),static)</visible>
					<label>$LOCALIZE[31480]</label>
					<label2>$VAR[Widget6SortMethodLabelVar]</label2>
					<height>60</height>
					<width>1340</width>
					<texturenofocus border="3">buttons/ButtonNF.png</texturenofocus>
					<font>ListDetails</font>
				</control>
				<control type="button" id="8004">
					<visible>!String.IsEmpty(Container(211).ListItem.Property(widgetPath.6)) + 
					         ![String.IsEqual(Container(211).ListItem.Property(widgetSortBy.6),random) | String.IsEqual(Container(211).ListItem.Property(widgetSortBy.6),playlistorder)] + 
							 !String.IsEmpty(Container(211).ListItem.Property(widgetSortBy.6)) + !String.IsEqual(Container(211).ListItem.Property(widget.6),static)</visible>
					<label>$LOCALIZE[31481]</label>
					<label2>$VAR[Widget6SortOrderLabelVar]</label2>
					<height>60</height>
					<width>1340</width>
					<texturenofocus border="3">buttons/ButtonNF.png</texturenofocus>
					<font>ListDetails</font>
				</control>
				<control type="button" id="8005">
					<visible>!String.IsEmpty(Container(211).ListItem.Property(widgetPath.6)) + !String.IsEqual(Container(211).ListItem.Property(widget.6),static)</visible>
					<label>$LOCALIZE[31482]</label>
					<label2>$INFO[Container(211).ListItem.Property(widgetLimit.6)]</label2>
					<height>60</height>
					<width>1340</width>
					<texturenofocus border="3">buttons/ButtonNF.png</texturenofocus>
				    <font>ListDetails</font>
				</control>
			</control>
		</control>

		<!-- 404, for setting custom property -->
		<control type="button" id="404">
			<visible>False</visible>
		</control>
		<!-- Unused Controls -->
     	<control type="button" id="111">
		    <visible>False</visible>
		</control>
		<control type="button" id="306">
			<visible>False</visible>
		</control>
		<control type="button" id="309">
			<visible>False</visible>
		</control>
		<control type="button" id="310">
			<visible>False</visible>
		</control>
		
	</controls>
</window>