<?xml version="1.0" encoding="UTF-8"?>
<window type="dialog" id="1127">
	<defaultcontrol always="true">8</defaultcontrol>
	<animation effect="fade" time="200">WindowOpen</animation>
	<animation effect="fade" time="150">WindowClose</animation>
	<controls>
    
		<control type="image">
			<width>1920</width>
			<height>1080</height>
			<texture>img/BlackDot.png</texture>
			<aspectratio>scale</aspectratio>
		</control>
		<control type="image">
			<width>1920</width>
			<height>1080</height>
			<texture background="true">$INFO[ListItem.Art(fanart)]</texture>
			<aspectratio>scale</aspectratio>
		</control>
		<include content="BackgroundOverlay">
			<param name="parentid" value="9000"/>
		</include>
		<include content="ShadowedImage">
			<param name="top">24</param>
			<param name="left">24</param>
			<param name="width">619</param>
			<param name="height">960</param>
			<param name="shadowoffset">16</param>
			<param name="texture">$VAR[DialogVideoInfoPoster]</param>
            <param name="visibility">true</param>
		</include>
		<control type="grouplist" description="Ratings">
			<top>93</top>
			<left>705</left>
			<width>1200</width>
			<height>40</height>
			<itemgap>8</itemgap>
			<orientation>horizontal</orientation>
			<align>left</align>
            <control type="grouplist" description="IMDb Rating or Main Rating">
            	<width>320</width>
				<orientation>horizontal</orientation>
                <itemgap>5</itemgap>
                <visible>!String.IsEmpty(ListItem.Rating(imdb)) | !String.IsEmpty(ListItem.Rating)</visible>
			    <control type="image" description="IMDb logo">
                    <height>40</height>
                    <width>83</width>
                    <aligny>center</aligny>
                    <align>center</align>
      		        <texture>badges/ratings/imdb2.png</texture>
		        </control>
			    <control type="label" description="IMDb Rating and Votes">
				    <width>auto</width>
				    <height>40</height>
				    <font>ListDetails</font>
                    <textcolor>Highlight</textcolor>
				    <align>left</align>
				    <label>$INFO[ListItem.Rating(imdb)]$INFO[ListItem.Votes(imdb), (, $LOCALIZE[205])]</label>
                    <visible>!String.IsEmpty(ListItem.Rating(imdb))</visible>
			    </control>
			    <control type="label" description="Main Rating and Votes">
				    <width>auto</width>
				    <height>40</height>
				    <font>ListDetails</font>
                    <textcolor>Highlight</textcolor>
				    <align>left</align>
				    <label>$INFO[ListItem.Rating]$INFO[ListItem.Votes, (, $LOCALIZE[205])]</label>
                    <visible>String.IsEmpty(ListItem.Rating(imdb)) + !String.IsEmpty(ListItem.Rating) + !String.IsEmpty(ListItem.Votes) + !String.IsEqual(ListItem.Votes,0)</visible>
			    </control>
			    <control type="label" description="Main Rating No Votes">
				    <width>auto</width>
				    <height>40</height>
				    <font>ListDetails</font>
                    <textcolor>Highlight</textcolor>
				    <align>left</align>
				    <label>$INFO[ListItem.Rating]</label>
                    <visible>String.IsEmpty(ListItem.Rating(imdb)) + !String.IsEmpty(ListItem.Rating) + [String.IsEmpty(ListItem.Votes) | String.IsEqual(ListItem.Votes,0)]</visible>
			    </control>                
            </control>
		</control>
		<control type="group" description="Media Info">
			<control type="group" description="top">
				<posx>700</posx>
				<posy>60</posy>
				<control type="label" description="Main Label - Sets">
					<posy>-45</posy>
					<width>950</width>
					<height>60</height>
					<font>InfoTitle</font>
					<textcolor>Highlight</textcolor>
					<align>left</align>
					<label>$INFO[ListItem.Title,[B],[/B]] $INFO[Window(Home).Property(Set.Movies.Years),(,)]</label>
				</control>                
				<control type="image" description="Line Split">
					<posy>23</posy>
					<width>1180</width>
					<height>1</height>
					<texture>img/LineL.png</texture>
					<aspectratio>stretch</aspectratio>
				</control>
				<control type="image" description="Line Split">
					<posy>83</posy>
					<width>1180</width>
					<height>1</height>
					<texture>img/LineL.png</texture>
					<aspectratio>stretch</aspectratio>
				</control>                
				<control type="textbox" id="900031" description="Plot">
					<include>VisibleFadeEffectDelay</include>
					<posy>90</posy>
                    <left>5</left>
					<width>620</width>
					<height>355</height>
					<align>justify</align>
					<font>InfoPlot</font>
                    <textcolor>$VAR[InfoPlotTextColor]</textcolor>
                    <shadowcolor>LiteShadow</shadowcolor>
					<label>$VAR[Plots]</label>
				</control>
				<control type="radiobutton" id="90003">
					<posy>447</posy>
                    <left>588.3</left>
					<ondown>9000</ondown>
					<onright>9009</onright>
                    <align>center</align>
                    <aligny>center</aligny>
                    <textureradioonfocus colordiffuse="Black">icons/dots7.png</textureradioonfocus>
                    <textureradioonnofocus>icons/dots7.png</textureradioonnofocus>
                    <texturefocus border="4" colordiffuse="Highlight">img/WhiteRoundedST2.png</texturefocus>
                    <texturenofocus border="4">img/WhiteRoundedT.png</texturenofocus>
                    <width>37</width>
                    <height>17</height>
                    <radiowidth>37</radiowidth>
                    <radioheight>37</radioheight>
                    <radioposx>0.1</radioposx>
                    <radioposy>0</radioposy>
                    <font></font>
                    <selected>true</selected>
					<onclick>SetProperty(TextViewerHeader,$ESCVAR[panelheading],Home)</onclick>
                    <onclick condition="!String.IsEmpty(Window(Home).Property(Set.Movies.Years))">SetProperty(TextViewerSubHeader,$ESCINFO[Window(Home).Property(Set.Movies.Years),[I],[/I]],Home)</onclick>
					<onclick>SetProperty(TextViewerContent,$ESCVAR[Plots],Home)</onclick>
					<onclick>ActivateWindow(1124)</onclick>
				</control>                
				<control type="image" description="Line Split">
					<posy>90</posy>
                    <left>637</left>
					<width>1</width>
					<height>375</height>
					<texture>img/LineL.png</texture>
					<aspectratio>stretch</aspectratio>
				</control>                
				<control type="panel" id="9009">
					<include>VisibleFadeEffectDelay</include>
					<include>List_9009_Commons</include>
                    <onup>9009</onup>
                    <ondown>9009</ondown>
                    <onleft condition="Control.IsVisible(90003)">90003</onleft>
                    <onleft condition="!Control.IsVisible(90003)">9000</onleft>
					<content>
						<item>
							<label>$LOCALIZE[20339](s):</label>
							<label2>$INFO[Window(Home).Property(Set.Movies.Director)]</label2>
                            <visible>!String.IsEmpty(Window(Home).Property(Set.Movies.Director)) + String.IsEqual(ListItem.DBType,set)</visible>
						</item>                        
						<item>
							<label>$LOCALIZE[20417](s):</label>
							<label2>$INFO[Window(Home).Property(Set.Movies.Writer)]</label2>
							<visible>!String.IsEmpty(Window(Home).Property(Set.Movies.Writer)) + String.IsEqual(ListItem.DBType,set)</visible>
						</item>                        
						<item>
							<label>$LOCALIZE[515](s):</label>
							<label2>$INFO[Window(Home).Property(Set.Movies.Genre)]</label2>
							<onclick>noop</onclick>
							<visible>!String.IsEmpty(Window(Home).Property(Set.Movies.Genre)) + String.IsEqual(ListItem.DBType,set)</visible>
						</item>                        
						<item>
							<label>$LOCALIZE[20161] $LOCALIZE[2050]:</label>
							<label2>$INFO[Window(Home).Property(Set.Movies.Runtime)] $LOCALIZE[12391]</label2>
							<onclick>noop</onclick>
							<visible>!String.IsEmpty(Window(Home).Property(Set.Movies.Runtime)) + String.IsEqual(ListItem.DBType,set)</visible>
						</item>
						<item>
							<label>$LOCALIZE[29909](s):</label>
							<label2>$INFO[Window(Home).Property(Set.Movies.Studio)]</label2>
							<onclick>noop</onclick>
							<visible>!String.IsEmpty(Window(Home).Property(Set.Movies.Studio)) + String.IsEqual(ListItem.DBType,set)</visible>
						</item>                        
						<item>
							<label>$LOCALIZE[20459]:</label>
							<label2>$INFO[ListItem.Tag]</label2>
							<onclick>noop</onclick>
							<visible>!String.IsEmpty(ListItem.Tag)</visible>
						</item>
						<item>
							<label>$LOCALIZE[126]:</label>
							<label2>$INFO[ListItem.Status]</label2>
							<onclick>noop</onclick>
							<visible>!String.IsEmpty(ListItem.Status)</visible>
						</item>
						<item>
							<label>$LOCALIZE[573]:</label>
							<label2>$INFO[ListItem.FolderPath]</label2>
							<onclick>noop</onclick>
							<visible>!String.IsEmpty(ListItem.FolderPath) + !String.IsEqual(ListItem.DBType,set)</visible>
						</item>
					</content>
				</control>
			</control>
		</control>
		<control type="grouplist" id="9000">
			<left>700</left>
			<posy>540</posy>
			<width>1180</width>
			<height>90</height>
			<align>center</align>
			<onup condition="Control.IsVisible(90003)">90003</onup>
            <onup condition="!Control.IsVisible(90003)">9009</onup>
            <ondown condition="String.IsEqual(ListItem.DBType,set)">SetFocus(90150)</ondown>
			<orientation>horizontal</orientation>
			<itemgap>16</itemgap>
			<control type="button" id="8" description="Browse">
				<height>90</height>
				<width min="220">auto</width>
				<align>center</align>
				<font>Details</font>
				<label>$LOCALIZE[1024]</label>
                <onclick>Dialog.Close(all,true)</onclick>
			    <onclick>ActivateWindow(Videos,videodb://movies/sets/$INFO[ListItem.DBID]/?setid=$INFO[ListItem.DBID])</onclick>
			</control>
<!--			<control type="button" id="297" description="AB: Choose Art">
				<height>90</height>
				<width min="220">auto</width>
				<align>center</align>
				<font>Details</font>
				<label>$LOCALIZE[32005]</label>
                <visible>system.hasaddon(script.artwork.beef)</visible>
                <onclick>XBMC.RunScript(script.artwork.beef, mode=gui, mediatype=set, dbid=$INFO[ListItem.DBID])</onclick>
                <visible>!Skin.HasSetting(KioskMode.Enabled)</visible>
			</control>
			<control type="button" id="298" description="AB: All Art">
				<height>90</height>
				<width min="220">auto</width>
				<align>center</align>
				<font>Details</font>
				<label>$LOCALIZE[32006]</label>
                <visible>system.hasaddon(script.artwork.beef)</visible>
                <onclick>XBMC.RunScript(script.artwork.beef, mode=auto, mediatype=set, dbid=$INFO[ListItem.DBID])</onclick>
                <visible>!Skin.HasSetting(KioskMode.Enabled)</visible>				
			</control> -->
			<control type="button" id="296" description="Show Fanart">
				<height>90</height>
				<width min="220">auto</width>
				<align>center</align>
				<font>Details</font>
				<label>$LOCALIZE[32068]</label>
                <onclick>SetProperty(fanart,$ESCINFO[ListItem.Art(fanart)],home)</onclick>
                <onclick>ActivateWindow(1126)</onclick>
                <visible>!String.IsEmpty(ListItem.Art(fanart))</visible>
			</control>			
		</control>

<!-- The use of two different cast panels, depending on whether ExtendedInfo is enabled in the skin has been adapted from MikeSiLVO's code.
     Many thanks to him -->
		
        <control type="group">
			<posx>700</posx>
			<posy>640</posy>
			<width>1180</width>
			<height>410</height>
			<onup>9000</onup>
            <ondown>noop</ondown>
            <visible>!Control.HasFocus(10)</visible>
			<include condition="String.IsEqual(ListItem.DBType,set)">ExtendedSet</include>
        </control>
        
		<control type="group">
			<visible>Control.HasFocus(10)</visible>
			<include>VisibleFadeEffectDelay</include>
			<posx>700</posx>
			<posy>640</posy>
			<control type="image" description="Current poster">
				<include>VisibleFadeEffectDelay</include>
				<posx>10</posx>
				<width>330</width>
				<height>340</height>
				<texture>$VAR[Poster]</texture>
				<aspectratio>keep</aspectratio>
			</control>
			<control type="label" description="Poster Label">
				<posy>350</posy>
				<width>350</width>
				<height>40</height>
				<align>center</align>
				<label>$LOCALIZE[20021]</label>
			</control>
			<control type="image" description="Current fanart">
				<include>VisibleFadeEffectDelay</include>
				<posx>360</posx>
				<width>330</width>
				<height>340</height>
				<texture>$INFO[ListItem.Art(fanart)]</texture>
				<aspectratio>keep</aspectratio>
			</control>
			<control type="label" description="Path Label">
				<posx>350</posx>
				<posy>350</posy>
				<width>350</width>
				<height>40</height>
				<align>center</align>
				<label>$LOCALIZE[20445]</label>
			</control>
			<control type="image" description="Current thumb">
				<include>VisibleFadeEffectDelay</include>
				<posx>710</posx>
				<width>330</width>
				<height>340</height>
				<texture>$INFO[ListItem.Art(thumb)]</texture>
				<aspectratio>keep</aspectratio>
			</control>
			<control type="label" description="Path Label">
				<posx>700</posx>
				<posy>350</posy>
				<width>350</width>
				<height>40</height>
				<align>center</align>
				<label>$LOCALIZE[21371]</label>
			</control>
		</control>
	</controls>
</window>
