<?xml version="1.0" encoding="utf-8"?>
<window>
	<defaultcontrol always="true">90001</defaultcontrol>
	<onload>ClearProperty(skinshortcuts-Widget,Home)</onload>
	<onunload>ClearProperty(skinshortcuts-Widget,Home)</onunload>
	<onunload>ClearProperty(skinshortcuts-management-widget,10000)</onunload>
	<onunload condition="String.IsEmpty(Window.Property(additionalDialog))">RunScript(script.skinshortcuts,type=buildxml&amp;mainmenuID=300)</onunload>
    <include>ClearWidgetNavProperties1</include>
	<controls>
		<control type="group">
			<visible>String.IsEmpty(Window.Property(additionalDialog))</visible>
			<animation effect="fade" time="250">WindowOpen</animation>
			<animation effect="fade" time="250">WindowClose</animation>
			<control type="image" description="Left Menu background">
				<left>60</left>
				<top>60</top>
				<width>412</width>
				<height>980</height>
				<texture border="45">dialogs/TinyDialog.png</texture>
			</control>
			<control type="image" description="2/2 Right Menu">
				<left>462</left>
				<top>60</top>
				<width>1419</width>
				<height>980</height>
				<texture border="45">dialogs/TinyDialog.png</texture>
			</control>
			<!-- Left Content -->
			<control type="label">
				<posx>100</posx>
				<posy>80</posy>
				<textcolor>Highlight</textcolor>
				<label>[B]$VAR[SkinShortcutsLeftLabelVar][/B]</label>
			</control>

			<!-- List of Menu/Submenu items -->
			<control type="list" id="211">
				<posx>105</posx>
				<posy>180</posy>
				<width>322</width>
				<height>780</height>

				<onright condition="String.IsEmpty(Window(Home).Property(skinshortcuts-Widget))">90001</onright>
				<onright condition="!String.IsEmpty(Window(Home).Property(skinshortcuts-Widget))">3000</onright>
				<itemlayout width="322" height="60">
					<control type="image">
						<width>322</width>
						<height>60</height>
						<texture border="3">buttons/ButtonNF.png</texture>
					</control>
					<control type="label" description="Main Label">
						<posx>10</posx>
						<width>301</width>
						<height>60</height>
						<label>$INFO[ListItem.Label]</label>
					</control>
				</itemlayout>
				<focusedlayout width="322" height="60">
					<control type="image" description="fa overlay">
						<animation effect="fade" start="100" end="40" time="100" condition="!Control.HasFocus(211)">Conditional</animation>
						<width>322</width>
						<height>60</height>
						<texture border="4" colordiffuse="Highlight">img/WhiteRoundedST2.png</texture>
					</control>
					<control type="label" description="Main Label">
						<posx>10</posx>
						<width>301</width>
						<height>60</height>
						<textcolor>Black</textcolor>
						<shadowcolor></shadowcolor>
						<label>$INFO[ListItem.Label]</label>
					</control>
				</focusedlayout>
			</control>

			<!-- Right Content -->
			<control type="label">
				<label>[B]$INFO[Control.GetLabel(211)][/B]</label>
				<posx>500</posx>
				<posy>80</posy>
				<textcolor>Highlight</textcolor>
			</control>
			<control type="image">
				<visible>ControlGroup(90000).HasFocus</visible>
				<top>180</top>
				<left>500</left>
				<height>60</height>
				<width>1340</width>
				<texture border="4" colordiffuse="Highlight">img/WhiteRoundedST2.png</texture>
			</control>
			<control type="image">
				<visible>!ControlGroup(90000).HasFocus</visible>
				<top>180</top>
				<left>500</left>
				<height>60</height>
				<width>1340</width>
				<texture border="3">list/ListNF.png</texture>
			</control>

			<!-- Buttons to add, delete and move menu/submenu items -->
			<control type="grouplist" id="90000">
				<visible>String.IsEmpty(Window(Home).Property(skinshortcuts-Widget))</visible>
				<top>180</top>
				<left>500</left>
				<width>1340</width>
				<height>60</height>
				<onleft>211</onleft>
				<onright>60</onright>
				<onup>308</onup>
				<ondown>401</ondown>
				<orientation>horizontal</orientation>
				<control type="button" id="303">
					<description>Move up</description>
					<texturefocus />
					<texturenofocus />
					<width>75</width>
					<align>center</align>
					<font>Font40_Icon</font>
					<label></label>
				</control>
				<control type="button" id="304">
					<description>Move down</description>
					<texturefocus />
					<texturenofocus />
					<width>75</width>
					<align>center</align>
					<font>Font40_Icon</font>
					<label></label>
				</control>
				<control type="button" id="301">
					<description>Add shortcut</description>
					<texturefocus />
					<texturenofocus />
					<width>75</width>
					<align>center</align>
					<font>Font40_Icon</font>
					<label></label>
				</control>
				<control type="button" id="302">
					<description>Delete shortcut</description>
					<texturefocus />
					<texturenofocus />
					<width>75</width>
					<align>center</align>
					<font>Font40_Icon</font>
					<label></label>
				</control>
				<control type="label">
					<width>16</width>
				</control>
				<control type="label">
					<label>$VAR[SkinShortcutLabelVar]</label>
					<textcolor>Black</textcolor>
				</control>
			</control>

			<!-- Buttons to configure each menu/submenu item -->
			<control type="grouplist" id="90001">
				<visible>String.IsEmpty(Window(Home).Property(skinshortcuts-Widget))</visible>
				<top>240</top>
				<left>500</left>
				<width>1340</width>
				<height>670</height>
				<onleft>211</onleft>
				<onright>60</onright>
				<onup>90000</onup>
				<ondown>90000</ondown>
				<pagecontrol>60</pagecontrol>

				<control type="togglebutton" id="313" description="Enable/Disable">
					<label>$LOCALIZE[24022]</label>
					<altlabel>$LOCALIZE[24021]</altlabel>
					<usealttexture>!String.IsEqual(Container(211).ListItem.Property(skinshortcuts-disabled),True)</usealttexture>
					<height>60</height>
					<width>1340</width>
					<texturenofocus border="3">buttons/ButtonNF.png</texturenofocus>
					<font>ListDetails</font>
				</control>
				<control type="button" id="401">
					<description>Choose shortcut</description>
					<label>$ADDON[script.skinshortcuts 32048]</label>
					<height>60</height>
					<width>1340</width>
					<texturenofocus border="3">buttons/ButtonNF.png</texturenofocus>
					<font>ListDetails</font>
					<visible>!String.IsEqual(Container(211).ListItem.Property(skinshortcuts-disabled),True)</visible>
				</control>
				<control type="button" id="305">
					<description>Change label</description>
					<label>$ADDON[script.skinshortcuts 32025]</label>
					<label2>$INFO[Container(211).ListItem.Label]</label2>
					<height>60</height>
					<width>1340</width>
					<texturenofocus border="3">buttons/ButtonNF.png</texturenofocus>
					<font>ListDetails</font>
					<visible>!String.IsEqual(Container(211).ListItem.Property(skinshortcuts-disabled),True)</visible>
				</control>
				<control type="button" id="307">
					<description>Change action</description>
					<label>$ADDON[script.skinshortcuts 32027]</label>
					<label2>$INFO[Container(211).ListItem.Property(displaypath)]</label2>
					<height>60</height>
					<width>1340</width>
					<texturenofocus border="3">buttons/ButtonNF.png</texturenofocus>
					<font>ListDetails</font>
					<visible>!String.IsEqual(Container(211).ListItem.Property(skinshortcuts-disabled),True)</visible>
				</control>
				<control type="button" id="405">
					<description>Edit submenu</description>
					<label>$ADDON[script.skinshortcuts 32072]</label>
					<visible>String.IsEqual(Window.Property(groupname),mainmenu)</visible>
					<height>60</height>
					<width>1340</width>
					<texturenofocus border="3">buttons/ButtonNF.png</texturenofocus>
					<font>ListDetails</font>
					<visible>!String.IsEqual(Container(211).ListItem.Property(skinshortcuts-disabled),True)</visible>
				</control>
				<control type="button" id="310">
					<description>Background</description>
					<label>$ADDON[script.skinshortcuts 32045]</label>
					<label2>$INFO[Container(211).ListItem.Property(background)]</label2>
					<visible>String.IsEqual(Window.Property(groupname),mainmenu)</visible>
					<height>60</height>
					<width>1340</width>
					<texturenofocus border="3">buttons/ButtonNF.png</texturenofocus>
					<font>ListDetails</font>
					<visible>!String.IsEqual(Container(211).ListItem.Property(skinshortcuts-disabled),True)</visible>
				</control>
				<control type="button" id="500">
					<visible>String.IsEqual(Window.Property(groupname),mainmenu)</visible>
					<description>Choose infoline</description>
					<label>$LOCALIZE[31417]</label>
					<label2>$VAR[InfoLineLabel]</label2>
					<visible>String.IsEqual(Window.Property(groupname),mainmenu)</visible>
					<onclick>SetProperty(chooseProperty,InfoLine)</onclick>
					<onclick>SendClick(404)</onclick>
					<height>60</height>
					<width>1340</width>
					<texturenofocus border="3">buttons/ButtonNF.png</texturenofocus>
					<font>ListDetails</font>
					<visible>!String.IsEqual(Container(211).ListItem.Property(skinshortcuts-disabled),True)</visible>
				</control>
				<control type="radiobutton" id="806">
					<visible>String.IsEqual(Window.Property(groupname),mainmenu) + !Skin.HasSetting(Hide.AllShelves)</visible>
					<label>$LOCALIZE[32053]</label>
					<onclick condition="!String.IsEmpty(Container(211).ListItem.Property(widgetTwoShelves))">SetProperty(customProperty,widgetTwoShelves)</onclick>
					<onclick condition="String.IsEqual(Container(211).ListItem.Property(widgetTwoShelves),true)">SetProperty(customProperty,widgetTwoShelves)</onclick>
					<onclick condition="String.IsEqual(Container(211).ListItem.Property(widgetTwoShelves),false)">SetProperty(customValue,true)</onclick>
					<onclick>SendClick(404)</onclick>
					<selected>String.IsEqual(Container(211).ListItem.Property(widgetTwoShelves),true)</selected>
					<height>60</height>
					<width>1340</width>
					<texturenofocus border="3">buttons/ButtonNF.png</texturenofocus>
					<font>ListDetails</font>
					<visible>!String.IsEqual(Container(211).ListItem.Property(skinshortcuts-disabled),True)</visible>
				</control>
				<control type="button" id="800">
					<visible>String.IsEqual(Window.Property(groupname),mainmenu) + !Skin.HasSetting(Hide.AllShelves)</visible>
					<description>Widget</description>
					<label>$LOCALIZE[31491] 1</label>
					<label2>$INFO[Container(211).ListItem.Property(widgetName)]</label2>
					<onfocus condition="!String.IsEmpty(Window(Home).Property(skinshortcuts-Widget))">ClearProperty(skinshortcuts-Widget,Home)</onfocus>
					<onclick>SetProperty(skinshortcuts-Widget,1,Home)</onclick>
					<onclick>Control.SetFocus(312)</onclick>
					<height>60</height>
					<width>1340</width>
					<texturenofocus border="3">buttons/ButtonNF.png</texturenofocus>
					<font>ListDetails</font>
					<visible>!String.IsEqual(Container(211).ListItem.Property(skinshortcuts-disabled),True)</visible>
				</control>
				<control type="button" id="801">
					<visible>String.IsEqual(Window.Property(groupname),mainmenu) + !Skin.HasSetting(Hide.AllShelves)</visible>
					<description>Widget 2</description>
					<label>$LOCALIZE[31491] 2</label>
					<label2>$INFO[Container(211).ListItem.Property(widgetName.2)]</label2>
					<onfocus condition="!String.IsEmpty(Window(Home).Property(skinshortcuts-Widget))">ClearProperty(skinshortcuts-Widget,Home)</onfocus>
					<onclick>SetProperty(skinshortcuts-Widget,2,Home)</onclick>
					<onclick>Control.SetFocus(4312)</onclick>
					<height>60</height>
					<width>1340</width>
					<texturenofocus border="3">buttons/ButtonNF.png</texturenofocus>
					<font>ListDetails</font>
					<visible>!String.IsEqual(Container(211).ListItem.Property(skinshortcuts-disabled),True)</visible>
				</control>
				<control type="button" id="802">
					<visible>String.IsEqual(Window.Property(groupname),mainmenu) + !Skin.HasSetting(Hide.AllShelves) + String.IsEqual(Container(211).ListItem.Property(widgetTwoShelves),false)</visible>
					<description>Widget 3</description>
					<label>$LOCALIZE[31491] 3</label>
					<label2>$INFO[Container(211).ListItem.Property(widgetName.3)]</label2>
					<onfocus condition="!String.IsEmpty(Window(Home).Property(skinshortcuts-Widget))">ClearProperty(skinshortcuts-Widget,Home)</onfocus>
					<onclick>SetProperty(skinshortcuts-Widget,3,Home)</onclick>
					<onclick>Control.SetFocus(5312)</onclick>
					<height>60</height>
					<width>1340</width>
					<texturenofocus border="3">buttons/ButtonNF.png</texturenofocus>
					<font>ListDetails</font>
					<visible>!String.IsEqual(Container(211).ListItem.Property(skinshortcuts-disabled),True)</visible>
				</control>
				<control type="button" id="803">
					<visible>String.IsEqual(Window.Property(groupname),mainmenu) + String.IsEqual(Container(211).ListItem.Property(widgetTwoShelves),false)</visible>
					<description>Widget 4</description>
					<label>$LOCALIZE[31491] 4</label>
					<label2>$INFO[Container(211).ListItem.Property(widgetName.4)]</label2>
					<onfocus condition="!String.IsEmpty(Window(Home).Property(skinshortcuts-Widget))">ClearProperty(skinshortcuts-Widget,Home)</onfocus>
					<onclick>SetProperty(skinshortcuts-Widget,4,Home)</onclick>
					<onclick>Control.SetFocus(6312)</onclick>
					<height>60</height>
					<width>1340</width>
					<texturenofocus border="3">buttons/ButtonNF.png</texturenofocus>
					<font>ListDetails</font>
					<visible>!String.IsEqual(Container(211).ListItem.Property(skinshortcuts-disabled),True)</visible>
				</control>
				<control type="button" id="804">
					<visible>String.IsEqual(Window.Property(groupname),mainmenu) + !Skin.HasSetting(Hide.AllShelves) + String.IsEqual(Container(211).ListItem.Property(widgetTwoShelves),false)</visible>
					<description>Widget 5</description>
					<label>$LOCALIZE[31491] 5</label>
					<label2>$INFO[Container(211).ListItem.Property(widgetName.5)]</label2>
					<onfocus condition="!String.IsEmpty(Window(Home).Property(skinshortcuts-Widget))">ClearProperty(skinshortcuts-Widget,Home)</onfocus>
					<onclick>SetProperty(skinshortcuts-Widget,5,Home)</onclick>
					<onclick>Control.SetFocus(7312)</onclick>
					<height>60</height>
					<width>1340</width>
					<texturenofocus border="3">buttons/ButtonNF.png</texturenofocus>
					<font>ListDetails</font>
					<visible>!String.IsEqual(Container(211).ListItem.Property(skinshortcuts-disabled),True)</visible>
				</control>
				<control type="button" id="805">
					<visible>String.IsEqual(Window.Property(groupname),mainmenu) + !Skin.HasSetting(Hide.AllShelves) + String.IsEqual(Container(211).ListItem.Property(widgetTwoShelves),false)</visible>
					<description>Widget 6</description>
					<label>$LOCALIZE[31491] 6</label>
					<label2>$INFO[Container(211).ListItem.Property(widgetName.6)]</label2>
					<onfocus condition="!String.IsEmpty(Window(Home).Property(skinshortcuts-Widget))">ClearProperty(skinshortcuts-Widget,Home)</onfocus>
					<onclick>SetProperty(skinshortcuts-Widget,6,Home)</onclick>
					<onclick>Control.SetFocus(8312)</onclick>
					<height>60</height>
					<width>1340</width>
					<texturenofocus border="3">buttons/ButtonNF.png</texturenofocus>
					<font>ListDetails</font>
					<visible>!String.IsEqual(Container(211).ListItem.Property(skinshortcuts-disabled),True)</visible>
				</control>
				<control type="radiobutton" id="904">
					<visible>String.IsEqual(Window.Property(groupname),mainmenu) + !Skin.HasSetting(Hide.AllShelves)</visible>
					<visible>!String.IsEqual(Container(211).ListItem.Property(skinshortcuts-disabled),True)</visible>
					<description>Disable widgets fanart</description>
					<label>$LOCALIZE[31483]</label>
					<onclick condition="!String.IsEmpty(Container(211).ListItem.Property(widgetsHide))">SetProperty(customProperty,widgetsHide)</onclick>
					<onclick condition="String.IsEmpty(Container(211).ListItem.Property(widgetsHide))">SetProperty(customProperty,widgetsHide)</onclick>
					<onclick condition="String.IsEmpty(Container(211).ListItem.Property(widgetsHide))">SetProperty(customValue,true)</onclick>
					<onclick>SendClick(404)</onclick>
					<selected>!String.IsEmpty(Container(211).ListItem.Property(widgetsHide))</selected>
					<height>60</height>
					<width>1340</width>
					<texturenofocus border="3">buttons/ButtonNF.png</texturenofocus>
					<font>ListDetails</font>
                </control>    
				<control type="radiobutton" id="903">
					<visible>String.IsEqual(Window.Property(groupname),mainmenu) + !Skin.HasSetting(Hide.AllShelves)</visible>
					<visible>!String.IsEqual(Container(211).ListItem.Property(skinshortcuts-disabled),True)</visible>
					<description>Disable widgets fanart</description>
					<label>$LOCALIZE[31484]</label>
					<onclick condition="!String.IsEmpty(Container(211).ListItem.Property(widgetDisableFanart))">SetProperty(customProperty,widgetDisableFanart)</onclick>
					<onclick condition="String.IsEmpty(Container(211).ListItem.Property(widgetDisableFanart))">SetProperty(customProperty,widgetDisableFanart)</onclick>
					<onclick condition="String.IsEmpty(Container(211).ListItem.Property(widgetDisableFanart))">SetProperty(customValue,true)</onclick>
					<onclick>SendClick(404)</onclick>
					<selected>!String.IsEmpty(Container(211).ListItem.Property(widgetDisableFanart))</selected>
					<height>60</height>
					<width>1340</width>
					<texturenofocus border="3">buttons/ButtonNF.png</texturenofocus>
					<font>ListDetails</font>
				</control>
				<control type="radiobutton" id="900">
					<visible>String.IsEqual(Window.Property(groupname),mainmenu) + !Skin.HasSetting(Hide.AllShelves)</visible>
					<visible>!String.IsEqual(Container(211).ListItem.Property(skinshortcuts-disabled),True)</visible>
					<description>Enable PVR TV Recording widget</description>
					<label>$LOCALIZE[31485]</label>
					<onclick condition="!String.IsEmpty(Container(211).ListItem.Property(widgetRecordingTV))">SetProperty(customProperty,widgetRecordingTV)</onclick>
					<onclick condition="String.IsEmpty(Container(211).ListItem.Property(widgetRecordingTV))">SetProperty(customProperty,widgetRecordingTV)</onclick>
					<onclick condition="String.IsEmpty(Container(211).ListItem.Property(widgetRecordingTV))">SetProperty(customValue,true)</onclick>
					<onclick>SendClick(404)</onclick>
					<selected>!String.IsEmpty(Container(211).ListItem.Property(widgetRecordingTV))</selected>
					<height>60</height>
					<width>1340</width>
					<texturenofocus border="3">buttons/ButtonNF.png</texturenofocus>
					<font>ListDetails</font>
				</control>
				<control type="radiobutton" id="901">
					<visible>String.IsEqual(Window.Property(groupname),mainmenu) + !Skin.HasSetting(Hide.AllShelves)</visible>
					<visible>!String.IsEqual(Container(211).ListItem.Property(skinshortcuts-disabled),True)</visible>
					<description>Enable PVR Radio Recording widget</description>
					<label>$LOCALIZE[31486]</label>
					<onclick condition="!String.IsEmpty(Container(211).ListItem.Property(widgetRecordingRadio))">SetProperty(customProperty,widgetRecordingRadio)</onclick>
					<onclick condition="String.IsEmpty(Container(211).ListItem.Property(widgetRecordingRadio))">SetProperty(customProperty,widgetRecordingRadio)</onclick>
					<onclick condition="String.IsEmpty(Container(211).ListItem.Property(widgetRecordingRadio))">SetProperty(customValue,true)</onclick>
					<onclick>SendClick(404)</onclick>
					<selected>!String.IsEmpty(Container(211).ListItem.Property(widgetRecordingRadio))</selected>
					<height>60</height>
					<width>1340</width>
					<texturenofocus border="3">buttons/ButtonNF.png</texturenofocus>
					<font>ListDetails</font>
				</control>
				<control type="button" id="308">
					<description>Restore shortcuts</description>
					<label>$ADDON[script.skinshortcuts 32028]</label>
					<height>60</height>
					<width>1340</width>
					<texturenofocus border="3">buttons/ButtonNF.png</texturenofocus>
					<font>ListDetails</font>
					<visible>!String.IsEqual(Container(211).ListItem.Property(skinshortcuts-disabled),True)</visible>
				</control>
			</control>
		</control>

		<!-- Widget 1 settings -->
		<control type="group">
			<visible>String.IsEqual(Window(Home).Property(skinshortcuts-Widget),1)</visible>
			<control type="button" id="3100">
				<left>425</left>
				<width>1395</width>
				<height>100%</height>
				<onclick>back</onclick>
				<texturefocus />
				<texturenofocus />
			</control>
			<control type="grouplist" id="3000">
				<top>240</top>
				<left>500</left>
				<width>1340</width>
				<height>670</height>
				<onleft>211</onleft>
				<onright>60</onright>
				<onup>3000</onup>
				<ondown>3000</ondown>
				<pagecontrol>60</pagecontrol>
				<control type="button" id="312">
					<label>$LOCALIZE[31491] 1</label>
					<label2>$INFO[Container(211).ListItem.Property(widgetName)]</label2>
					<height>60</height>
					<width>1340</width>
					<texturenofocus border="3">buttons/ButtonNF.png</texturenofocus>
					<font>ListDetails</font>
				</control>
				<control type="radiobutton" id="3002">
					<visible>!String.IsEmpty(Container(211).ListItem.Property(widgetPath)) + String.IsEqual(Container(211).ListItem.Property(widgetTwoShelves),false)</visible>
					<label>$LOCALIZE[31046]</label>
					<onclick condition="!String.IsEmpty(Container(211).ListItem.Property(widgetDouble))">SetProperty(customProperty,widgetDouble)</onclick>
					<onclick condition="String.IsEmpty(Container(211).ListItem.Property(widgetDouble))">SetProperty(customProperty,widgetDouble)</onclick>
					<onclick condition="String.IsEmpty(Container(211).ListItem.Property(widgetDouble))">SetProperty(customValue,true)</onclick>
					<onclick>SendClick(404)</onclick>
					<selected>!String.IsEmpty(Container(211).ListItem.Property(widgetDouble))</selected>
					<height>60</height>
					<width>1340</width>
					<texturenofocus border="3">buttons/ButtonNF.png</texturenofocus>
					<font>ListDetails</font>
				</control>
				<control type="button" id="3003">
					<visible>!String.IsEmpty(Container(211).ListItem.Property(widgetPath)) + !String.IsEqual(Container(211).ListItem.Property(widget),static)</visible>
					<label>$LOCALIZE[31480]</label>
					<label2>$INFO[Container(211).ListItem.Property(widgetSortBy)]</label2>
					<height>60</height>
					<width>1340</width>
					<texturenofocus border="3">buttons/ButtonNF.png</texturenofocus>
					<font>ListDetails</font>
				</control>
				<control type="button" id="3004">
					<visible>!String.IsEmpty(Container(211).ListItem.Property(widgetPath)) + !String.IsEmpty(Container(211).ListItem.Property(widgetSortBy)) + !String.IsEqual(Container(211).ListItem.Property(widgetSortBy),random) + !String.IsEqual(Container(211).ListItem.Property(widget),static)</visible>
						<label>$LOCALIZE[31481]</label>
						<label2>$INFO[Container(211).ListItem.Property(widgetSortOrder)]</label2>
						<height>60</height>
						<width>1340</width>
						<texturenofocus border="3">buttons/ButtonNF.png</texturenofocus>
						<font>ListDetails</font>
					</control>
					<control type="button" id="3005">
						<visible>!String.IsEmpty(Container(211).ListItem.Property(widgetPath)) + !String.IsEqual(Container(211).ListItem.Property(widget),static)</visible>
						<label>$LOCALIZE[31482]</label>
						<label2>$INFO[Container(211).ListItem.Property(widgetLimit)]</label2>
						<height>60</height>
						<width>1340</width>
						<texturenofocus border="3">buttons/ButtonNF.png</texturenofocus>
						<font>ListDetails</font>
					</control>
				</control>
			</control>

			<!-- Widget 2 settings -->
			<control type="group">
				<visible>String.IsEqual(Window(Home).Property(skinshortcuts-Widget),2)</visible>
				<control type="button" id="4100">
					<left>425</left>
					<width>1395</width>
					<height>100%</height>
					<onclick>back</onclick>
					<texturefocus />
					<texturenofocus />
				</control>
				<control type="grouplist" id="4000">
					<top>240</top>
					<left>500</left>
					<width>1340</width>
					<height>670</height>
					<onleft>211</onleft>
					<onright>60</onright>
					<onup>4000</onup>
					<ondown>4000</ondown>
					<pagecontrol>60</pagecontrol>
					<control type="button" id="4312">
						<label>$LOCALIZE[31491] 2</label>
						<label2>$INFO[Container(211).ListItem.Property(widgetName.2)]</label2>
						<onclick>SetProperty(widgetID,2)</onclick>
						<onclick>SendClick(312)</onclick>
						<height>60</height>
						<width>1340</width>
						<texturenofocus border="3">buttons/ButtonNF.png</texturenofocus>
						<font>ListDetails</font>
					</control>
					<control type="radiobutton" id="4002">
						<visible>!String.IsEmpty(Container(211).ListItem.Property(widgetPath.2)) + String.IsEqual(Container(211).ListItem.Property(widgetTwoShelves),false)</visible>
						<label>$LOCALIZE[31046]</label>
						<onclick condition="!String.IsEmpty(Container(211).ListItem.Property(widgetDouble.2))">SetProperty(customProperty,widgetDouble.2)</onclick>
						<onclick condition="String.IsEmpty(Container(211).ListItem.Property(widgetDouble.2))">SetProperty(customProperty,widgetDouble.2)</onclick>
						<onclick condition="String.IsEmpty(Container(211).ListItem.Property(widgetDouble.2))">SetProperty(customValue,true)</onclick>
						<onclick>SendClick(404)</onclick>
						<selected>!String.IsEmpty(Container(211).ListItem.Property(widgetDouble.2))</selected>
						<height>60</height>
						<width>1340</width>
						<texturenofocus border="3">buttons/ButtonNF.png</texturenofocus>
						<font>ListDetails</font>
					</control>
					<control type="button" id="4003">
						<visible>!String.IsEmpty(Container(211).ListItem.Property(widgetPath.2)) + !String.IsEqual(Container(211).ListItem.Property(widget.2),static)</visible>
						<label>$LOCALIZE[31480]</label>
						<label2>$INFO[Container(211).ListItem.Property(widgetSortBy.2)]</label2>
						<height>60</height>
						<width>1340</width>
						<texturenofocus border="3">buttons/ButtonNF.png</texturenofocus>
						<font>ListDetails</font>
					</control>
					<control type="button" id="4004">
						<visible>!String.IsEmpty(Container(211).ListItem.Property(widgetPath.2)) + !String.IsEqual(Container(211).ListItem.Property(widgetSortBy.2),random) + !String.IsEmpty(Container(211).ListItem.Property(widgetSortBy.2)) + !String.IsEqual(Container(211).ListItem.Property(widget.2),static)</visible>
							<label>$LOCALIZE[31481]</label>
							<label2>$INFO[Container(211).ListItem.Property(widgetSortOrder.2)]</label2>
							<height>60</height>
							<width>1340</width>
							<texturenofocus border="3">buttons/ButtonNF.png</texturenofocus>
							<font>ListDetails</font>
						</control>
						<control type="button" id="4005">
							<visible>!String.IsEmpty(Container(211).ListItem.Property(widgetPath.2)) + !String.IsEqual(Container(211).ListItem.Property(widget.2),static)</visible>
							<label>$LOCALIZE[31482]</label>
							<label2>$INFO[Container(211).ListItem.Property(widgetLimit.2)]</label2>
							<height>60</height>
							<width>1340</width>
							<texturenofocus border="3">buttons/ButtonNF.png</texturenofocus>
							<font>ListDetails</font>
						</control>
					</control>
				</control>

				<!-- Widget 3 settings -->
				<control type="group">
					<visible>String.IsEqual(Window(Home).Property(skinshortcuts-Widget),3)</visible>
					<control type="button" id="5100">
						<left>425</left>
						<width>1395</width>
						<height>100%</height>
						<onclick>back</onclick>
						<texturefocus />
						<texturenofocus />
					</control>
					<control type="grouplist" id="5000">
						<top>240</top>
						<left>500</left>
						<width>1340</width>
						<height>670</height>
						<onleft>211</onleft>
						<onright>60</onright>
						<onup>5000</onup>
						<ondown>5000</ondown>
						<pagecontrol>60</pagecontrol>
						<control type="button" id="5312">
							<label>$LOCALIZE[31491] 3</label>
							<label2>$INFO[Container(211).ListItem.Property(widgetName.3)]</label2>
							<onclick>SetProperty(widgetID,3)</onclick>
							<onclick>SendClick(312)</onclick>
							<height>60</height>
							<width>1340</width>
							<texturenofocus border="3">buttons/ButtonNF.png</texturenofocus>
							<font>ListDetails</font>
						</control>
						<control type="radiobutton" id="5002">
							<visible>!String.IsEmpty(Container(211).ListItem.Property(widgetPath.3))</visible>
							<label>$LOCALIZE[31046]</label>
							<onclick condition="!String.IsEmpty(Container(211).ListItem.Property(widgetDouble.3))">SetProperty(customProperty,widgetDouble.3)</onclick>
							<onclick condition="String.IsEmpty(Container(211).ListItem.Property(widgetDouble.3))">SetProperty(customProperty,widgetDouble.3)</onclick>
							<onclick condition="String.IsEmpty(Container(211).ListItem.Property(widgetDouble.3))">SetProperty(customValue,true)</onclick>
							<onclick>SendClick(404)</onclick>
							<selected>!String.IsEmpty(Container(211).ListItem.Property(widgetDouble.3))</selected>
							<height>60</height>
							<width>1340</width>
							<texturenofocus border="3">buttons/ButtonNF.png</texturenofocus>
							<font>ListDetails</font>
						</control>
						<control type="button" id="5003">
							<visible>!String.IsEmpty(Container(211).ListItem.Property(widgetPath.3)) + !String.IsEqual(Container(211).ListItem.Property(widget.3),static)</visible>
							<label>$LOCALIZE[31480]</label>
							<label2>$INFO[Container(211).ListItem.Property(widgetSortBy.3)]</label2>
							<height>60</height>
							<width>1340</width>
							<texturenofocus border="3">buttons/ButtonNF.png</texturenofocus>
							<font>ListDetails</font>
						</control>
						<control type="button" id="5004">
							<visible>!String.IsEmpty(Container(211).ListItem.Property(widgetPath.3)) + !String.IsEqual(Container(211).ListItem.Property(widgetSortBy.3),random) + !String.IsEmpty(Container(211).ListItem.Property(widgetSortBy.3)) + !String.IsEqual(Container(211).ListItem.Property(widget.3),static)</visible>
								<label>$LOCALIZE[31481]</label>
								<label2>$INFO[Container(211).ListItem.Property(widgetSortOrder.3)]</label2>
								<height>60</height>
								<width>1340</width>
								<texturenofocus border="3">buttons/ButtonNF.png</texturenofocus>
								<font>ListDetails</font>
							</control>
							<control type="button" id="5005">
								<visible>!String.IsEmpty(Container(211).ListItem.Property(widgetPath.3)) + !String.IsEqual(Container(211).ListItem.Property(widget.3),static)</visible>
								<label>$LOCALIZE[31482]</label>
								<label2>$INFO[Container(211).ListItem.Property(widgetLimit.3)]</label2>
								<height>60</height>
								<width>1340</width>
								<texturenofocus border="3">buttons/ButtonNF.png</texturenofocus>
								<font>ListDetails</font>
							</control>
						</control>
					</control>

					<!-- Widget 4 settings -->
					<control type="group">
						<visible>String.IsEqual(Window(Home).Property(skinshortcuts-Widget),4)</visible>
						<control type="button" id="6100">
							<left>425</left>
							<width>1395</width>
							<height>100%</height>
							<onclick>back</onclick>
							<texturefocus />
							<texturenofocus />
						</control>
						<control type="grouplist" id="6000">
							<top>240</top>
							<left>500</left>
							<width>1340</width>
							<height>670</height>
							<onleft>211</onleft>
							<onright>60</onright>
							<onup>6000</onup>
							<ondown>6000</ondown>
							<pagecontrol>60</pagecontrol>
							<control type="button" id="6312">
								<label>$LOCALIZE[31491] 4</label>
								<label2>$INFO[Container(211).ListItem.Property(widgetName.4)]</label2>
								<onclick>SetProperty(widgetID,4)</onclick>
								<onclick>SendClick(312)</onclick>
								<height>60</height>
								<width>1340</width>
								<texturenofocus border="3">buttons/ButtonNF.png</texturenofocus>
								<font>ListDetails</font>
							</control>
							<control type="radiobutton" id="6002">
								<visible>!String.IsEmpty(Container(211).ListItem.Property(widgetPath.4))</visible>
								<label>$LOCALIZE[31046]</label>
								<onclick condition="!String.IsEmpty(Container(211).ListItem.Property(widgetDouble.4))">SetProperty(customProperty,widgetDouble.4)</onclick>
								<onclick condition="String.IsEmpty(Container(211).ListItem.Property(widgetDouble.4))">SetProperty(customProperty,widgetDouble.4)</onclick>
								<onclick condition="String.IsEmpty(Container(211).ListItem.Property(widgetDouble.4))">SetProperty(customValue,true)</onclick>
								<onclick>SendClick(404)</onclick>
								<selected>!String.IsEmpty(Container(211).ListItem.Property(widgetDouble.4))</selected>
								<height>60</height>
								<width>1340</width>
								<texturenofocus border="3">buttons/ButtonNF.png</texturenofocus>
								<font>ListDetails</font>
							</control>
							<control type="button" id="6003">
								<visible>!String.IsEmpty(Container(211).ListItem.Property(widgetPath.4)) + !String.IsEqual(Container(211).ListItem.Property(widget.4),static)</visible>
								<label>$LOCALIZE[31480]</label>
								<label2>$INFO[Container(211).ListItem.Property(widgetSortBy.4)]</label2>
								<height>60</height>
								<width>1340</width>
								<texturenofocus border="3">buttons/ButtonNF.png</texturenofocus>
								<font>ListDetails</font>
							</control>
							<control type="button" id="6004">
								<visible>!String.IsEmpty(Container(211).ListItem.Property(widgetPath.4)) + !String.IsEqual(Container(211).ListItem.Property(widgetSortBy.4),random) + !String.IsEmpty(Container(211).ListItem.Property(widgetSortBy.4)) + !String.IsEqual(Container(211).ListItem.Property(widget.4),static)</visible>
									<label>$LOCALIZE[31481]</label>
									<label2>$INFO[Container(211).ListItem.Property(widgetSortOrder.4)]</label2>
									<height>60</height>
									<width>1340</width>
									<texturenofocus border="3">buttons/ButtonNF.png</texturenofocus>
									<font>ListDetails</font>
								</control>
								<control type="button" id="6005">
									<visible>!String.IsEmpty(Container(211).ListItem.Property(widgetPath.4)) + !String.IsEqual(Container(211).ListItem.Property(widget.4),static)</visible>
									<label>$LOCALIZE[31482]</label>
									<label2>$INFO[Container(211).ListItem.Property(widgetLimit.4)]</label2>
									<height>60</height>
									<width>1340</width>
									<texturenofocus border="3">buttons/ButtonNF.png</texturenofocus>
									<font>ListDetails</font>
								</control>
							</control>
						</control>

						<!-- Widget 5 settings -->
						<control type="group">
							<visible>String.IsEqual(Window(Home).Property(skinshortcuts-Widget),5)</visible>
							<control type="button" id="7100">
								<left>425</left>
								<width>1395</width>
								<height>100%</height>
								<onclick>back</onclick>
								<texturefocus />
								<texturenofocus />
							</control>
							<control type="grouplist" id="7000">
								<top>240</top>
								<left>500</left>
								<width>1340</width>
								<height>670</height>
								<onleft>211</onleft>
								<onright>60</onright>
								<onup>7000</onup>
								<ondown>7000</ondown>
								<pagecontrol>60</pagecontrol>
								<control type="button" id="7312">
									<label>$LOCALIZE[31491] 5</label>
									<label2>$INFO[Container(211).ListItem.Property(widgetName.5)]</label2>
									<onclick>SetProperty(widgetID,5)</onclick>
									<onclick>SendClick(312)</onclick>
									<height>60</height>
									<width>1340</width>
									<texturenofocus border="3">buttons/ButtonNF.png</texturenofocus>
									<font>ListDetails</font>
								</control>
								<control type="radiobutton" id="7002">
									<visible>!String.IsEmpty(Container(211).ListItem.Property(widgetPath.5))</visible>
									<label>$LOCALIZE[31046]</label>
									<onclick condition="!String.IsEmpty(Container(211).ListItem.Property(widgetDouble.5))">SetProperty(customProperty,widgetDouble.5)</onclick>
									<onclick condition="String.IsEmpty(Container(211).ListItem.Property(widgetDouble.5))">SetProperty(customProperty,widgetDouble.5)</onclick>
									<onclick condition="String.IsEmpty(Container(211).ListItem.Property(widgetDouble.5))">SetProperty(customValue,true)</onclick>
									<onclick>SendClick(404)</onclick>
									<selected>!String.IsEmpty(Container(211).ListItem.Property(widgetDouble.5))</selected>
									<height>60</height>
									<width>1340</width>
									<texturenofocus border="3">buttons/ButtonNF.png</texturenofocus>
									<font>ListDetails</font>
								</control>
								<control type="button" id="7003">
									<visible>!String.IsEmpty(Container(211).ListItem.Property(widgetPath.5)) + !String.IsEqual(Container(211).ListItem.Property(widget.5),static)</visible>
									<label>$LOCALIZE[31480]</label>
									<label2>$INFO[Container(211).ListItem.Property(widgetSortBy.5)]</label2>
									<height>60</height>
									<width>1340</width>
									<texturenofocus border="3">buttons/ButtonNF.png</texturenofocus>
									<font>ListDetails</font>
								</control>
								<control type="button" id="7004">
									<visible>!String.IsEmpty(Container(211).ListItem.Property(widgetPath.5)) + !String.IsEqual(Container(211).ListItem.Property(widgetSortBy.5),random) + !String.IsEmpty(Container(211).ListItem.Property(widgetSortBy.5)) + !String.IsEqual(Container(211).ListItem.Property(widget.5),static)</visible>
										<label>$LOCALIZE[31481]</label>
										<label2>$INFO[Container(211).ListItem.Property(widgetSortOrder.5)]</label2>
										<height>60</height>
										<width>1340</width>
										<texturenofocus border="3">buttons/ButtonNF.png</texturenofocus>
										<font>ListDetails</font>
									</control>
									<control type="button" id="7005">
										<visible>!String.IsEmpty(Container(211).ListItem.Property(widgetPath.5)) + !String.IsEqual(Container(211).ListItem.Property(widget.5),static)</visible>
										<label>$LOCALIZE[31482]</label>
										<label2>$INFO[Container(211).ListItem.Property(widgetLimit.5)]</label2>
										<height>60</height>
										<width>1340</width>
										<texturenofocus border="3">buttons/ButtonNF.png</texturenofocus>
										<font>ListDetails</font>
									</control>
								</control>
							</control>

							<!-- Widget 6 settings -->
							<control type="group">
								<visible>String.IsEqual(Window(Home).Property(skinshortcuts-Widget),6)</visible>
								<control type="button" id="8100">
									<left>425</left>
									<width>1395</width>
									<height>100%</height>
									<onclick>back</onclick>
									<texturefocus />
									<texturenofocus />
								</control>
								<control type="grouplist" id="8000">
									<top>240</top>
									<left>500</left>
									<width>1340</width>
									<height>670</height>
									<onleft>211</onleft>
									<onright>60</onright>
									<onup>8000</onup>
									<ondown>8000</ondown>
									<pagecontrol>60</pagecontrol>
									<control type="button" id="8312">
										<label>$LOCALIZE[31491] 6</label>
										<label2>$INFO[Container(211).ListItem.Property(widgetName.6)]</label2>
										<onclick>SetProperty(widgetID,6)</onclick>
										<onclick>SendClick(312)</onclick>
										<height>60</height>
										<width>1340</width>
										<texturenofocus border="3">buttons/ButtonNF.png</texturenofocus>
										<font>ListDetails</font>
									</control>
									<control type="radiobutton" id="8002">
										<visible>!String.IsEmpty(Container(211).ListItem.Property(widgetPath.6))</visible>
										<label>$LOCALIZE[31046]</label>
										<onclick condition="!String.IsEmpty(Container(211).ListItem.Property(widgetDouble.6))">SetProperty(customProperty,widgetDouble.6)</onclick>
										<onclick condition="String.IsEmpty(Container(211).ListItem.Property(widgetDouble.6))">SetProperty(customProperty,widgetDouble.6)</onclick>
										<onclick condition="String.IsEmpty(Container(211).ListItem.Property(widgetDouble.6))">SetProperty(customValue,true)</onclick>
										<onclick>SendClick(404)</onclick>
										<selected>!String.IsEmpty(Container(211).ListItem.Property(widgetDouble.6))</selected>
										<height>60</height>
										<width>1340</width>
										<texturenofocus border="3">buttons/ButtonNF.png</texturenofocus>
										<font>ListDetails</font>
									</control>
									<control type="button" id="8003">
										<visible>!String.IsEmpty(Container(211).ListItem.Property(widgetPath.6)) + !String.IsEqual(Container(211).ListItem.Property(widget.6),static)</visible>
										<label>$LOCALIZE[31480]</label>
										<label2>$INFO[Container(211).ListItem.Property(widgetSortBy.6)]</label2>
										<height>60</height>
										<width>1340</width>
										<texturenofocus border="3">buttons/ButtonNF.png</texturenofocus>
										<font>ListDetails</font>
									</control>
									<control type="button" id="8004">
										<visible>!String.IsEmpty(Container(211).ListItem.Property(widgetPath.6)) + !String.IsEqual(Container(211).ListItem.Property(widgetSortBy.6),random) + !String.IsEmpty(Container(211).ListItem.Property(widgetSortBy.6)) + !String.IsEqual(Container(211).ListItem.Property(widget.6),static)</visible>
										<label>$LOCALIZE[31481]</label>
										<label2>$INFO[Container(211).ListItem.Property(widgetSortOrder.6)]</label2>
										<height>60</height>
										<width>1340</width>
										<texturenofocus border="3">buttons/ButtonNF.png</texturenofocus>
										<font>ListDetails</font>
									</control>
									<control type="button" id="8005">
										<visible>!String.IsEmpty(Container(211).ListItem.Property(widgetPath.6)) + !String.IsEqual(Container(211).ListItem.Property(widget.6),static)</visible>
										<label>$LOCALIZE[31482]</label>
										<label2>$INFO[Container(211).ListItem.Property(widgetLimit.6)]</label2>
										<height>60</height>
										<width>1340</width>
										<texturenofocus border="3">buttons/ButtonNF.png</texturenofocus>
										<font>ListDetails</font>
									</control>
								</control>
							</control>

							<!-- 404, for setting custom property -->
							<control type="button" id="404">
								<visible>False</visible>
							</control>
							<!-- Unused Controls -->
							<control type="button" id="111">
								<visible>False</visible>
							</control>
							<control type="button" id="306">
								<visible>False</visible>
							</control>
							<control type="button" id="309">
								<visible>False</visible>
							</control>
							<control type="button" id="310">
								<visible>False</visible>
							</control>
						</controls>
					</window>