<?xml version="1.0" encoding="UTF-8"?>
<includes>

	<include name="TopSeekBar">
	    <posy>0</posy>
	</include>
	<include name="BottomSeekBar">
	    <posy>952</posy>
	</include>

    <include name="LowerOSDSlider">
	    <top>941</top>
	</include>
	<include name="RegularOSDSlider">
	    <top>-11</top>
	</include>
	
	<include name="LowerMusicOSDSlider">
	    <top>941</top>
	</include>
	<include name="RegularMusicOSDSlider">
	    <top>-10</top>
	</include>
	
	<include name="LowerOSDButtons">
	    <top>800</top>
	</include>
	<include name="RegularOSDButtons">
	    <top>930</top>
	</include>
	
	<include name="LowerMusicOSDButtons">
	    <top>800</top>
	</include>
	<include name="RegularMusicOSDButtons">
	    <top>920</top>
	</include>
	
	<include name="LowerOSDPopups">
	    <top>390</top>
	</include>
	<include name="RegularOSDPopups">
	    <top>520</top>
	</include>
	
	<include name="LowerMusicOSDPopups">
	    <top>390</top>
	</include>
	<include name="RegularMusicOSDPopups">
	    <top>555</top>
	</include>
	
	<include name="LowerFullScreenInfo">
	    <top>700</top>
	</include>
	<include name="RegularFullScreenInfo">
	    <top>820</top>
	</include>
	
	<include name="LowerMusicFullScreenInfo">
	    <top>700</top>
	</include>
	<include name="RegularMusicFullScreenInfo">
	    <top>820</top>
	</include>


</includes>