<?xml version="1.0" encoding="UTF-8"?>
<window>
	<defaultcontrol always="true">601</defaultcontrol> 
	<include>OSDFade</include>
	<controls>
		<control type="group">
			<visible>!Window.IsVisible(playerprocessinfo)</visible>
			<top>720</top>
			<control type="image" description="Background">
				<width>1920</width>
				<height>361</height>
				<texture border="0,30,0,30">OSD/OSDBackground.png</texture>
				<colordiffuse>FFE2E2E2</colordiffuse>
			</control>
			<control type="group" description="Thumb">
				<control type="image">
					<left>555r</left>
					<top>682r</top>
					<width>525</width>
					<height>652</height>
					<texture fallback="DefaultVideoCover.png">$VAR[VideoPlayerIcon]</texture>
					<aspectratio align="center" aligny="bottom">keep</aspectratio>
				</control>
				<control type="group">
					<left>30</left>
					<top>40</top>
					<control type="label" description="Main label">
						<width>1305</width>
						<scroll>false</scroll>
						<align>left</align>
						<font>MainLabelBigTitle</font>
						<textcolor>$VAR[HighlightColor]</textcolor>
						<animation effect="fade" time="200">VisibleChange</animation>
						<label>$VAR[FullScreenTitle]</label>
					</control>
					<control type="textbox">
						<top>65</top>
						<width>1305</width>
						<height>165</height>
						<align>justify</align>
						<label>$VAR[DialogFullScreenPlot]</label>
						<font>InfoPlot</font>
						<autoscroll delay="3000" time="2000" repeat="10000">true</autoscroll>
					</control>
					<control type="grouplist" description="Flags">
						<top>248</top>
						<width>1305</width>
						<height>48</height>
						<itemgap>30</itemgap>
						<orientation>horizontal</orientation>
						<align>left</align>
						<include content="PlayerMediaFlagItems">
							<param name="itemheight" value="48"/>
							<param name="itemwidth" value="102"/>
							<param name="diffuse">$VAR[LabelTextColor]</param>
						</include>
					</control>
					<control type="grouplist" description="Flags">
						<top>245</top>
						<width>1305</width>
						<height>48</height>
						<itemgap>20</itemgap>
						<orientation>horizontal</orientation>
						<align>right</align>
						<visible>String.IsEmpty(Player.SeekNumeric)</visible>
						<control type="button" id="601">
							<width>180</width>
							<height>48</height>
							<align>center</align>
							<aligny>center</aligny>
							<font>InfoPlot</font>
							<label>$VAR[DialogFullScreenBtn601]</label>
						</control>
						<control type="button" id="602">
							<visible>Videoplayer.content(livetv)</visible>
							<width>180</width>
							<height>45</height>
							<align>center</align>
							<aligny>center</aligny>
							<font>InfoPlot</font>
							<label>$LOCALIZE[19031]</label>
						</control>
						<control type="button" id="603">
							<visible>!String.IsEmpty(VideoPlayer.CastAndRole)</visible>
							<width>180</width>
							<height>48</height>
							<align>center</align>
							<aligny>center</aligny>
							<font>InfoPlot</font>
							<label>$LOCALIZE[206]</label>
						</control>
						<control type="button" id="604">
							<visible>VideoPlayer.Content(livetv) + system.getbool(pvrplayback.signalquality)</visible>
							<width>180</width>
							<height>48</height>
							<align>center</align>
							<aligny>center</aligny>
							<font>InfoPlot</font>
							<label>$LOCALIZE[19008]</label>
						</control>
					</control>
				</control>
			</control>
		</control>
	</controls>
</window>