<window type="dialog" id="1195">
    <visible>Player.HasVideo + Skin.HasSetting(ShowSeekBarOnPlayback) + String.IsEmpty(Window(Home).Property(ShowOSD)) + [String.IsEqual(Player.TimeRemaining(hh:mm:ss),00:00:01) | String.IsEqual(Player.Time(hh:mm:ss),00:00:01)]</visible>
    
	<onload condition="Skin.HasSetting(ShowSeekBarOnPlayback)">SetProperty(ShowOSD,true,home)</onload>
	<onload condition="Skin.HasSetting(ShowSeekBarOnPlayback) + String.IsEmpty(Skin.String(SeekBarInit))">AlarmClock(ShowOSD,ClearProperty(ShowOSD,home),00:01,silent)</onload>
	<onload condition="Skin.HasSetting(ShowSeekBarOnPlayback) + Skin.String(SeekBarInit,two)">AlarmClock(ShowOSD,ClearProperty(ShowOSD,home),00:02,silent)</onload>
	<onload condition="Skin.HasSetting(ShowSeekBarOnPlayback) + Skin.String(SeekBarInit,three)">AlarmClock(ShowOSD,ClearProperty(ShowOSD,home),00:03,silent)</onload>
	<onload condition="Skin.HasSetting(ShowSeekBarOnPlayback) + Skin.String(SeekBarInit,four)">AlarmClock(ShowOSD,ClearProperty(ShowOSD,home),00:04,silent)</onload>
	<onload condition="Skin.HasSetting(ShowSeekBarOnPlayback) + Skin.String(SeekBarInit,five)">AlarmClock(ShowOSD,ClearProperty(ShowOSD,home),00:05,silent)</onload>
	<onload condition="Skin.HasSetting(ShowSeekBarOnPlayback) + Skin.String(SeekBarInit,six)">AlarmClock(ShowOSD,ClearProperty(ShowOSD,home),00:06,silent)</onload>
	<onload condition="Skin.HasSetting(ShowSeekBarOnPlayback) + Skin.String(SeekBarInit,seven)">AlarmClock(ShowOSD,ClearProperty(ShowOSD,home),00:07,silent)</onload>
	<onload condition="Skin.HasSetting(ShowSeekBarOnPlayback) + Skin.String(SeekBarInit,eight)">AlarmClock(ShowOSD,ClearProperty(ShowOSD,home),00:08,silent)</onload>
	<onload condition="Skin.HasSetting(ShowSeekBarOnPlayback) + Skin.String(SeekBarInit,ten)">AlarmClock(ShowOSD,ClearProperty(ShowOSD,home),00:10,silent)</onload>
	<onload condition="Skin.HasSetting(ShowSeekBarOnPlayback) + Skin.String(SeekBarInit,fifteen)">AlarmClock(ShowOSD,ClearProperty(ShowOSD,home),00:15,silent)</onload>
	<onload condition="Skin.HasSetting(ShowSeekBarOnPlayback) + Skin.String(SeekBarInit,twenty)">AlarmClock(ShowOSD,ClearProperty(ShowOSD,home),00:20,silent)</onload>   

    <controls />
</window>