<?xml version="1.0" encoding="UTF-8"?>
<window>
	<defaultcontrol always="true">8</defaultcontrol>
	<animation effect="fade" time="200">WindowOpen</animation>
	<animation effect="fade" time="150">WindowClose</animation>
	<controls>
    
    <!-- Next line adapted from MikeSiLVO -->
    
        <include condition="Skin.HasSetting(Enable.ExtendedInfo)">HiddenCast</include>
    
		<control type="image">
			<width>1920</width>
			<height>1080</height>
			<texture>img/BlackDot.png</texture>
			<aspectratio>scale</aspectratio>
		</control>
		<control type="image">
			<width>1920</width>
			<height>1080</height>
			<texture background="true">$INFO[ListItem.Art(fanart)]</texture>
			<aspectratio>scale</aspectratio>
		</control>
		<include content="BackgroundOverlay">
			<param name="parentid" value="9000"/>
		</include>
		<include content="ShadowedImage">
			<param name="top">24</param>
			<param name="left">24</param>
			<param name="width">619</param>
			<param name="height">960</param>
			<param name="shadowoffset">16</param>
			<param name="texture">$VAR[DialogVideoInfoPoster]</param>
            <param name="visibility">!String.IsEqual(ListItem.DBType,episode) | !Skin.HasSetting(Show.EpisodeThumbInfo)</param>
		</include>
		<control type="group" description="episode images">
            <visible>String.IsEqual(ListItem.DBType,episode) + Skin.HasSetting(Show.EpisodeThumbInfo)</visible>
            <include content="ShadowedImage">
			    <param name="top">83</param>
			    <param name="left">24</param>
			    <param name="width">619</param>
			    <param name="height">114</param>
			    <param name="shadowoffset">16</param>
			    <param name="texture">$VAR[DialogVideoInfoBanner]</param>
                <param name="visibility">!String.IsEmpty(ListItem.Art(tvshow.banner))</param>
		    </include>            
            <include content="ShadowedImage">
			    <param name="top">390</param>
			    <param name="left">24</param>
			    <param name="width">619</param>
			    <param name="height">348</param>
			    <param name="shadowoffset">16</param>
			    <param name="texture">$VAR[DialogVideoInfoThumb]</param>
                <param name="visibility">!String.IsEmpty(ListItem.Art(tvshow.banner))</param>
		    </include>
            <include content="ShadowedImage">
			    <param name="top">340</param>
			    <param name="left">24</param>
			    <param name="width">619</param>
			    <param name="height">348</param>
			    <param name="shadowoffset">16</param>
			    <param name="texture">$VAR[DialogVideoInfoThumb]</param>
                <param name="visibility">String.IsEmpty(ListItem.Art(tvshow.banner))</param>
		    </include>            
        </control>
        <include content="ShadowedImage">
		    <param name="top">740</param>
			<param name="left">885</param>
			<param name="width">800</param>
			<param name="height">200</param>
			<param name="shadowoffset">16</param>
			<param name="texture">$VAR[DialogVideoInfoBanner]</param>
            <param name="visibility">[String.IsEqual(ListItem.DBType,tvshow) | 
                                     String.IsEqual(ListItem.DBType,season) | 
                                     String.IsEqual(ListItem.DBType,episode)] + 
                                     Integer.IsEqual(Container(50).NumItems,0)</param>
		</include>                
		<control type="grouplist" description="Flags">
			<top>1010</top>
			<left>24</left>
			<width>619</width>
			<height>45</height>
			<itemgap>30</itemgap>
			<orientation>horizontal</orientation>
			<align>center</align>
			<include content="MediaFlagItems">
				<param name="showratingbadge">false</param>
			</include>
		</control>
		        
		<control type="grouplist" description="Ratings">
			<top>93</top>
			<left>705</left>
			<width>1200</width>
			<height>40</height>
			<itemgap>8</itemgap>
			<orientation>horizontal</orientation>
			<align>left</align>
            <control type="grouplist" description="IMDb Rating or Main Rating">
            	<width>320</width>
				<orientation>horizontal</orientation>
                <itemgap>5</itemgap>
                <visible>!String.IsEmpty(ListItem.Rating(imdb)) | !String.IsEmpty(ListItem.Rating)</visible>
			    <control type="image" description="IMDb logo">
                    <height>40</height>
                    <width>83</width>
                    <aligny>center</aligny>
                    <align>center</align>
      		        <texture>badges/ratings/imdb2.png</texture>
		        </control>
			    <control type="label" description="IMDb Rating and Votes">
				    <width>auto</width>
				    <height>40</height>
				    <font>ListDetails</font>
                    <textcolor>Highlight</textcolor>
				    <align>left</align>
				    <label>$INFO[ListItem.Rating(imdb)]$INFO[ListItem.Votes(imdb), (, $LOCALIZE[205])]</label>
                    <visible>!String.IsEmpty(ListItem.Rating(imdb))</visible>
			    </control>
			    <control type="label" description="Main Rating and Votes">
				    <width>auto</width>
				    <height>40</height>
				    <font>ListDetails</font>
                    <textcolor>Highlight</textcolor>
				    <align>left</align>
				    <label>$INFO[ListItem.Rating]$INFO[ListItem.Votes, (, $LOCALIZE[205])]</label>
                    <visible>String.IsEmpty(ListItem.Rating(imdb)) + !String.IsEmpty(ListItem.Rating) + !String.IsEmpty(ListItem.Votes) + !String.IsEqual(ListItem.Votes,0)</visible>
			    </control>
			    <control type="label" description="Main Rating No Votes">
				    <width>auto</width>
				    <height>40</height>
				    <font>ListDetails</font>
                    <textcolor>Highlight</textcolor>
				    <align>left</align>
				    <label>$INFO[ListItem.Rating]</label>
                    <visible>String.IsEmpty(ListItem.Rating(imdb)) + !String.IsEmpty(ListItem.Rating) + [String.IsEmpty(ListItem.Votes) | String.IsEqual(ListItem.Votes,0)]</visible>
			    </control>                
            </control>
            <control type="grouplist" description="IMDb Top 250 rank">
            	<width>100</width>
				<orientation>horizontal</orientation>
                <itemgap>3</itemgap>
			    <control type="label" description="IMDb Top 250">
				    <width>auto</width>
				    <height>40</height>
				    <font>ListDetails</font>
				    <align>left</align>
                    <textcolor>Highlight</textcolor>
				    <label>[B]$INFO[ListItem.Top250,#][/B]</label>
			    </control>
            </control>
			<control type="grouplist" description="RT Critics rating">
				<visible>!String.IsEmpty(ListItem.Rating(tomatometerallcritics))</visible>
				<width>100</width>
				<orientation>horizontal</orientation>
				<itemgap>3</itemgap>            
			    <control type="image">
				    <width>40</width>
				    <height>40</height>
				    <texture>$VAR[RottenFreshLogoVar]</texture>
			    </control>
			    <control type="label">
				    <height>40</height>
				    <width>auto</width>
				    <font>ListDetails</font>
                    <textcolor>Highlight</textcolor>
			        <label>$VAR[RottenFreshLabelVar]</label>
			    </control>
            </control>
			<control type="grouplist" description="RT Audience rating">
				<visible>!String.IsEmpty(ListItem.Rating(tomatometerallaudience))</visible>
				<width>100</width>
				<orientation>horizontal</orientation>
				<itemgap>3</itemgap>            
			    <control type="image">
				    <width>40</width>
				    <height>40</height>
				    <texture>$VAR[RottenFreshAudienceLogoVar]</texture>
			    </control>
			    <control type="label">
     				<height>40</height>
				    <width>auto</width>
				    <font>ListDetails</font>
                    <textcolor>Highlight</textcolor>
			        <label>$VAR[RottenFreshAudienceLabelVar]</label>
			    </control>
            </control>
			<control type="grouplist" description="Metacritic rating">
				<visible>!String.IsEmpty(ListItem.Rating(metacritic))</visible>
				<width>100</width>
				<orientation>horizontal</orientation>
				<itemgap>5</itemgap>            
			    <control type="image">
				    <width>40</width>
				    <height>40</height>
				    <texture>badges/ratings/metacritic2.png</texture>
			    </control>
			    <control type="label">
				    <height>40</height>
				    <width>auto</width>
				    <font>ListDetails</font>
                    <textcolor>Highlight</textcolor>
				    <label>$VAR[MetacriticLabelVar]</label>
			    </control>
            </control>
			<control type="grouplist" description="TMDB rating">
				<visible>!String.IsEmpty(ListItem.Rating(themoviedb))</visible>
				<width>100</width>
				<orientation>horizontal</orientation>
				<itemgap>3</itemgap>            
			    <control type="image" description="TMDB logo">
                    <height>40</height>
                    <width>45</width>
                    <aligny>center</aligny>
      		        <texture>badges/ratings/themoviedb3.png</texture>
		        </control>
			    <control type="label" description="TMDB Rating">
				    <width>auto</width>
				    <height>40</height>
				    <font>ListDetails</font>
				    <align>left</align>
                    <textcolor>Highlight</textcolor>
				    <label>$INFO[ListItem.Rating(themoviedb)]</label>
			    </control>
            </control>
			<control type="grouplist" description="TVDB rating and votes">
				<visible>!String.IsEmpty(ListItem.Rating(tvdb))</visible>
				<width>300</width>
				<orientation>horizontal</orientation>
				<itemgap>3</itemgap>            
			    <control type="image" description="TVDB logo">
                    <height>40</height>
                    <width>71</width>
                    <aligny>center</aligny>
      		        <texture>badges/ratings/tvdb2.png</texture>
		        </control>
			    <control type="label" description="TVDB Rating">
				    <width>auto</width>
				    <height>40</height>
				    <font>ListDetails</font>
				    <align>left</align>
                    <textcolor>Highlight</textcolor>
				    <label>$INFO[ListItem.Rating(tvdb)]$INFO[ListItem.Votes(tvdb), (, $LOCALIZE[205])]</label>
			    </control>
            </control>
			<control type="grouplist" description="User rating">
				<visible>!String.IsEmpty(ListItem.UserRating)</visible>
				<width>80</width>
				<orientation>horizontal</orientation>
				<itemgap>3</itemgap>            
			    <control type="image" description="User Rating logo">
                    <height>40</height>
                    <width>40</width>
                    <aligny>center</aligny>
      		        <texture>badges/ratings/userrating2.png</texture>
		        </control>
			    <control type="label" description="User Rating">
				    <width>auto</width>
				    <height>40</height>
				    <font>ListDetails</font>
				    <align>left</align>
                    <textcolor>Highlight</textcolor>
				    <label>$INFO[ListItem.UserRating]</label>
			    </control>
            </control>            
		</control>
        <control type="image" description="Certification flag USA">
            <top>80</top>
            <left>1738</left>
            <height>65</height>
            <width>85</width>
            <aspectratio>keep</aspectratio>
            <align>center</align>
      	    <texture fallback="badges/mpaa/NR.png">$VAR[CertFlag]</texture>
            <visible>!String.Contains(ListItem.MPAA,Brazil) + 
                     !String.Contains(ListItem.MPAA,UK) + 
                     !String.Contains(ListItem.MPAA,United Kingdom) + 
                     !String.Contains(ListItem.MPAA,classificação) + 
                     !String.Contains(ListItem.MPAA,France) + 
                     !String.Contains(ListItem.MPAA,Germany) + 
                     !String.Contains(ListItem.MPAA,Australia) + 
                     !String.Contains(ListItem.MPAA,Netherlands) + 
                     !String.Contains(ListItem.MPAA,NL)</visible>
		</control>
		<control type="image" description="Certification flag non-USA">
            <top>91</top>
            <left>1750</left>
            <height>45</height>
            <width>59</width>
            <aspectratio>keep</aspectratio>
      	    <texture fallback="badges/mpaa/NR.png">$VAR[CertFlag]</texture>
            <visible>String.Contains(ListItem.MPAA,Brazil) | 
                     String.Contains(ListItem.MPAA,UK) |  
                     String.Contains(ListItem.MPAA,United Kingdom) | 
                     String.Contains(ListItem.MPAA,classificação) | 
                     String.Contains(ListItem.MPAA,France) | 
                     String.Contains(ListItem.MPAA,Germany) | 
                     String.Contains(ListItem.MPAA,Australia) | 
                     String.Contains(ListItem.MPAA,Netherlands) | 
                     String.Contains(ListItem.MPAA,NL)</visible>
		</control>        
		<control type="group" description="Media Info">
			<control type="group" description="top">
				<posx>700</posx>
				<posy>60</posy>
				<control type="label" description="Main Label other than Sets">
					<posy>-45</posy>
					<width>950</width>
					<height>60</height>
					<font>InfoTitle</font>
					<textcolor>Highlight</textcolor>
					<align>left</align>
					<label>$VAR[panelheading]</label>
                    <visible>!String.IsEqual(ListItem.DBType,set)</visible>
				</control>
				<control type="label" description="Main Label - Sets">
					<posy>-45</posy>
					<width>950</width>
					<height>60</height>
					<font>InfoTitle</font>
					<textcolor>Highlight</textcolor>
					<align>left</align>
					<label>$INFO[ListItem.Title,[B],[/B]] $INFO[Window(Home).Property(Set.Movies.Years),(,)]</label>
                    <visible>String.IsEqual(ListItem.DBType,set)</visible>
				</control>                
				<control type="image" description="Studio">
					<posy>-60</posy>
                    <left>1000</left>
					<height>85</height>
                    <width>160</width>
					<texture>$VAR[InfoStudios]</texture>
					<aspectratio>keep</aspectratio>
                    <aligny>center</aligny>
                    <visible>!String.IsEmpty(ListItem.Studio) + !String.IsEmpty(Skin.String(studiosResource.path))</visible>
				</control>                
				<control type="image" description="Line Split">
					<posy>23</posy>
					<width>1180</width>
					<height>1</height>
					<texture>img/LineL.png</texture>
					<aspectratio>stretch</aspectratio>
				</control>
				<control type="image" description="Line Split">
					<posy>83</posy>
					<width>1180</width>
					<height>1</height>
					<texture>img/LineL.png</texture>
					<aspectratio>stretch</aspectratio>
				</control>                
				<control type="textbox" id="900031" description="Plot">
					<include>VisibleFadeEffectDelay</include>
					<posy>90</posy>
                    <left>5</left>
					<width>620</width>
					<height>355</height>
					<align>justify</align>
					<font>InfoPlot</font>
                    <textcolor>$VAR[InfoPlotTextColor]</textcolor>
                    <shadowcolor>LiteShadow</shadowcolor>
					<label>$VAR[Plots]</label>
				</control>
				<control type="radiobutton" id="90003">
					<posy>447</posy>
                    <left>588.3</left>
					<ondown>9000</ondown>
					<onright>9009</onright>
                    <align>center</align>
                    <aligny>center</aligny>
                    <textureradioonfocus colordiffuse="Black">icons/dots7.png</textureradioonfocus>
                    <textureradioonnofocus>icons/dots7.png</textureradioonnofocus>
                    <texturefocus border="4" colordiffuse="Highlight">img/WhiteRoundedST2.png</texturefocus>
                    <texturenofocus border="4">img/WhiteRoundedT.png</texturenofocus>
                    <width>37</width>
                    <height>17</height>
                    <radiowidth>37</radiowidth>
                    <radioheight>37</radioheight>
                    <radioposx>0.1</radioposx>
                    <radioposy>0</radioposy>
                    <font></font>
                    <selected>true</selected>
					<onclick>SetProperty(TextViewerHeader,$ESCVAR[panelheading],Home)</onclick>
                    <onclick condition="String.IsEqual(ListItem.DBTYPE,movie)">SetProperty(TextViewerSubHeader,$ESCINFO[ListItem.Tagline,[I],[/I]],Home)</onclick>
                    <onclick condition="String.IsEqual(ListItem.DBType,set) + !String.IsEmpty(Window(Home).Property(Set.Movies.Years))">SetProperty(TextViewerSubHeader,$ESCINFO[Window(Home).Property(Set.Movies.Years),[I],[/I]],Home)</onclick>
					<onclick>SetProperty(TextViewerContent,$ESCVAR[Plots],Home)</onclick>
					<onclick>ActivateWindow(1124)</onclick>
				</control>
				<control type="image" description="Line Split">
					<posy>90</posy>
                    <left>637</left>
					<width>1</width>
					<height>375</height>
					<texture>img/LineL.png</texture>
					<aspectratio>stretch</aspectratio>
				</control>                
				<control type="panel" id="9009">
					<include>VisibleFadeEffectDelay</include>
					<include>List_9009_Commons</include>
                    <onup>9009</onup>
                    <ondown>9009</ondown>
                    <onleft>90003</onleft>
					<content>
						<item>
							<label>$LOCALIZE[20376]:</label>
							<label2>$INFO[ListItem.OriginalTitle]</label2>
							<onclick>noop</onclick>
							<visible>!String.IsEmpty(ListItem.OriginalTitle) + !String.IsEqual(ListItem.OriginalTitle,Listitem.Title)</visible>
						</item>
						<item>
							<label>$LOCALIZE[20364]:</label>
							<label2>$INFO[ListItem.TVShowTitle]</label2>
							<onclick>noop</onclick>
							<visible>!String.IsEmpty(ListItem.TVShowTitle)</visible>
						</item>
						<item>
							<label>$LOCALIZE[557]:</label>
							<label2>$INFO[ListItem.Artist]</label2>
							<onclick>noop</onclick>
							<visible>!String.IsEmpty(ListItem.Artist)</visible>
						</item>
						<item>
							<label>$LOCALIZE[558]:</label>
							<label2>$INFO[ListItem.Album]</label2>
							<onclick>noop</onclick>
							<visible>!String.IsEmpty(ListItem.Album)</visible>
						</item>
						<item>
							<label>$LOCALIZE[20339]:</label>
							<label2>$INFO[ListItem.Director]</label2>
							<onclick condition="!Skin.HasSetting(Enable.ExtendedInfo)">SendClick(13)</onclick>
			                <onclick condition="Skin.HasSetting(Enable.ExtendedInfo)">SetProperty(DirectorID,True)</onclick>
			                <onclick condition="Skin.HasSetting(Enable.ExtendedInfo)">SetProperty(ActorName,$INFO[ListItem.Director])</onclick>
			                <onclick condition="Skin.HasSetting(Enable.ExtendedInfo)">ActivateWindow(1121)</onclick>							
                            <visible>!String.IsEmpty(ListItem.Director) + !String.IsEqual(ListItem.DBType,set)</visible>
						</item>
						<item>
							<label>$LOCALIZE[20339](s):</label>
							<label2>$INFO[Window(Home).Property(Set.Movies.Director)]</label2>
                            <visible>!String.IsEmpty(Window(Home).Property(Set.Movies.Director)) + String.IsEqual(ListItem.DBType,set)</visible>
						</item>                        
						<item>
							<label>$LOCALIZE[20417]:</label>
							<label2>$INFO[ListItem.Writer]</label2>
							<onclick condition="!Skin.HasSetting(Enable.ExtendedInfo)">noop</onclick>
                            <onclick condition="Skin.HasSetting(Enable.ExtendedInfo)">RunScript(script.extendedinfo,info=extendedactorinfo,name=$INFO[ListItem.Writer])</onclick>
							<visible>!String.IsEmpty(ListItem.Writer) + !String.IsEqual(ListItem.DBType,set)</visible>
						</item>
						<item>
							<label>$LOCALIZE[20417](s):</label>
							<label2>$INFO[Window(Home).Property(Set.Movies.Writer)]</label2>
							<visible>!String.IsEmpty(Window(Home).Property(Set.Movies.Writer)) + String.IsEqual(ListItem.DBType,set)</visible>
						</item>                        
						<item>
							<label>$LOCALIZE[515]:</label>
							<label2>$INFO[ListItem.Genre]</label2>
							<onclick>noop</onclick>
							<visible>!String.IsEmpty(ListItem.Genre) + !String.IsEqual(ListItem.DBType,set)</visible>
						</item>
						<item>
							<label>$LOCALIZE[515](s):</label>
							<label2>$INFO[Window(Home).Property(Set.Movies.Genre)]</label2>
							<onclick>noop</onclick>
							<visible>!String.IsEmpty(Window(Home).Property(Set.Movies.Genre)) + String.IsEqual(ListItem.DBType,set)</visible>
						</item>                        
						<item>
							<label>$LOCALIZE[2050]:</label>
							<label2>$INFO[ListItem.Duration] $LOCALIZE[12391]</label2>
							<onclick>noop</onclick>
							<visible>!String.IsEmpty(ListItem.Duration) + !String.IsEqual(ListItem.DBType,set)</visible>
						</item>
						<item>
							<label>$LOCALIZE[20161] $LOCALIZE[2050]:</label>
							<label2>$INFO[Window(Home).Property(Set.Movies.Runtime)] $LOCALIZE[12391]</label2>
							<onclick>noop</onclick>
							<visible>!String.IsEmpty(Window(Home).Property(Set.Movies.Runtime)) + String.IsEqual(ListItem.DBType,set)</visible>
						</item>
						<item>
							<label>$LOCALIZE[21875]:</label>
							<label2>$INFO[ListItem.Country]</label2>
							<onclick>noop</onclick>
							<visible>!String.IsEmpty(ListItem.Country)</visible>
						</item>
						<item>
							<label>$LOCALIZE[572]:</label>
							<label2>$INFO[ListItem.Studio]</label2>
							<onclick>noop</onclick>
							<visible>!String.IsEmpty(ListItem.Studio) + !String.IsEqual(ListItem.DBType,set)</visible>
						</item>
						<item>
							<label>$LOCALIZE[29909](s):</label>
							<label2>$INFO[Window(Home).Property(Set.Movies.Studio)]</label2>
							<onclick>noop</onclick>
							<visible>!String.IsEmpty(Window(Home).Property(Set.Movies.Studio)) + String.IsEqual(ListItem.DBType,set)</visible>
						</item>                        
						<item>
							<label>$LOCALIZE[20416]:</label>
							<label2>$INFO[ListItem.Premiered]</label2>
							<onclick>noop</onclick>
							<visible>!String.IsEmpty(ListItem.Premiered)</visible>
						</item>
						<item>
							<label>$LOCALIZE[20360]:</label>
							<label2>$INFO[listitem.episode] ($INFO[ListItem.Property(WatchedEpisodes),, $LOCALIZE[16102]] - $INFO[ListItem.Property(UnWatchedEpisodes), , $LOCALIZE[16101]])</label2>
							<onclick>noop</onclick>
							<visible>String.IsEqual(ListItem.DBType,tvshow)</visible>
						</item>
						<item>
							<label>$LOCALIZE[31037]:</label>
							<label2>$INFO[ListItem.Mpaa]</label2>
							<onclick>noop</onclick>
							<visible>!String.IsEmpty(ListItem.Mpaa)</visible>
						</item>
                        <item>
                            <label>$LOCALIZE[292]:</label>
							<label2>[UPPERCASE]$INFO[ListItem.Property(AudioLanguage.1)]$INFO[ListItem.Property(AudioLanguage.2), / ]$INFO[ListItem.Property(AudioLanguage.3), / ]$INFO[ListItem.Property(AudioLanguage.4), / ]$INFO[ListItem.Property(AudioLanguage.5), / ][/UPPERCASE]</label2>
							<visible>!String.IsEmpty(ListItem.Property(AudioLanguage.1))</visible>
						</item>
						<item>
                            <label>$LOCALIZE[287]:</label>
							<label2>[UPPERCASE]$INFO[ListItem.Property(SubtitleLanguage.1)]$INFO[ListItem.Property(SubtitleLanguage.2), / ]$INFO[ListItem.Property(SubtitleLanguage.3), / ]$INFO[ListItem.Property(SubtitleLanguage.4), / ]$INFO[ListItem.Property(SubtitleLanguage.5), / ][/UPPERCASE]</label2>
							<visible>!String.IsEmpty(ListItem.Property(SubtitleLanguage.1))</visible>
						</item>                        
						<item>
							<label>$LOCALIZE[20457]:</label>
							<label2>$INFO[ListItem.Set]</label2>
							<onclick>Dialog.Close(all,true)</onclick>
			                <onclick>ActivateWindow(Videos,videodb://movies/sets/$INFO[ListItem.SetId]/?setid=$INFO[ListItem.SetId])</onclick>
							<visible>!String.IsEmpty(ListItem.Set)</visible>
						</item>
						<item>
							<label>$LOCALIZE[20459]:</label>
							<label2>$INFO[ListItem.Tag]</label2>
							<onclick>noop</onclick>
							<visible>!String.IsEmpty(ListItem.Tag)</visible>
						</item>
						<item>
							<label>$LOCALIZE[126]:</label>
							<label2>$INFO[ListItem.Status]</label2>
							<onclick>noop</onclick>
							<visible>!String.IsEmpty(ListItem.Status)</visible>
						</item>
						<item>
							<label>$LOCALIZE[573]:</label>
							<label2>$INFO[ListItem.FolderPath]</label2>
							<onclick>noop</onclick>
							<visible>!String.IsEmpty(ListItem.FolderPath) + !String.IsEqual(ListItem.DBType,set)</visible>
						</item>
                        <item>
							<label>$LOCALIZE[38018]:</label>
							<label2 fallback="-">$INFO[ListItem.UserRating]</label2>
							<onclick>SendClick(7)</onclick>
                            <visible>!String.IsEqual(ListItem.DBType,set)</visible>
						</item>
					</content>
				</control>
			</control>
		</control>
		<control type="grouplist" id="9000">
			<left>700</left>
			<posy>540</posy>
			<width>1180</width>
			<height>90</height>
			<align>center</align>
			<onup>90003</onup>
            <ondown condition="!Skin.hasSetting(Enable.ExtendedInfo) + !String.IsEqual(ListItem.DBType,set)">SetFocus(50)</ondown>
			<ondown condition="Skin.hasSetting(Enable.ExtendedInfo) + !String.IsEqual(ListItem.DBType,set)">SetFocus(90050)</ondown>
            <ondown condition="String.IsEqual(ListItem.DBType,set)">SetFocus(90150)</ondown>
			<orientation>horizontal</orientation>
			<itemgap>16</itemgap>
			<control type="togglebutton" id="8" description="Play/browse to Show or Set">
				<height>90</height>
				<width min="220">auto</width>
				<align>center</align>
				<font>Details</font>
				<label>$LOCALIZE[208]</label>
				<altlabel>$LOCALIZE[1024]</altlabel>
				<texturenofocus border="4">img/WhiteRoundedT.png</texturenofocus>
				<alttexturenofocus border="4">img/WhiteRoundedT.png</alttexturenofocus>
				<usealttexture>String.IsEqual(ListItem.DBType,tvshow) | String.IsEqual(ListItem.DBType,set)</usealttexture>
                <onclick>Dialog.Close(all,true)</onclick>
			</control>
			<control type="button" id="11" description="Trailer">
				<height>90</height>
				<width min="220">auto</width>
				<font>Details</font>
				<align>center</align>
				<label>$LOCALIZE[20410]</label>
				<visible>!String.IsEmpty(ListItem.Trailer) + ![String.StartsWith(Container.FolderPath,plugin://) + String.Contains(Container.FolderPath,trailer)]</visible>
			</control>
            <control type="button" id="1227" description="Special Features">
                <height>90</height>
                <width min="220">auto</width>
                <font>Details</font>
                <align>center</align>
                <label>$LOCALIZE[32007]</label>
                <onclick>Action(close)</onclick>
                <onclick>RunScript(plugin.video.specialfeatures,listitem)</onclick>
                <visible>Skin.HasSetting(Enable.SpecialFeatures) + String.IsEqual(Window(home).Property(SpecialFeatures.Visible),true)</visible>
            </control>
            <control type="button" id="1228" description="Extended Info">
                <visible>[Container.Content(movies) | Container.Content(tvshows)] + [Skin.HasSetting(Enable.ExtendedInfo) + System.HasAddon(script.extendedinfo)]</visible>
                <height>90</height>
                <width min="220">auto</width>
                <font>Details</font>
                <align>center</align>
                <label>$LOCALIZE[32016]</label>
                <onclick condition="Container.Content(movies)">RunScript(script.extendedinfo,info=extendedinfo,dbid=$INFO[ListItem.DBID],name=$INFO[ListItem.Title])</onclick>
                <onclick condition="Container.Content(tvshows)">RunScript(script.extendedinfo,info=extendedtvinfo,dbid=$INFO[ListItem.DBID],name=$INFO[ListItem.Title])</onclick>
            </control>
			<control type="button" id="299" description="Cinema">
				<height>90</height>
				<visible>System.HasAddon(script.cinemavision) + [String.IsEqual(ListItem.DBType,movie) | String.IsEqual(ListItem.DBType,tvshow) | String.IsEqual(ListItem.DBType,season) | String.IsEqual(ListItem.DBType,episode)]</visible>
				<width min="220">auto</width>
				<align>center</align>
				<font>Details</font>
				<label>$LOCALIZE[31005]</label>
				<onclick>Dialog.Close(MovieInformation)</onclick>
				<onclick>RunScript(script.cinemavision,experience)</onclick>
			</control>
			<control type="button" id="13" description="Director">
				<height>90</height>
				<width min="220">auto</width>
				<ondown>50</ondown>
				<align>center</align>
				<font>Details</font>
				<label>$LOCALIZE[31129]</label>
				<visible>!String.IsEmpty(ListItem.Director)</visible>
			</control>
			<control type="button" id="6" description="Refresh">
				<height>90</height>
				<width min="220">auto</width>
				<align>center</align>
				<font>Details</font>
				<label>$LOCALIZE[184]</label>
				<visible>Control.IsEnabled(6)</visible>
                <visible>!Skin.HasSetting(KioskMode.Enabled)</visible>
			</control>
			<control type="button" id="7" description="Set my Rating">
				<height>90</height>
				<width min="220">auto</width>
				<align>center</align>
				<font>Details</font>
				<label>$LOCALIZE[38023]</label>
                <visible>!String.IsEqual(Listitem.DBType,set)</visible>
			</control>
			<control type="button" id="10" description="Get Art">
				<height>90</height>
				<width min="220">auto</width>
				<align>center</align>
				<font>Details</font>
				<label>$LOCALIZE[13511]</label>
                <visible>!Skin.HasSetting(KioskMode.Enabled) + !String.IsEqual(ListItem.DBType,set)</visible>
			</control>
			<control type="button" id="297" description="AB: Choose Art">
				<height>90</height>
				<width min="220">auto</width>
				<align>center</align>
				<font>Details</font>
				<label>$LOCALIZE[32005]</label>
                <visible>[String.IsEqual(ListItem.DBType,tvshow) | String.IsEqual(ListItem.DBType,set) | String.IsEqual(ListItem.DBType,movie) | String.IsEqual(ListItem.DBType,musicvideo) | String.IsEqual(ListItem.DBType,episode)] + system.hasaddon(script.artwork.beef)</visible>
                <onclick condition="String.IsEqual(ListItem.DBType,episode)">XBMC.RunScript(script.artwork.beef, mode=gui, mediatype=episode, dbid=$INFO[ListItem.DBID])</onclick>
                <onclick condition="String.IsEqual(ListItem.DBType,tvshow)">XBMC.RunScript(script.artwork.beef, mode=gui, mediatype=tvshow, dbid=$INFO[ListItem.DBID])</onclick>
                <onclick condition="String.IsEqual(ListItem.DBType,movie)">XBMC.RunScript(script.artwork.beef, mode=gui, mediatype=movie, dbid=$INFO[ListItem.DBID])</onclick>
                <onclick condition="String.IsEqual(ListItem.DBType,set)">XBMC.RunScript(script.artwork.beef, mode=gui, mediatype=set, dbid=$INFO[ListItem.DBID])</onclick>
                <onclick condition="String.IsEqual(ListItem.DBType,musicvideo)">XBMC.RunScript(script.artwork.beef, mode=gui, mediatype=musicvideo, dbid=$INFO[ListItem.DBID])</onclick>
                <visible>!Skin.HasSetting(KioskMode.Enabled)</visible>
			</control>
			<control type="button" id="298" description="AB: All Art">
				<height>90</height>
				<width min="220">auto</width>
				<align>center</align>
				<font>Details</font>
				<label>$LOCALIZE[32006]</label>
                <visible>[String.IsEqual(ListItem.DBType,tvshow) | String.IsEqual(ListItem.DBType,set) | String.IsEqual(ListItem.DBType,movie) | String.IsEqual(ListItem.DBType,musicvideo) | String.IsEqual(ListItem.DBType,episode)] + system.hasaddon(script.artwork.beef)</visible>
                <onclick condition="String.IsEqual(ListItem.DBType,episode)">XBMC.RunScript(script.artwork.beef, mode=auto, mediatype=episode, dbid=$INFO[ListItem.DBID])</onclick>
                <onclick condition="String.IsEqual(ListItem.DBType,tvshow)">XBMC.RunScript(script.artwork.beef, mode=auto, mediatype=tvshow, dbid=$INFO[ListItem.DBID])</onclick>
                <onclick condition="String.IsEqual(ListItem.DBType,movie)">XBMC.RunScript(script.artwork.beef, mode=auto, mediatype=movie, dbid=$INFO[ListItem.DBID])</onclick>
                <onclick condition="String.IsEqual(ListItem.DBType,set)">XBMC.RunScript(script.artwork.beef, mode=auto, mediatype=set, dbid=$INFO[ListItem.DBID])</onclick>
                <onclick condition="String.IsEqual(ListItem.DBType,musicvideo)">XBMC.RunScript(script.artwork.beef, mode=auto, mediatype=musicvideo, dbid=$INFO[ListItem.DBID])</onclick>
                <visible>!Skin.HasSetting(KioskMode.Enabled)</visible>				
			</control>
			<control type="button" id="296" description="Show Fanart">
				<height>90</height>
				<width min="220">auto</width>
				<align>center</align>
				<font>Details</font>
				<label>$LOCALIZE[32068]</label>
                <onclick>SetProperty(fanart,$ESCINFO[ListItem.Art(fanart)],home)</onclick>
                <onclick>ActivateWindow(1126)</onclick>
                <visible>!String.IsEmpty(ListItem.Art(fanart))</visible>
			</control>			
		</control>

<!-- The use of two different cast panels, depending on whether ExtendedInfo is enabled in the skin has been adapted from MikeSiLVO's code.
     Many thanks to him -->
		
        <control type="group">
			<posx>700</posx>
			<posy>640</posy>
			<width>1180</width>
			<height>410</height>
			<onup>9000</onup>
            <ondown>noop</ondown>
            <visible>!Control.HasFocus(10)</visible>
            <include condition="!Skin.hasSetting(Enable.ExtendedInfo) + !String.IsEqual(ListItem.DBType,set)">DefaultCast</include>
            <include condition="Skin.hasSetting(Enable.ExtendedInfo) + !String.IsEqual(ListItem.DBType,set)">CustomCast</include>
        </control>
        
		<control type="group">
			<visible>Control.HasFocus(10)</visible>
			<include>VisibleFadeEffectDelay</include>
			<posx>700</posx>
			<posy>640</posy>
			<control type="image" description="Current poster">
				<include>VisibleFadeEffectDelay</include>
				<posx>10</posx>
				<width>330</width>
				<height>340</height>
				<texture>$VAR[Poster]</texture>
				<aspectratio>keep</aspectratio>
			</control>
			<control type="label" description="Poster Label">
				<posy>350</posy>
				<width>350</width>
				<height>40</height>
				<align>center</align>
				<label>$LOCALIZE[20021]</label>
			</control>
			<control type="image" description="Current fanart">
				<include>VisibleFadeEffectDelay</include>
				<posx>360</posx>
				<width>330</width>
				<height>340</height>
				<texture>$INFO[ListItem.Art(fanart)]</texture>
				<aspectratio>keep</aspectratio>
			</control>
			<control type="label" description="Path Label">
				<posx>350</posx>
				<posy>350</posy>
				<width>350</width>
				<height>40</height>
				<align>center</align>
				<label>$LOCALIZE[20445]</label>
			</control>
			<control type="image" description="Current thumb">
				<include>VisibleFadeEffectDelay</include>
				<posx>710</posx>
				<width>330</width>
				<height>340</height>
				<texture>$INFO[ListItem.Art(thumb)]</texture>
				<aspectratio>keep</aspectratio>
			</control>
			<control type="label" description="Path Label">
				<posx>700</posx>
				<posy>350</posy>
				<width>350</width>
				<height>40</height>
				<align>center</align>
				<label>$LOCALIZE[21371]</label>
			</control>
		</control>
	</controls>
</window>
