<?xml version="1.0" encoding="UTF-8"?>
<includes>

    <!-- Widgets background and labels, single height shelf -->
	<include name="WidgetBackground">
		<param name="id"></param>
		<param name="label"></param>
		<param name="top"></param>
		<param name="height"></param>
		<param name="visible"></param>
		<definition>
			<animation effect="fade" time="200">VisibleChange</animation>
			<animation type="Conditional" condition="$PARAM[visible]">
				<effect type="slide" start="1920" end="0" time="0" />
			</animation>
			<animation type="Conditional" condition="!$PARAM[visible]">
				<effect type="slide" start="0" end="1920" time="0" />
			</animation>
			<control type="group">
				<top>$PARAM[top]</top>
				<control type="image">
					<top>-48</top>
					<width>1920</width>
					<height>$PARAM[height]</height>
					<texture border="0,40,0,0">home/ShelfBackground.png</texture>
				</control>
				<control type="label">
					<top>-54</top>
					<right>32</right>
					<width>900</width>
					<height>45</height>
					<align>right</align>
					<font>Shelf_Title</font>
					<textcolor>Highlight</textcolor>
					<label>$PARAM[label]</label>
				</control>
				<control type="label">
					<visible>Control.HasFocus($PARAM[id])</visible>
					<top>-54</top>
					<left>32</left>
					<width>900</width>
					<height>45</height>
					<font>Shelf_Title</font>
					<textcolor>Highlight</textcolor>
					<label>$VAR[HomeWidgetLabel]</label>
				</control>
                <!-- Info Line -->
				<control type="label">
					<visible>!Control.HasFocus($PARAM[id])</visible>
					<top>-54</top>
					<left>32</left>
					<width>900</width>
					<height>45</height>
					<font>Shelf_Title</font>
					<textcolor>Highlight</textcolor>
					<label>$VAR[LibraryStats]</label>
				</control>                
			</control>
		</definition>
	</include>
    
	<!-- Widget background and labels, two shelves together -->
    <include name="WidgetBackground2">
		<param name="id1"></param>
		<param name="id2"></param>
		<param name="label1"></param>
		<param name="label2"></param>
		<definition>
			<control type="group">
				<visible>Integer.IsGreater(Container($PARAM[id1]).NumItems,0) + Integer.IsGreater(Container($PARAM[id2]).NumItems,0)</visible>
				<animation effect="fade" time="200">VisibleChange</animation>
				<top>170</top>
				<control type="image">
					<top>-48</top>
					<width>1920</width>
					<height>727</height>
					<texture border="0,40,0,40">home/OverlayRA2T.png</texture>
				</control>
				<control type="label">
					<top>-54</top>
					<right>32</right>
					<width>900</width>
					<height>45</height>
					<align>right</align>
					<font>Shelf_Title</font>
					<textcolor>Highlight</textcolor>
					<label>$PARAM[label2]</label>
				</control>
				<control type="label">
					<top>636</top>
					<right>32</right>
					<width>900</width>
					<height>45</height>
					<align>right</align>
					<font>Shelf_Title</font>
					<textcolor>Highlight</textcolor>
					<label>$PARAM[label1]</label>
				</control>
				<control type="label">
					<visible>Control.HasFocus($PARAM[id2])</visible>
					<top>-54</top>
					<left>32</left>
					<width>900</width>
					<height>45</height>
					<font>Shelf_Title</font>
					<textcolor>Highlight</textcolor>
					<label>$VAR[HomeWidgetLabel]</label>
				</control>
				<control type="label">
					<visible>Control.HasFocus($PARAM[id1])</visible>
					<top>636</top>
					<left>32</left>
					<width>900</width>
					<height>45</height>
					<font>Shelf_Title</font>
					<textcolor>Highlight</textcolor>
					<label>$VAR[HomeWidgetLabel]</label>
				</control>
                <!-- Info Line -->
				<control type="label">
					<visible>!Control.HasFocus($PARAM[id1]) + !Control.HasFocus($PARAM[id2])</visible>
					<top>-54</top>
					<left>32</left>
					<width>900</width>
					<height>45</height>
					<font>Shelf_Title</font>
					<textcolor>Highlight</textcolor>
					<label>$VAR[LibraryStats]</label>
				</control>                
			</control>
			<control type="group">
				<visible>Integer.IsGreater(Container($PARAM[id1]).NumItems,0) + !Integer.IsGreater(Container($PARAM[id2]).NumItems,0)</visible>
				<top>327</top>
				<control type="image">
					<top>-48</top>
					<width>1920</width>
					<height>375</height>
					<texture border="0,40,0,0">home/ShelfBackground.png</texture>
				</control>
				<control type="label">
					<top>-54</top>
					<right>32</right>
					<width>900</width>
					<height>45</height>
					<align>right</align>
					<font>Shelf_Title</font>
					<textcolor>Highlight</textcolor>
					<label>$PARAM[label1]</label>
				</control>
				<control type="label">
					<visible>Control.HasFocus($PARAM[id1])</visible>
					<top>-54</top>
					<left>32</left>
					<width>900</width>
					<height>45</height>
					<font>Shelf_Title</font>
					<textcolor>Highlight</textcolor>
					<label>$VAR[HomeWidgetLabel]</label>
				</control>
                <!-- Info Line -->
				<control type="label">
					<visible>!Control.HasFocus($PARAM[id1])</visible>
					<top>-54</top>
					<left>32</left>
					<width>900</width>
					<height>45</height>
					<font>Shelf_Title</font>
					<textcolor>Highlight</textcolor>
					<label>$VAR[LibraryStats]</label>
				</control>                
			</control>
			<control type="group">
				<visible>!Integer.IsGreater(Container($PARAM[id1]).NumItems,0) + Integer.IsGreater(Container($PARAM[id2]).NumItems,0)</visible>
				<top>327</top>
				<control type="image">
					<top>-48</top>
					<width>1920</width>
					<height>375</height>
					<texture border="0,40,0,0">home/ShelfBackground.png</texture>
				</control>
				<control type="label">
					<top>-54</top>
					<right>32</right>
					<width>900</width>
					<height>45</height>
					<align>right</align>
					<font>Shelf_Title</font>
					<textcolor>Highlight</textcolor>
					<label>$PARAM[label2]</label>
				</control>
				<control type="label">
					<visible>Control.HasFocus($PARAM[id2])</visible>
					<top>-54</top>
					<left>32</left>
					<width>900</width>
					<height>45</height>
					<font>Shelf_Title</font>
					<textcolor>Highlight</textcolor>
					<label>$VAR[HomeWidgetLabel]</label>
				</control>
                <!-- Info Line -->
				<control type="label">
					<visible>!Control.HasFocus($PARAM[id2])</visible>
					<top>-54</top>
					<left>32</left>
					<width>900</width>
					<height>45</height>
					<font>Shelf_Title</font>
					<textcolor>Highlight</textcolor>
					<label>$VAR[LibraryStats]</label>
				</control>                
			</control>
		</definition>
	</include>
    

<!-- Should be able to use just three generic containers without further includes, but I couldn't make it work.  Commented for now.
    
	<include name="WidgetContainerPortrait">
        <param name="labelvisibility">false</param>
		<param name="id1" />
        <param name="isYear" />
        <param name="isPlaylist" />
        <param name="isMusicGenre" />
        <definition>
		    <itemlayout height="315" width="228">
			    <control type="image">
				    <bordersize>20,20,12,12</bordersize>
				    <texture colordiffuse="ddeeeeee">colors/black.png</texture>
			    </control>
			    <control type="image">
				    <bordersize>12,12,20,20</bordersize>
				    <aspectratio>scale</aspectratio>
				    <texture background="true">$VAR[Poster]</texture>
			    </control>
			    <control type="group">
				    <visible>$PARAM[labelvisibility]</visible>
				    <top>65r</top>
				    <left>0</left>
				    <control type="image">
					    <width>228</width>
					    <height>45</height>
					    <aspectratio>stretch</aspectratio>
					    <texture>img/OverlayStripe.png</texture>
					    <bordersize>12,0,20.0</bordersize>
				    </control>
				    <control type="label">
					    <width>228</width>
					    <height>45</height>
					    <textoffsetx>24</textoffsetx>
					    <font>Shelf_Label</font>
					    <label>[B]$VAR[SeasonEpisodeLabel][/B]</label>
					    <align>left</align>
					    <scroll>false</scroll>
				    </control>
                </control>
				<control type="image" description="Watched Overlay">
					<left>60r</left>
					<top>60r</top>
					<width>33</width>
					<height>33</height>
					<texture>$VAR[Overlay]</texture>
					<aspectratio>keep</aspectratio>
				</control>                
		    </itemlayout>
		    <focusedlayout height="315" width="228">
			    <control type="image">
				    <texture colordiffuse="Highlight" border="8">thumbs/IconBorder_FO.png</texture>
			    </control>
			    <control type="image">
    				<bordersize>20,20,12,12</bordersize>
				    <texture>colors/black.png</texture>
			    </control>
			    <control type="image">
				    <bordersize>12,12,20,20</bordersize>
				    <aspectratio>scale</aspectratio>
				    <texture background="true">$VAR[Poster]</texture>
			    </control>
			    <control type="group">
				    <visible>$PARAM[labelvisibility]</visible>
				    <top>65r</top>
				    <left>0</left>
				    <control type="image">
					    <width>228</width>
					    <height>45</height>
					    <aspectratio>stretch</aspectratio>
					    <texture>img/OverlayStripe.png</texture>
					    <bordersize>12,0,20.0</bordersize>
				    </control>
				    <control type="label">
					    <width>228</width>
					    <height>45</height>
					    <textoffsetx>24</textoffsetx>
					    <font>Shelf_Label</font>
					    <textcolor>Highlight</textcolor>
					    <label>[B]$VAR[SeasonEpisodeLabel][/B]</label>
					    <align>left</align>
					    <scroll>false</scroll>
				    </control>
			    </control>
				<control type="image" description="Watched Overlay">
					<left>60r</left>
					<top>60r</top>
					<width>33</width>
					<height>33</height>
					<texture>$VAR[Overlay]</texture>
					<colordiffuse>Highlight</colordiffuse>
					<aspectratio>keep</aspectratio>
				</control>                
		    </focusedlayout>
        </definition>
	</include>

	<include name="WidgetContainerSquare">
		<param name="aspect">scale</param>
		<definition>    
		    <itemlayout height="315" width="228">
			    <control type="image">
    				<bordersize>20,20,12,99</bordersize>
				    <texture colordiffuse="ddeeeeee">colors/black.png</texture>
			    </control>
			    <control type="image">
				    <bordersize>12,12,20,107</bordersize>
				    <aspectratio>$PARAM[aspect]</aspectratio>
				    <texture background="true">$VAR[Square]</texture>
			    </control>
			    <control type="image">
				    <top>236</top>
				    <bordersize>4,0,4,5</bordersize>
				    <texture border="5">img/WhiteRoundedT.png</texture>
			    </control>
			    <control type="textbox">
				    <top>241</top>
				    <left>24</left>
				    <width>180</width>
				    <height>60</height>
				    <font>Shelf_Label</font>
				    <label>$VAR[WidgetItemLabel]</label>
				    <align>center</align>
			    </control>
		    </itemlayout>
		    <focusedlayout height="315" width="228">
			    <control type="image">
				    <height>228</height>
				    <texture colordiffuse="Highlight" border="8">thumbs/IconBorder_FO.png</texture>
			    </control>
			    <control type="image">
    				<bordersize>20,20,12,99</bordersize>
				    <texture>colors/black.png</texture> 
			    </control>
			    <control type="image">
				    <bordersize>12,12,20,107</bordersize>
				    <aspectratio>$PARAM[aspect]</aspectratio>
				    <texture background="true">$VAR[Square]</texture>
			    </control>
			    <control type="image">
				    <top>236</top>
				    <bordersize>4,0,4,5</bordersize>
				    <texture border="5" colordiffuse="Highlight">img/WhiteRoundedST2.png</texture>
			    </control>
			    <control type="textbox">
				    <top>241</top>
				    <left>24</left>
				    <width>180</width>
				    <height>60</height>
				    <textcolor>Black</textcolor>
				    <shadowcolor></shadowcolor>
				    <font>Shelf_Label</font>
				    <label>$VAR[WidgetItemLabel]</label>
				    <align>center</align>
			    </control>
		    </focusedlayout>
        </definition>    
	</include>

	<include name="WidgetContainerSquareWeather">
		<definition>    
		    <itemlayout height="315" width="228">
                <control type="multiimage">
				    <left>8</left>
				    <top>8</top>
				    <width>228</width>
				    <height>228</height>
				    <aspectratio>keep</aspectratio>
				    <imagepath>$VAR[Square]</imagepath>
				    <colordiffuse>HeavyShadow</colordiffuse>
                    <timeperimage>70</timeperimage>
				    <fadetime>1</fadetime>
				    <randomize>false</randomize>
				    <bordersize>12,12,20,20</bordersize>
			    </control>            
                <control type="group">
				    <left>0</left>
				    <top>0</top>
				    <width>228</width>
				    <height>228</height>
				    <control type="multiimage">
					    <imagepath>$VAR[Square]</imagepath>
                        <timeperimage>70</timeperimage>
				        <fadetime>1</fadetime>
				        <randomize>false</randomize>
                        <aspectratio>keep</aspectratio>
					    <bordersize>12,12,20,20</bordersize>
					    <colordiffuse>eeeeeeee</colordiffuse>
				    </control>
                    <control type="group">
				        <top>-8r</top>
				        <left>0</left>
				        <control type="image">
					        <width>204</width>
					        <height>74</height>
					        <texture border="4">img/WhiteRoundedT.png</texture>
					        <bordersize>4,0,4,0</bordersize>
					        <aspectratio>stretch</aspectratio>
				        </control>
				        <control type="textbox">
					        <top>4</top>
					        <left>12</left>
					        <width>204</width>
					        <height>64</height>
					        <font>Shelf_Label</font>
					        <label>$INFO[ListItem.Label]</label>
					        <align>center</align>
					        <aligny>center</aligny>
					        <autoscroll>false</autoscroll>
				        </control>
                    </control>
                    <control type="image" description="Watched Overlay">
					    <left>60r</left>
					    <top>60r</top>
					    <width>33</width>
					    <height>33</height>
					    <texture>$VAR[Overlay]</texture>
					    <aspectratio>keep</aspectratio>
				    </control>
                </control>                    
		    </itemlayout>
		    <focusedlayout height="315" width="228">
                <control type="multiimage">
				    <left>8</left>
				    <top>8</top>
				    <width>228</width>
				    <height>228</height>
				    <aspectratio>keep</aspectratio>
				    <imagepath>$VAR[Square]</imagepath>
				    <colordiffuse>HeavyShadow</colordiffuse>
                    <timeperimage>70</timeperimage>
				    <fadetime>1</fadetime>
				    <randomize>false</randomize>
				    <bordersize>12,12,20,20</bordersize>
			    </control>            
                <control type="group">
				    <left>0</left>
				    <top>0</top>
				    <width>228</width>
				    <height>228</height>            
				    <control type="multiimage">
					    <imagepath>$VAR[Square]</imagepath>
                        <timeperimage>70</timeperimage>
				        <fadetime>1</fadetime>
				        <randomize>false</randomize>
                        <aspectratio>keep</aspectratio>
					    <bordertexture colordiffuse="Highlight" border="8">thumbs/IconBorder_FO.png</bordertexture>
					    <bordersize>12,12,20,20</bordersize>
				    </control>            
                    <control type="group">
				        <top>-8r</top>
				        <left>0</left>
				        <control type="image">
					        <width>204</width>
					        <height>74</height>
					        <texture border="4">img/WhiteRoundedST2.png</texture>
					        <colordiffuse>Highlight</colordiffuse>
					        <bordersize>4,0,4,0</bordersize>
					        <aspectratio>stretch</aspectratio>
				        </control>
				        <control type="textbox">
					        <top>4</top>
					        <left>12</left>
					        <width>204</width>
					        <height>64</height>
					        <font>Shelf_Label</font>
					        <textcolor>Black</textcolor>
					        <selectedcolor>Black</selectedcolor>
					        <shadowcolor></shadowcolor>
					        <label>$INFO[ListItem.Label]</label>
					        <align>center</align>
					        <aligny>center</aligny>
				        </control>
			        </control>
                    <control type="image" description="Watched Overlay">
					    <left>60r</left>
					    <top>60r</top>
					    <width>33</width>
					    <height>33</height>
					    <texture>$VAR[Overlay]</texture>
					    <colordiffuse>Highlight</colordiffuse>
					    <aspectratio>keep</aspectratio>
				    </control>
                </control>    
		    </focusedlayout>
        </definition>    
	</include>   --> 


    <!-- Widget Container Layouts for dynamic content widgets: Square and Poster -->

    <!-- Shelf Layouts for Square widgets -->
	<include name="Shelf_GenericSquare">
		<param name="id1"/>
        <param name="isYear">false</param>
        <param name="isPlaylist">false</param>
        <param name="isMusicGenre">false</param>
        <param name="labelvisibility">false</param>
        <param name="aspect">keep</param>
		<definition>  
			<itemlayout height="315" width="228" condition="![$PARAM[isYear] | $PARAM[isMusicGenre] | $PARAM[isPlaylist]]">
			    <include content="GenericThumbIconTemplate">
				    <param name="isFocused">false</param>
                    <param name="iconimage">$VAR[WidgetArtVar]</param>
                    <param name="aspect">$PARAM[aspect]</param>
                    <param name="fallbackicon">$VAR[WidgetArtVar]</param>
				    <param name="iconwidth">228</param>
				    <param name="iconheight">228</param>
				    <param name="iconoffset">0</param>
				    <param name="shadowoffset">8</param>
				    <param name="bordersizeLT">12</param>
				    <param name="bordersizeRB">20</param>
				    <param name="belowtextboxvisibility">true</param>
				    <param name="belowtextbox">$VAR[WidgetItemLabel]</param>
				    <param name="belowtextboxwidth">204</param>
			    </include>				
			</itemlayout>
			<focusedlayout height="315" width="228" condition="![$PARAM[isYear] | $PARAM[isMusicGenre] | $PARAM[isPlaylist]]">
			    <include content="GenericThumbIconTemplate">
				    <param name="isFocused">Control.HasFocus($PARAM[id1])</param>
                    <param name="iconimage">$VAR[WidgetArtVar]</param>
                    <param name="aspect">$PARAM[aspect]</param>
                    <param name="fallbackicon">$VAR[WidgetArtVar]</param>
				    <param name="iconwidth">228</param>
				    <param name="iconheight">228</param>
				    <param name="iconoffset">0</param>
				    <param name="shadowoffset">8</param>
				    <param name="bordersizeLT">12</param>
				    <param name="bordersizeRB">20</param>
				    <param name="belowtextboxvisibility">true</param>
				    <param name="belowtextbox">$VAR[WidgetItemLabel]</param>
				    <param name="belowtextboxwidth">204</param>
			    </include>				            
			</focusedlayout>
			<itemlayout height="315" width="228" condition="$PARAM[isYear]">
			    <include content="GenericThumbIconTemplate">
				    <param name="isFocused">false</param>
                    <param name="iconimage">DefaultYear.png</param>
                    <param name="aspect">keep</param>
                    <param name="fallbackicon">DefaultYear.png</param>
				    <param name="iconwidth">228</param>
				    <param name="iconheight">228</param>
				    <param name="iconoffset">0</param>
				    <param name="shadowoffset">8</param>
				    <param name="bordersizeLT">12</param>
				    <param name="bordersizeRB">20</param>
				    <param name="belowtextboxvisibility">true</param>
				    <param name="belowtextbox">$VAR[WidgetItemLabel]</param>
				    <param name="belowtextboxwidth">204</param>
			    </include>				            
			</itemlayout>
			<focusedlayout height="315" width="228" condition="$PARAM[isYear]">
			    <include content="GenericThumbIconTemplate">
				    <param name="isFocused">Control.HasFocus($PARAM[id1])</param>
                    <param name="iconimage">DefaultYear.png</param>
                    <param name="aspect">keep</param>
                    <param name="fallbackicon">DefaultYear.png</param>
				    <param name="iconwidth">228</param>
				    <param name="iconheight">228</param>
				    <param name="iconoffset">0</param>
				    <param name="shadowoffset">8</param>
				    <param name="bordersizeLT">12</param>
				    <param name="bordersizeRB">20</param>
				    <param name="belowtextboxvisibility">true</param>
				    <param name="belowtextbox">$VAR[WidgetItemLabel]</param>
				    <param name="belowtextboxwidth">204</param>
			    </include>				            
			</focusedlayout>
			<itemlayout height="315" width="228" condition="$PARAM[isMusicGenre]">
			    <include content="GenericThumbIconTemplate">
				    <param name="isFocused">false</param>
                    <param name="iconimage">$VAR[MusicGenres]</param>
                    <param name="aspect">keep</param>
                    <param name="fallbackicon">DefaultMusicGenres.png</param>
				    <param name="iconwidth">228</param>
				    <param name="iconheight">228</param>
				    <param name="iconoffset">0</param>
				    <param name="shadowoffset">8</param>
				    <param name="bordersizeLT">12</param>
				    <param name="bordersizeRB">20</param>
				    <param name="belowtextboxvisibility">true</param>
				    <param name="belowtextbox">$VAR[WidgetItemLabel]</param>
				    <param name="belowtextboxwidth">204</param>
			    </include>				            
			</itemlayout>
			<focusedlayout height="315" width="228" condition="$PARAM[isMusicGenre]">
			    <include content="GenericThumbIconTemplate">
				    <param name="isFocused">Control.HasFocus($PARAM[id1])</param>
                    <param name="iconimage">$VAR[MusicGenres]</param>
                    <param name="aspect">keep</param>
                    <param name="fallbackicon">DefaultMusicGenres.png</param>
				    <param name="iconwidth">228</param>
				    <param name="iconheight">228</param>
				    <param name="iconoffset">0</param>
				    <param name="shadowoffset">8</param>
				    <param name="bordersizeLT">12</param>
				    <param name="bordersizeRB">20</param>
				    <param name="belowtextboxvisibility">true</param>
				    <param name="belowtextbox">$VAR[WidgetItemLabel]</param>
				    <param name="belowtextboxwidth">204</param>
			    </include>				            
			</focusedlayout>
			<itemlayout height="315" width="228" condition="$PARAM[isPlaylist]">
			    <include content="GenericThumbIconTemplate">
				    <param name="isFocused">false</param>
                    <param name="iconimage">DefaultVideoPlaylists.png</param>
                    <param name="aspect">keep</param>
                    <param name="fallbackicon">DefaultVideoPlaylists.png</param>
				    <param name="iconwidth">228</param>
				    <param name="iconheight">228</param>
				    <param name="iconoffset">0</param>
				    <param name="shadowoffset">8</param>
				    <param name="bordersizeLT">12</param>
				    <param name="bordersizeRB">20</param>
				    <param name="belowtextboxvisibility">true</param>
				    <param name="belowtextbox">$VAR[WidgetItemLabel]</param>
				    <param name="belowtextboxwidth">204</param>
			    </include>				            
			</itemlayout>
			<focusedlayout height="315" width="228" condition="$PARAM[isPlaylist]">
			    <include content="GenericThumbIconTemplate">
				    <param name="isFocused">Control.HasFocus($PARAM[id1])</param>
                    <param name="iconimage">DefaultVideoPlaylists.png</param>
                    <param name="aspect">keep</param>
                    <param name="fallbackicon">DefaultVideoPlaylists.png</param>
				    <param name="iconwidth">228</param>
				    <param name="iconheight">228</param>
				    <param name="iconoffset">0</param>
				    <param name="shadowoffset">8</param>
				    <param name="bordersizeLT">12</param>
				    <param name="bordersizeRB">20</param>
				    <param name="belowtextboxvisibility">true</param>
				    <param name="belowtextbox">$VAR[WidgetItemLabel]</param>
				    <param name="belowtextboxwidth">204</param>
			    </include>				            
			</focusedlayout>            
		</definition>
	</include>  
    <!-- Shelf Layout for poster widgets -->
	<include name="Shelf_GenericPoster">
		<param name="id1"/>
        <param name="labelvisibility">false</param>
		<definition>  
			<itemlayout height="315" width="228">
			    <include content="GenericThumbIconTemplate">
				    <param name="isFocused">false</param>
                    <param name="iconimage">$VAR[Poster]</param>
                    <param name="aspect">keep</param>
                    <param name="fallbackicon">$VAR[Poster]</param>
				    <param name="iconwidth">228</param>
				    <param name="iconheight">315</param>
				    <param name="iconoffset">0</param>
				    <param name="shadowoffset">8</param>
				    <param name="bordersizeLT">12</param>
				    <param name="bordersizeRB">20</param>
                    <param name="overlaylabelvisibility">$PARAM[labelvisibility]</param>
                    <param name="overlaylabel">[B]$VAR[SeasonEpisodeLabel][/B]</param>
                    <param name="overlaylabelalign">center</param>
			    </include>            
			</itemlayout>
			<focusedlayout height="315" width="228">
			    <include content="GenericThumbIconTemplate">
				    <param name="isFocused">Control.HasFocus($PARAM[id1])</param>
                    <param name="iconimage">$VAR[Poster]</param>
                    <param name="aspect">keep</param>
                    <param name="fallbackicon">$VAR[Poster]</param>
				    <param name="iconwidth">228</param>
				    <param name="iconheight">315</param>
				    <param name="iconoffset">0</param>
				    <param name="shadowoffset">8</param>
				    <param name="bordersizeLT">12</param>
				    <param name="bordersizeRB">20</param>
                    <param name="overlaylabelvisibility">$PARAM[labelvisibility]</param>
                    <param name="overlaylabel">[B]$VAR[SeasonEpisodeLabel][/B]</param>
                    <param name="overlaylabelalign">center</param>
			    </include>                        
			</focusedlayout>
		</definition>
	</include>

    <!-- Shelf container layouts for static widgets -->
    
    <!-- Shelf layout for static widgets other than weather -->
	<include name="Shelf_GenericStatic">
		<param name="id1"/>
        <param name="iconheight">228</param>
        <param name="iconimage">$VAR[Square]</param>
        <param name="aspect">scale</param>
        <param name="labelvisibility">false</param>
        <param name="textboxvisibility">true</param>
		<definition>
			<include>VisibleFadeEffectDelayShelf</include>
			<itemlayout height="315" width="228">
			    <include content="GenericThumbIconTemplate">
				    <param name="isFocused">false</param>
				    <param name="iconwidth">228</param>
				    <param name="iconheight">$PARAM[iconheight]</param>
				    <param name="iconoffset">0</param>
				    <param name="iconimage">$PARAM[iconimage]</param>
                    <param name="aspect">$PARAM[aspect]</param>
				    <param name="shadowoffset">8</param>
				    <param name="bordersizeLT">12</param>
				    <param name="bordersizeRB">20</param>
				    <param name="belowtextboxvisibility">$PARAM[textboxvisibility]</param>
				    <param name="belowtextbox">$VAR[WidgetItemLabel]</param>
				    <param name="belowtextboxwidth">204</param>
                    <param name="overlaylabelvisibility">$PARAM[labelvisibility]</param>
                    <param name="overlaylabel">$INFO[ListItem.Label2]</param>
                    <param name="overlaylabelalign">center</param>                    
			    </include>
			</itemlayout>
			<focusedlayout height="315" width="228">
			    <include content="GenericThumbIconTemplate">
				    <param name="isFocused">Control.HasFocus($PARAM[id1])</param>
				    <param name="iconwidth">228</param>
				    <param name="iconheight">$PARAM[iconheight]</param>
				    <param name="iconoffset">0</param>
				    <param name="iconimage">$PARAM[iconimage]</param>
                    <param name="aspect">$PARAM[aspect]</param>
				    <param name="shadowoffset">8</param>
				    <param name="bordersizeLT">12</param>
				    <param name="bordersizeRB">20</param>
				    <param name="belowtextboxvisibility">$PARAM[textboxvisibility]</param>
				    <param name="belowtextbox">$VAR[WidgetItemLabel]</param>
				    <param name="belowtextboxwidth">204</param>
                    <param name="overlaylabelvisibility">$PARAM[labelvisibility]</param>
                    <param name="overlaylabel">$INFO[ListItem.Label2]</param>
                    <param name="overlaylabelalign">center</param>                    
                    
			    </include>            
			</focusedlayout>
		</definition>
	</include>
    <!-- Shelf layout for Weather static widgets -->
	<include name="Shelf_GenericStaticWeather">
		<param name="id1"/>
        <param name="iconheight">228</param>
        <param name="aspect">scale</param>
		<definition>
			<include>VisibleFadeEffectDelayShelf</include>
			<itemlayout height="315" width="228">
			<include content="GenericThumbIconTemplateWeather">
				<param name="isFocused">false</param>
				<param name="iconwidth">228</param>
				<param name="iconheight">228</param>
				<param name="iconoffset">0</param>
				<param name="iconimage">$VAR[Square]</param>
                <param name="aspect">$PARAM[aspect]</param>
				<param name="shadowoffset">8</param>
				<param name="bordersizeLT">12</param>
				<param name="bordersizeRB">20</param>
				<param name="belowtextboxvisibility">true</param>
				<param name="belowtextbox">$INFO[ListItem.Label]</param>
				<param name="belowtextboxwidth">204</param>
			</include>
			</itemlayout>
			<focusedlayout height="315" width="228">
			    <include content="GenericThumbIconTemplateWeather">
				    <param name="isFocused">Control.HasFocus($PARAM[id1])</param>
				    <param name="iconwidth">228</param>
				    <param name="iconheight">228</param>
				    <param name="iconoffset">0</param>
				    <param name="iconimage">$VAR[Square]</param>
                    <param name="aspect">$PARAM[aspect]</param>
				    <param name="shadowoffset">8</param>
				    <param name="bordersizeLT">12</param>
				    <param name="bordersizeRB">20</param>
				    <param name="belowtextboxvisibility">true</param>
				    <param name="belowtextbox">$VAR[WidgetItemLabel]</param>
				    <param name="belowtextboxwidth">204</param>
			    </include>            
			</focusedlayout>
		</definition>
	</include>

    <!-- PVR Recording widgets - Untested! -->
    <include name="PVRRecordingWidgets">
		<control type="group">
			<visible>!String.IsEmpty(Container(300).ListItem.Property(widgetRecordingTV)) + PVR.IsRecordingTV</visible>
			<animation effect="slide" start="0,0" end="430,0" time="0" condition="Skin.HasSetting(VerticalHome)">conditional</animation>
			<animation effect="slide" start="0,0" end="0,50" time="0" condition="!Skin.HasSetting(Shelf.DoubleHeight)">conditional</animation>
			<include content="CurrentPVRStatus">
				<param name="top">60</param>
				<param name="left">0</param>
				<param name="headerlabel">$LOCALIZE[19158]:</param>
				<param name="timelabel">Pvr.TVNowRecordingDateTime</param>
				<param name="channellabel">Pvr.TVNowRecordingChannel</param>
				<param name="titlelabel">Pvr.TVNowRecordingTitle</param>
				<param name="channelicon">Pvr.TVNowRecordingChannelIcon</param>
			</include>
		</control>
		<control type="group">
			<visible>!String.IsEmpty(Container(300).ListItem.Property(widgetRecordingTV)) + PVR.HasNonRecordingTVTimer</visible>
			<animation effect="slide" start="0,0" end="0,50" time="0" condition="!Skin.HasSetting(Shelf.DoubleHeight)">conditional</animation>
			<include content="CurrentPVRStatus">
				<param name="top">60</param>
				<param name="left">1320</param>
				<param name="headerlabel">$LOCALIZE[19157]:</param>
				<param name="timelabel">Pvr.TVNextRecordingDateTime</param>
				<param name="channellabel">Pvr.TVNextRecordingChannel</param>
				<param name="titlelabel">Pvr.TVNextRecordingTitle</param>
				<param name="channelicon">Pvr.TVNextRecordingChannelIcon</param>
			</include>
		</control>
		<control type="group">
			<visible>!String.IsEmpty(Container(300).ListItem.Property(widgetRecordingRadio)) + PVR.IsRecordingRadio</visible>
			<animation effect="slide" start="0,0" end="430,0" time="0" condition="Skin.HasSetting(VerticalHome)">conditional</animation>
			<animation effect="slide" start="0,0" end="0,50" time="0" condition="!Skin.HasSetting(Shelf.DoubleHeight)">conditional</animation>
			<include content="CurrentPVRStatus">
				<param name="top">60</param>
				<param name="left">0</param>
				<param name="headerlabel">$LOCALIZE[19158]</param>
				<param name="timelabel">Pvr.RadioNowRecordingDateTime</param>
				<param name="channellabel">Pvr.RadioNowRecordingChannel</param>
				<param name="titlelabel">Pvr.RadioNowRecordingTitle</param>
				<param name="channelicon">Pvr.RadioNowRecordingChannelIcon</param>
			</include>
		</control>
		<control type="group">
			<visible>!String.IsEmpty(Container(300).ListItem.Property(widgetRecordingRadio)) + PVR.HasNonRecordingRadioTimer</visible>
			<animation effect="slide" start="0,0" end="0,50" time="0" condition="!Skin.HasSetting(Shelf.DoubleHeight)">conditional</animation>
			<include content="CurrentPVRStatus">
				<param name="top">60</param>
				<param name="left">1320</param>
				<param name="headerlabel">$LOCALIZE[19157]</param>
				<param name="timelabel">Pvr.RadioNextRecordingDateTime</param>
				<param name="channellabel">Pvr.RadioNextRecordingChannel</param>
				<param name="titlelabel">Pvr.RadioNextRecordingTitle</param>
				<param name="channelicon">Pvr.RadioNextRecordingChannelIcon</param>
			</include>
		</control>    
    </include>

	<include name="CurrentPVRStatus">
		<param name="top">60</param>
		<param name="left">1320</param>
		<param name="headerlabel"></param>
		<param name="timelabel"></param>
		<param name="channellabel"></param>
		<param name="titlelabel"></param>
		<param name="channelicon"></param>
		<definition>
			<top>$PARAM[top]</top>
			<left>$PARAM[left]</left>
			<control type="image">
				<include>VisibleFadeEffect</include>
				<width>600</width>
				<height>102</height>
				<texture border="4" colordiffuse="FF1c1c1c">img/WhiteRoundedST2.png</texture>
			</control>
			<control type="label">
				<description>Next Timer Header label</description>
				<left>16</left>
				<height>30</height>
				<width>310</width>
				<label>$PARAM[headerlabel]</label>
				<textcolor>Highlight</textcolor>
				<font>ListDetails</font>
				<align>left</align>
				<aligny>center</aligny>
			</control>
			<control type="label" description="next recording time">
				<description>NextRecordingDateTime</description>
				<left>16</left>
				<top>32</top>
				<width>420</width>
				<height>30</height>
				<font>ListDetails</font>
				<align>left</align>
				<aligny>center</aligny>
				<label>[B]$INFO[$PARAM[titlelabel]][/B] ($INFO[$PARAM[channellabel]])</label>
				<scroll>true</scroll>
			</control>
			<control type="label" description="Next Recording title Channel">
				<left>16</left>
				<top>64</top>
				<width>800 </width>
				<height>30</height>
				<align>left</align>
				<aligny>center</aligny>
				<font>ListDetails</font>
				<textcolor>White</textcolor>
				<label>$INFO[$PARAM[timelabel],$LOCALIZE[19126] - ]</label>
			</control>
			<include content="ShadowedImage">
				<param name="top">4</param>
				<param name="left">440</param>
				<param name="width">155</param>
				<param name="height">88</param>
				<param name="shadowoffset">4</param>
				<param name="texture">$INFO[$PARAM[channelicon]]</param>
			</include>
		</definition>
	</include>    
    
</includes>