<?xml version="1.0" encoding="UTF-8"?>
<window id="1123" type="dialog">
	<visible>[VideoPlayer.IsFullscreen + Player.Paused + System.IdleTime(3.5) + Skin.HasSetting(Show.Info.OnPause) + !System.HasActiveModalDialog]</visible>
	<visible>VideoPlayer.Content(movies) | VideoPlayer.Content(episodes)</visible>

	<include>OSDFade</include>
	<controls>
		<control type="group">
			<visible>!Window.IsVisible(playerprocessinfo)</visible>
			<top>720</top>
			<control type="image" description="Background">
				<width>1920</width>
				<height>361</height>
				<texture border="0,30,0,30">OSD/OSDBackground.png</texture>
				<colordiffuse>FFE2E2E2</colordiffuse>
			</control>
			<control type="group" description="Thumb">
				<control type="image">
					<left>555r</left>
					<top>682r</top>
					<width>525</width>
					<height>652</height>
					<texture fallback="DefaultVideoCover.png">$INFO[Player.Icon]</texture>
					<aspectratio align="center" aligny="bottom">keep</aspectratio>
				</control>
				<control type="group">
					<left>30</left>
					<top>40</top>
					<control type="label" description="Main label">
						<width>1305</width>
						<scroll>false</scroll>
						<align>left</align>
						<font>MainLabelBigTitle</font>
						<textcolor>$VAR[HighlightColor]</textcolor>
						<animation effect="fade" time="200">VisibleChange</animation>
						<label>$VAR[FullScreenTitle]</label>
					</control>
					<control type="textbox">
						<top>65</top>
						<width>1305</width>
						<height>165</height>
						<align>justify</align>
						<label>$VAR[DialogFullScreenPlot]</label>
						<font>InfoPlot</font>
					</control>
					<control type="grouplist" description="Flags">
						<top>248</top>
						<width>1305</width>
						<height>48</height>
						<itemgap>30</itemgap>
						<orientation>horizontal</orientation>
						<align>left</align>
						<include content="MediaFlagItems">
							<param name="type">VideoPlayer</param>
							<param name="itemheight" value="48"/>
							<param name="itemwidth" value="102"/>
							<param name="diffuse">$VAR[LabelTextColor]</param>
						</include>
					</control>
				</control>
			</control>
		</control>
	</controls>
</window>