<?xml version="1.0" encoding="UTF-8"?>
<window id="3033">
	<defaultcontrol always="true">1000</defaultcontrol>
	<controls>
		<include>DefaultBackground</include>
        <include>Time</include>
		<control type="group">
			<animation effect="fade" time="250" condition="!Window.Previous(SettingsCategory.xml)">WindowOpen</animation>
			<animation effect="fade" time="250" condition="!Window.Next(SettingsCategory.xml)">WindowClose</animation>
			<control type="image" description="Left Menu background">
				<left>60</left>
				<top>60</top>
				<width>412</width>
				<height>980</height>
				<texture border="45">dialogs/TinyDialog.png</texture>
				<colordiffuse>$VAR[DialogBGColor]</colordiffuse>
			</control>
			<control type="image" description="2/2 Right Menu">
				<left>462</left>
				<top>60</top>
				<width>1419</width>
				<height>980</height>
				<texture border="45">dialogs/TinyDialog.png</texture>
				<colordiffuse>$VAR[DialogBGColor]</colordiffuse>
			</control>
			<!-- 1000 Left panel -->
			<control type="list" id="1000">
				<posx>105</posx>
				<posy>120</posy>
				<width>322</width>
				<height>780</height>
				<onleft>9000</onleft>
				<onright>9000</onright>
				<onup>1000</onup>
				<ondown>1000</ondown>
				<pagecontrol>61</pagecontrol>
				<scrolltime>280</scrolltime>
				<itemlayout width="322" height="60">
					<control type="image">
						<width>322</width>
						<height>60</height>
						<texture border="3">buttons/ButtonNF.png</texture>
					</control>
					<control type="label" description="Main Label">
						<posx>10</posx>
						<width>301</width>
						<height>60</height>
						<label>$INFO[ListItem.Label]</label>
					</control>
				</itemlayout>
				<focusedlayout width="322" height="60">
					<control type="image" description="fa overlay">
						<animation effect="fade" start="100" end="40" time="100" condition="!Control.HasFocus(1000)">Conditional</animation>
						<width>322</width>
						<height>60</height>
						<texture border="4" colordiffuse="$VAR[HighlightColor]">img/WhiteRoundedST2.png</texture>
					</control>
					<control type="label" description="Main Label">
						<posx>10</posx>
						<width>301</width>
						<height>60</height>
						<textcolor>$VAR[FocusedTextColor]</textcolor>
						<shadowcolor></shadowcolor>
						<label>$INFO[ListItem.Label]</label>
					</control>
				</focusedlayout>
			</control>
			<!-- LibreELEC logo -->
			<control type="image">
				<left>100</left>
				<top>840</top>
				<width>330</width>
				<height>140</height>
				<aspectratio>keep</aspectratio>
				<texture>libreelec/Logo.png</texture>
			</control>
			<!-- Right side content -->
			<control type="group" id="9000">
				<!-- 1100 - Non-connection settings list -->
				<control type="list" id="1100">
				    <onup>1100</onup>
					<ondown>1100</ondown>
					<posx>495</posx>
                    <posy>120</posy>
                    <width>1350</width>
                    <height>720</height>
                    <onleft>1000</onleft>
                    <onright>60</onright>
					<scrolltime>280</scrolltime>
				    <pagecontrol>60</pagecontrol>
					<visible>String.IsEqual(Container(1000).ListItem.Property(listTyp), 1100)</visible>
					<itemlayout width="1350" height="60">
                        <control type="image">
                            <height>60</height>
                            <width>1350</width>
                            <texture border="3">buttons/ButtonNF.png</texture>
                        </control>
						<!-- entry name and text value -->
						<control type="group">
							<visible>!String.IsEqual(ListItem.Property(Typ), separator)</visible>
							<control type="label">
								<posx>30</posx>
                                <height>60</height>
                                <width>1350</width>
                                <scroll>false</scroll>
                                <label>$INFO[ListItem.Label]</label>
							</control>
							<control type="label">
								<right>18</right>
                                <height>60</height>
                                <width>400</width>
                                <font>ListDetails</font>
                                <haspath>true</haspath>
                                <align>right</align>
                                <scroll>false</scroll>
                                <textcolor>$VAR[HighlightColor]</textcolor>
                                <label>$INFO[ListItem.Property(value)]</label>
								<visible>!String.IsEqual(ListItem.Property(Typ), bool) + !String.IsEqual(ListItem.Property(Typ), button)</visible>
							</control>
						</control>
						<!-- section name / seperator -->
						<control type="group">
							<visible>String.IsEqual(ListItem.Property(Typ), separator)</visible>
							<control type="label" description="Category label">
								<width>1350</width>
                                <height>60</height>
                                <align>center</align>
                                <font>font24_title</font>
                                <textcolor>$VAR[HighlightColor]</textcolor>
								<info>ListItem.Label</info>
                            </control>
						</control>
						<!-- boolean value -->
						<control type="group">
							<visible>String.IsEqual(ListItem.Property(Typ), bool)</visible>
							<control type="image">
								<right>8</right>
								<top>0</top>
								<width>80</width>
								<height>60</height>
								<texture colordiffuse="$VAR[LabelTextColor]">buttons/RadioOff.png</texture>
								<visible>String.IsEqual(ListItem.Property(value), 0) | String.IsEqual(ListItem.Property(value), false) | String.IsEmpty(ListItem.Property(value))</visible>
							</control>
							<control type="image">
								<right>8</right>
								<top>0</top>
								<width>80</width>
								<height>60</height>
								<texture colordiffuse="$VAR[HighlightColor]">buttons/RadioOn.png</texture>
								<visible>String.IsEqual(ListItem.Property(value), 1) | String.IsEqual(ListItem.Property(value), true)</visible>
							</control>
						</control>
                    </itemlayout>
                    <focusedlayout width="1350" height="60">
                        <!-- entry name and text value -->
						<control type="group">
							<visible>!String.IsEqual(ListItem.Property(Typ), separator) + !Control.HasFocus(1100)</visible>
							<control type="label">
								<posx>30</posx>
                                <height>60</height>
                                <width>1350</width>
                                <scroll>false</scroll>
                                <label>$INFO[ListItem.Label]</label>
							</control>
							<control type="label">
								<right>18</right>
                                <height>60</height>
                                <width>400</width>
                                <font>ListDetails</font>
                                <haspath>true</haspath>
                                <align>right</align>
                                <scroll>false</scroll>
                                <textcolor>$VAR[HighlightColor]</textcolor>
                                <label>$INFO[ListItem.Property(value)]</label>
								<visible>!String.IsEqual(ListItem.Property(Typ), bool) + !String.IsEqual(ListItem.Property(Typ), button)</visible>
							</control>
						</control>
						<control type="group">
							<visible>!String.IsEqual(ListItem.Property(Typ), separator) + Control.HasFocus(1100)</visible>
							<control type="image">
                                <height>60</height>
                                <width>1350</width>
                                <texture border="3" colordiffuse="$VAR[HighlightColor]">img/WhiteRoundedST2.png</texture>
                            </control>
							<control type="label">
								<posx>30</posx>
                                <height>60</height>
                                <width>1350</width>
                                <scroll>false</scroll>
								<textcolor>$VAR[FocusedTextColor]</textcolor>
                                <label>$INFO[ListItem.Label]</label>
							</control>
							<control type="label">
								<right>18</right>
                                <height>60</height>
                                <width>400</width>
                                <font>ListDetails</font>
                                <haspath>true</haspath>
                                <align>right</align>
                                <scroll>false</scroll>
                                <textcolor>$VAR[FocusedTextColor]</textcolor>
                                <label>$INFO[ListItem.Property(value)]</label>
								<visible>!String.IsEqual(ListItem.Property(Typ), bool) + !String.IsEqual(ListItem.Property(Typ), button)</visible>
							</control>
						</control>
						<!-- section name / seperator -->
						<control type="group">
							<visible>String.IsEqual(ListItem.Property(Typ), separator)</visible>
							<control type="label" description="Category label">
								<width>1350</width>
                                <height>60</height>
                                <align>center</align>
                                <font>font24_title</font>
                                <textcolor>$VAR[HighlightColor]</textcolor>
								<info>ListItem.Label</info>
                            </control>
						</control>
						<!-- boolean value -->
						<control type="group">
							<visible>String.IsEqual(ListItem.Property(Typ), bool)</visible>
							<control type="image">
								<right>8</right>
								<top>0</top>
								<width>80</width>
								<height>60</height>
								<texture colordiffuse="$VAR[LabelTextColor]">buttons/RadioOff.png</texture>
								<visible>String.IsEqual(ListItem.Property(value), 0) | String.IsEqual(ListItem.Property(value), false) | String.IsEmpty(ListItem.Property(value))</visible>
							</control>
							<control type="image">
								<right>8</right>
								<top>0</top>
								<width>80</width>
								<height>60</height>
								<texture colordiffuse="$VAR[HighlightColor]">buttons/RadioOn.png</texture>
								<visible>String.IsEqual(ListItem.Property(value), 1) | String.IsEqual(ListItem.Property(value), true)</visible>
							</control>
						</control>
                    </focusedlayout>
				</control>
				
				<!-- 1200 - Network connections settings -->
				<control type="list" id="1200">
					<onup>1200</onup>
					<ondown>1200</ondown>
					<posx>495</posx>
                    <posy>120</posy>
                    <width>1350</width>
                    <height>720</height>
                    <onleft>1000</onleft>
                    <scrolltime>280</scrolltime>
				    <pagecontrol>60</pagecontrol>
					<visible>String.IsEqual(Container(1000).ListItem.Property(listTyp), 1200)</visible>
					<itemlayout height="90">
						<!-- Icon ethernet -->
						<control type="image">
							<left>40</left>
							<top>21</top>
							<width>48</width>
							<height>48</height>
							<aspectratio>keep</aspectratio>
							<visible>String.IsEqual(ListItem.Property(netType), ethernet)</visible>
							<texture>libreelec/icons/eth.png</texture>
						</control>
						<!-- Icon wifi -->
						<control type="image">
							<left>40</left>
							<top>21</top>
							<width>48</width>
							<height>48</height>
							<aspectratio>keep</aspectratio>
							<visible>String.IsEqual(ListItem.Property(netType), wifi)</visible>
							<texture>libreelec/icons/wlan.png</texture>
						</control>
						<!-- Connection Name -->
						<control type="label">
							<left>140</left>
							<top>10</top>
							<width>300</width>
							<height>30</height>
							<font>font24_title</font>
							<info>ListItem.Label</info>
							<visible>true</visible>
						</control>
						<!-- Interface -->
						<control type="label">
							<left>140</left>
							<top>50</top>
							<width>300</width>
							<height>20</height>
							<font>font12</font>
							<label>[COLOR=$VAR[HighlightColor]]$ADDON[service.libreelec.settings 601]: [/COLOR]$INFO[ListItem.Property(Interface)]</label>
							<visible>!String.IsEmpty(ListItem.Property(Interface))</visible>
						</control>
						<!-- Signal strength value -->
						<control type="label">
							<left>740</left>
							<top>20</top>
							<width>290</width>
							<height>20</height>
							<font>font12</font>
							<textcolor>blue</textcolor>
							<label>[COLOR=$VAR[HighlightColor]]$LOCALIZE[19008]: [/COLOR]$INFO[ListItem.Property(Strength),,%]</label>
							<visible>String.IsEqual(ListItem.Property(netType), wifi)</visible>
						</control>
						<!-- Connection Address -->
						<control type="label">
							<left>740</left>
							<top>50</top>
							<width>290</width>
							<height>20</height>
							<font>font12</font>
							<visible>String.IsEqual(ListItem.Property(State), online) | String.IsEqual(ListItem.Property(State), ready)</visible>
							<label>[COLOR=$VAR[HighlightColor]]$ADDON[service.libreelec.settings 602]: [/COLOR]$INFO[ListItem.Property(Address)]</label>
						</control>
						<!-- Method -->
						<control type="label">
							<left>500</left>
							<top>50</top>
							<width>200</width>
							<height>20</height>
							<font>font12</font>
							<label>[COLOR=$VAR[HighlightColor]]$ADDON[service.libreelec.settings 603]: [/COLOR]$INFO[ListItem.Property(Method)]</label>
						</control>
						<!-- State -->
						<control type="label">
							<left>500</left>
							<top>20</top>
							<width>200</width>
							<height>20</height>
							<font>font12</font>
							<label>[COLOR=$VAR[HighlightColor]]$ADDON[service.libreelec.settings 604]: [/COLOR]$INFO[ListItem.Property(State)]</label>
						</control>
						<!-- Online Symbol (top right) -->
						<control type="image">
							<left>1220</left>
							<top>20</top>
							<width>36</width>
							<height>36</height>
							<aspectratio>keep</aspectratio>
							<visible>String.IsEqual(ListItem.Property(State), online) | String.IsEqual(ListItem.Property(State), ready)</visible>
							<texture>libreelec/icons/connected.png</texture>
						</control>
						<!-- Favorite Symbol (bottom right) -->
						<control type="image">
							<left>1200</left>
							<top>50</top>
							<width>20</width>
							<height>20</height>
							<aspectratio>keep</aspectratio>
							<visible>String.IsEqual(ListItem.Property(Favorite), 1)</visible>
							<texture>libreelec/icons/Favorite.png</texture>
						</control>
						<!-- Secure Symbol (bottom right) -->
						<control type="image">
							<left>1260</left>
							<top>50</top>
							<width>20</width>
							<height>20</height>
							<aspectratio>keep</aspectratio>
							<visible>Integer.IsGreater(ListItem.Property(Security), 0)</visible>
							<texture>libreelec/icons/Key.png</texture>
						</control>
					</itemlayout>
					<focusedlayout height="90">
						<control type="image">
                            <height>90</height>
                            <width>1350</width>
                            <texture border="3" colordiffuse="$VAR[HighlightColor]">img/WhiteRoundedST2.png</texture>
                            <visible>Control.HasFocus(1200)</visible>
						</control>
						<!-- Icon ethernet -->
						<control type="image">
							<left>40</left>
							<top>21</top>
							<width>48</width>
							<height>48</height>
							<aspectratio>keep</aspectratio>
							<visible>String.IsEqual(ListItem.Property(netType), ethernet)</visible>
							<texture>libreelec/icons/eth.png</texture>
						</control>
						<!-- Icon wifi -->
						<control type="image">
							<left>40</left>
							<top>21</top>
							<width>48</width>
							<height>48</height>
							<aspectratio>keep</aspectratio>
							<visible>String.IsEqual(ListItem.Property(netType), wifi)</visible>
							<texture>libreelec/icons/wlan.png</texture>
						</control>
						<control type="group">
							<visible>!Control.HasFocus(1200)</visible>
							<!-- Connection Name -->
						    <control type="label">
							    <left>140</left>
							    <top>10</top>
							    <width>300</width>
							    <height>30</height>
							    <font>font24_title</font>
							    <info>ListItem.Label</info>
							    <visible>true</visible>
						    </control>
						    <!-- Interface -->
						    <control type="label">
							    <left>140</left>
							    <top>50</top>
							    <width>300</width>
							    <height>20</height>
							    <font>font12</font>
							    <label>[COLOR=$VAR[HighlightColor]]$ADDON[service.libreelec.settings 601]: [/COLOR]$INFO[ListItem.Property(Interface)]</label>
							    <visible>!String.IsEmpty(ListItem.Property(Interface))</visible>
						    </control>
						    <!-- Signal strength value -->
						    <control type="label">
							    <left>740</left>
							    <top>20</top>
							    <width>290</width>
							    <height>20</height>
							    <font>font12</font>
							    <textcolor>blue</textcolor>
							    <label>[COLOR=$VAR[HighlightColor]]$LOCALIZE[19008]: [/COLOR]$INFO[ListItem.Property(Strength),,%]</label>
							    <visible>String.IsEqual(ListItem.Property(netType), wifi)</visible>
						    </control>
						    <!-- Connection Address -->
						    <control type="label">
							    <left>740</left>
							    <top>50</top>
							    <width>290</width>
							    <height>20</height>
							    <font>font12</font>
							    <visible>String.IsEqual(ListItem.Property(State), online) | String.IsEqual(ListItem.Property(State), ready)</visible>
							    <label>[COLOR=$VAR[HighlightColor]]$ADDON[service.libreelec.settings 602]: [/COLOR]$INFO[ListItem.Property(Address)]</label>
						    </control>
						    <!-- Method -->
						    <control type="label">
							    <left>500</left>
							    <top>50</top>
							    <width>200</width>
							    <height>20</height>
							    <font>font12</font>
							    <label>[COLOR=$VAR[HighlightColor]]$ADDON[service.libreelec.settings 603]: [/COLOR]$INFO[ListItem.Property(Method)]</label>
						    </control>
						    <!-- State -->
						    <control type="label">
							    <left>500</left>
							    <top>20</top>
							    <width>200</width>
							    <height>20</height>
							    <font>font12</font>
							    <label>[COLOR=$VAR[HighlightColor]]$ADDON[service.libreelec.settings 604]: [/COLOR]$INFO[ListItem.Property(State)]</label>
						    </control>
						</control>
						<control type="group">
							<visible>Control.HasFocus(1200)</visible>
							<!-- Connection Name -->
						    <control type="label">
							    <left>140</left>
							    <top>10</top>
							    <width>300</width>
							    <height>30</height>
							    <font>font24_title</font>
							    <textcolor>$VAR[FocusedTextColor]</textcolor>
								<info>ListItem.Label</info>
							    <visible>true</visible>
						    </control>
						    <!-- Interface -->
						    <control type="label">
							    <left>140</left>
							    <top>50</top>
							    <width>300</width>
							    <height>20</height>
							    <font>font12</font>
							    <textcolor>$VAR[FocusedTextColor]</textcolor>
								<label>[B]$ADDON[service.libreelec.settings 601]: [/B]$INFO[ListItem.Property(Interface)]</label>
							    <visible>!String.IsEmpty(ListItem.Property(Interface))</visible>
						    </control>
						    <!-- Signal strength value -->
						    <control type="label">
							    <left>740</left>
							    <top>20</top>
							    <width>290</width>
							    <height>20</height>
							    <font>font12</font>
							    <textcolor>$VAR[FocusedTextColor]</textcolor>
							    <label>[B]$LOCALIZE[19008]: [/B]$INFO[ListItem.Property(Strength),,%]</label>
							    <visible>String.IsEqual(ListItem.Property(netType), wifi)</visible>
						    </control>
						    <!-- Connection Address -->
						    <control type="label">
							    <left>740</left>
							    <top>50</top>
							    <width>290</width>
							    <height>20</height>
							    <font>font12</font>
							    <textcolor>$VAR[FocusedTextColor]</textcolor>
								<visible>String.IsEqual(ListItem.Property(State), online) | String.IsEqual(ListItem.Property(State), ready)</visible>
							    <label>[B]$ADDON[service.libreelec.settings 602]: [/B]$INFO[ListItem.Property(Address)]</label>
						    </control>
						    <!-- Method -->
						    <control type="label">
							    <left>500</left>
							    <top>50</top>
							    <width>200</width>
							    <height>20</height>
							    <font>font12</font>
							    <textcolor>$VAR[FocusedTextColor]</textcolor>
								<label>[B]$ADDON[service.libreelec.settings 603]: [/B]$INFO[ListItem.Property(Method)]</label>
						    </control>
						    <!-- State -->
						    <control type="label">
							    <left>500</left>
							    <top>20</top>
							    <width>200</width>
							    <height>20</height>
							    <font>font12</font>
							    <textcolor>$VAR[FocusedTextColor]</textcolor>
								<label>[B]$ADDON[service.libreelec.settings 604]: [/B]$INFO[ListItem.Property(State)]</label>
						    </control>
						</control>
						<!-- Online Symbol (top right) -->
						<control type="image">
							<left>1220</left>
							<top>20</top>
							<width>36</width>
							<height>36</height>
							<aspectratio>keep</aspectratio>
							<visible>String.IsEqual(ListItem.Property(State), online) | String.IsEqual(ListItem.Property(State), ready)</visible>
							<texture>libreelec/icons/connected.png</texture>
						</control>
						<!-- Favorite Symbol (bottom right) -->
						<control type="image">
							<left>1200</left>
							<top>50</top>
							<width>20</width>
							<height>20</height>
							<aspectratio>keep</aspectratio>
							<visible>String.IsEqual(ListItem.Property(Favorite), 1)</visible>
							<texture>libreelec/icons/Favorite.png</texture>
						</control>
						<!-- Secure Symbol (bottom right) -->
						<control type="image">
							<left>1260</left>
							<top>50</top>
							<width>20</width>
							<height>20</height>
							<aspectratio>keep</aspectratio>
							<visible>Integer.IsGreater(ListItem.Property(Security), 0)</visible>
							<texture>libreelec/icons/Key.png</texture>
						</control>
					</focusedlayout>
				</control>
				<control type="label" id="1301">
					<posx>495</posx>
                    <posy>120</posy>
                    <width>1350</width>
                    <height>740</height>
					<align>center</align>
					<font>font30</font>
					<info />
					<visible>String.IsEqual(Container(1000).ListItem.Property(listTyp), 1300) + String.IsEqual(Container(1300).NumItems, 0)</visible>
				</control>
				<control type="list" id="1300">
					<onup>1300</onup>
					<ondown>1300</ondown>
					<posx>495</posx>
                    <posy>120</posy>
                    <width>1350</width>
                    <height>720</height>
					<onright>60</onright>
                    <onleft>1000</onleft>
                    <scrolltime>280</scrolltime>
				    <pagecontrol>60</pagecontrol>
					<visible>String.IsEqual(Container(1000).ListItem.Property(listTyp), 1300)</visible>
					<itemlayout height="90">
						<!-- default -->
						<control type="image">
							<left>40</left>
							<top>21</top>
							<width>48</width>
							<height>48</height>
							<aspectratio>keep</aspectratio>
							<visible>String.IsEqual(ListItem.Property(Icon), default)</visible>
							<texture>libreelec/icons/bt.png</texture>
						</control>
						<!-- modem -->
						<control type="image">
							<left>40</left>
							<top>21</top>
							<width>48</width>
							<height>48</height>
							<aspectratio>keep</aspectratio>
							<visible>String.IsEqual(ListItem.Property(Icon), modem)</visible>
							<texture>libreelec/icons/bt-modem.png</texture>
						</control>
						<!-- audio -->
						<control type="image">
							<left>40</left>
							<top>21</top>
							<width>48</width>
							<height>48</height>
							<aspectratio>keep</aspectratio>
							<visible>String.IsEqual(ListItem.Property(Icon), audio-card)</visible>
							<texture>libreelec/icons/bt-audio-card.png</texture>
						</control>
						<!-- Camera Photo -->
						<control type="image">
							<left>40</left>
							<top>21</top>
							<width>48</width>
							<height>48</height>
							<aspectratio>keep</aspectratio>
							<visible>String.IsEqual(ListItem.Property(Icon), camera-photo)</visible>
							<texture>libreelec/icons/bt-camera-photo.png</texture>
						</control>
						<!-- Icon phone -->
						<control type="image">
							<left>40</left>
							<top>21</top>
							<width>48</width>
							<height>48</height>
							<aspectratio>keep</aspectratio>
							<visible>String.IsEqual(ListItem.Property(Icon), phone)</visible>
							<texture>libreelec/icons/bt-phone.png</texture>
						</control>
						<!-- camera-video -->
						<control type="image">
							<left>40</left>
							<top>21</top>
							<width>48</width>
							<height>48</height>
							<aspectratio>keep</aspectratio>
							<visible>String.IsEqual(ListItem.Property(Icon), camera-video)</visible>
							<texture>libreelec/icons/bt-camera-video.png</texture>
						</control>
						<!-- input-mouse -->
						<control type="image">
							<left>40</left>
							<top>21</top>
							<width>48</width>
							<height>48</height>
							<aspectratio>keep</aspectratio>
							<visible>String.IsEqual(ListItem.Property(Icon), input-mouse)</visible>
							<texture>libreelec/icons/bt-input-mouse.png</texture>
						</control>
						<!-- input-gaming -->
						<control type="image">
							<left>40</left>
							<top>21</top>
							<width>48</width>
							<height>48</height>
							<aspectratio>keep</aspectratio>
							<visible>String.IsEqual(ListItem.Property(Icon), input-gaming)</visible>
							<texture>libreelec/icons/bt-input-gaming.png</texture>
						</control>
						<!-- input-keyboard -->
						<control type="image">
							<left>40</left>
							<top>21</top>
							<width>48</width>
							<height>48</height>
							<aspectratio>keep</aspectratio>
							<visible>String.IsEqual(ListItem.Property(Icon), input-keyboard)</visible>
							<texture>libreelec/icons/bt-input-keyboard.png</texture>
						</control>
						<!-- input-tablet -->
						<control type="image">
							<left>40</left>
							<top>21</top>
							<width>48</width>
							<height>48</height>
							<aspectratio>keep</aspectratio>
							<visible>String.IsEqual(ListItem.Property(Icon), input-tablet)</visible>
							<texture>libreelec/icons/bt-input-tablet.png</texture>
						</control>
						<!-- Printer -->
						<control type="image">
							<left>40</left>
							<top>21</top>
							<width>48</width>
							<height>48</height>
							<aspectratio>keep</aspectratio>
							<visible>String.IsEqual(ListItem.Property(Icon), printer)</visible>
							<texture>libreelec/icons/bt-printer.png</texture>
						</control>
						<!-- Computer -->
						<control type="image">
							<left>40</left>
							<top>21</top>
							<width>48</width>
							<height>48</height>
							<aspectratio>keep</aspectratio>
							<visible>String.IsEqual(ListItem.Property(Icon), computer)</visible>
							<texture>libreelec/icons/bt-computer.png</texture>
						</control>
						<!-- Connection Name -->
						<control type="label">
							<left>140</left>
							<top>10</top>
							<width>490</width>
							<height>30</height>
							<font>font24_title</font>
							<info>ListItem.Label</info>
							<visible>true</visible>
						</control>
						<!-- Connection Address -->
						<control type="label">
							<left>650</left>
							<top>49</top>
							<width>340</width>
							<height>20</height>
							<font>font12</font>
							<label>[COLOR=$VAR[HighlightColor]]$ADDON[service.libreelec.settings 605]: [/COLOR]$INFO[ListItem.Property(Address)]</label>
						</control>
						<!-- Connected State -->
						<control type="label">
							<left>650</left>
							<top>20</top>
							<width>340</width>
							<height>20</height>
							<font>font12</font>
							<label>[COLOR=$VAR[HighlightColor]]$ADDON[service.libreelec.settings 32333][/COLOR]$INFO[ListItem.Property(ConnectedState)]</label>
						</control>
						<!-- Paired Symbol (bottom right) -->
						<control type="image">
							<left>1180</left>
							<top>50</top>
							<width>20</width>
							<height>20</height>
							<aspectratio>keep</aspectratio>
							<visible>String.IsEqual(ListItem.Property(Paired), 1)</visible>
							<texture>libreelec/icons/Favorite.png</texture>
						</control>
						<!-- Trusted Symbol (bottom right) -->
						<control type="image">
							<left>1210</left>
							<top>50</top>
							<width>20</width>
							<height>20</height>
							<aspectratio>keep</aspectratio>
							<visible>Integer.IsGreater(ListItem.Property(Trusted), 0)</visible>
							<texture>libreelec/icons/Key.png</texture>
						</control>
					</itemlayout>
					<focusedlayout height="90">
						<control type="image">
                            <height>90</height>
                            <width>1350</width>
                            <texture border="3" colordiffuse="$VAR[HighlightColor]">img/WhiteRoundedST2.png</texture>
                            <visible>Control.HasFocus(1300)</visible>
						</control>
						<!-- default -->
						<control type="image">
							<left>40</left>
							<top>21</top>
							<width>48</width>
							<height>48</height>
							<aspectratio>keep</aspectratio>
							<visible>String.IsEqual(ListItem.Property(Icon), default)</visible>
							<texture>libreelec/icons/bt.png</texture>
						</control>
						<!-- modem -->
						<control type="image">
							<left>40</left>
							<top>21</top>
							<width>48</width>
							<height>48</height>
							<aspectratio>keep</aspectratio>
							<visible>String.IsEqual(ListItem.Property(Icon), modem)</visible>
							<texture>libreelec/icons/bt-modem.png</texture>
						</control>
						<!-- audio -->
						<control type="image">
							<left>40</left>
							<top>21</top>
							<width>48</width>
							<height>48</height>
							<aspectratio>keep</aspectratio>
							<visible>String.IsEqual(ListItem.Property(Icon), audio-card)</visible>
							<texture>libreelec/icons/bt-audio-card.png</texture>
						</control>
						<!-- Camera Photo -->
						<control type="image">
							<left>40</left>
							<top>21</top>
							<width>48</width>
							<height>48</height>
							<aspectratio>keep</aspectratio>
							<visible>String.IsEqual(ListItem.Property(Icon), camera-photo)</visible>
							<texture>libreelec/icons/bt-camera-photo.png</texture>
						</control>
						<!-- Icon phone -->
						<control type="image">
							<left>40</left>
							<top>21</top>
							<width>48</width>
							<height>48</height>
							<aspectratio>keep</aspectratio>
							<visible>String.IsEqual(ListItem.Property(Icon), phone)</visible>
							<texture>libreelec/icons/bt-phone.png</texture>
						</control>
						<!-- camera-video -->
						<control type="image">
							<left>40</left>
							<top>21</top>
							<width>48</width>
							<height>48</height>
							<aspectratio>keep</aspectratio>
							<visible>String.IsEqual(ListItem.Property(Icon), camera-video)</visible>
							<texture>libreelec/icons/bt-camera-video.png</texture>
						</control>
						<!-- input-mouse -->
						<control type="image">
							<left>40</left>
							<top>21</top>
							<width>48</width>
							<height>48</height>
							<aspectratio>keep</aspectratio>
							<visible>String.IsEqual(ListItem.Property(Icon), input-mouse)</visible>
							<texture>libreelec/icons/bt-input-mouse.png</texture>
						</control>
						<!-- input-gaming -->
						<control type="image">
							<left>40</left>
							<top>21</top>
							<width>48</width>
							<height>48</height>
							<aspectratio>keep</aspectratio>
							<visible>String.IsEqual(ListItem.Property(Icon), input-gaming)</visible>
							<texture>libreelec/icons/bt-input-gaming.png</texture>
						</control>
						<!-- input-keyboard -->
						<control type="image">
							<left>40</left>
							<top>21</top>
							<width>48</width>
							<height>48</height>
							<aspectratio>keep</aspectratio>
							<visible>String.IsEqual(ListItem.Property(Icon), input-keyboard)</visible>
							<texture>libreelec/icons/bt-input-keyboard.png</texture>
						</control>
						<!-- input-tablet -->
						<control type="image">
							<left>40</left>
							<top>21</top>
							<width>48</width>
							<height>48</height>
							<aspectratio>keep</aspectratio>
							<visible>String.IsEqual(ListItem.Property(Icon), input-tablet)</visible>
							<texture>libreelec/icons/bt-input-tablet.png</texture>
						</control>
						<!-- Printer -->
						<control type="image">
							<left>40</left>
							<top>21</top>
							<width>48</width>
							<height>48</height>
							<aspectratio>keep</aspectratio>
							<visible>String.IsEqual(ListItem.Property(Icon), printer)</visible>
							<texture>libreelec/icons/bt-printer.png</texture>
						</control>
						<!-- Computer -->
						<control type="image">
							<left>40</left>
							<top>21</top>
							<width>48</width>
							<height>48</height>
							<aspectratio>keep</aspectratio>
							<visible>String.IsEqual(ListItem.Property(Icon), computer)</visible>
							<texture>libreelec/icons/bt-computer.png</texture>
						</control>
						<control type="group">
							<visible>!Control.HasFocus(1300)</visible>
							<!-- Connection Name -->
						    <control type="label">
							    <left>140</left>
							    <top>10</top>
							    <width>490</width>
							    <height>30</height>
							    <font>font24_title</font>
							    <info>ListItem.Label</info>
							    <visible>true</visible>
						    </control>
						    <!-- Connection Address -->
						    <control type="label">
							    <left>650</left>
							    <top>49</top>
							    <width>340</width>
							    <height>20</height>
							    <font>font12</font>
							    <label>[COLOR=$VAR[HighlightColor]]$ADDON[service.libreelec.settings 605]: [/COLOR]$INFO[ListItem.Property(Address)]</label>
						    </control>
						    <!-- Connected State -->
						    <control type="label">
							    <left>650</left>
							    <top>20</top>
							    <width>340</width>
							    <height>20</height>
							    <font>font12</font>
							    <label>[COLOR=$VAR[HighlightColor]]$ADDON[service.libreelec.settings 32333][/COLOR]$INFO[ListItem.Property(ConnectedState)]</label>
						    </control>
						</control>
						<control type="group">
							<visible>Control.HasFocus(1300)</visible>
							<!-- Connection Name -->
						    <control type="label">
							    <left>140</left>
							    <top>10</top>
							    <width>490</width>
							    <height>30</height>
							    <font>font24_title</font>
							    <info>ListItem.Label</info>
							    <textcolor>$VAR[FocusedTextColor]</textcolor>
								<visible>true</visible>
						    </control>
						    <!-- Connection Address -->
						    <control type="label">
							    <left>650</left>
							    <top>49</top>
							    <width>340</width>
							    <height>20</height>
							    <font>font12</font>
							    <textcolor>$VAR[FocusedTextColor]</textcolor>
								<label>[B]$ADDON[service.libreelec.settings 605]: [/B]$INFO[ListItem.Property(Address)]</label>
						    </control>
						    <!-- Connected State -->
						    <control type="label">
							    <left>650</left>
							    <top>20</top>
							    <width>340</width>
							    <height>20</height>
							    <font>font12</font>
							    <textcolor>$VAR[FocusedTextColor]</textcolor>
								<label>[B]$ADDON[service.libreelec.settings 32333][/B]$INFO[ListItem.Property(ConnectedState)]</label>
						    </control>
						</control>
						<!-- Paired Symbol (bottom right) -->
						<control type="image">
							<left>1180</left>
							<top>50</top>
							<width>20</width>
							<height>20</height>
							<aspectratio>keep</aspectratio>
							<visible>String.IsEqual(ListItem.Property(Paired), 1)</visible>
							<texture>libreelec/icons/Favorite.png</texture>
						</control>
						<!-- Trusted Symbol (bottom right) -->
						<control type="image">
							<left>1210</left>
							<top>50</top>
							<width>20</width>
							<height>20</height>
							<aspectratio>keep</aspectratio>
							<visible>Integer.IsGreater(ListItem.Property(Trusted), 0)</visible>
							<texture>libreelec/icons/Key.png</texture>
						</control>
					</focusedlayout>
				</control>
				<control type="group" id="1900">
					<control type="grouplist">
						<onup>1900</onup>
					    <ondown>1900</ondown>
					    <posx>495</posx>
                        <posy>120</posy>
                        <width>1350</width>
                        <height>800</height>
					    <onright>60</onright>
                        <onleft>1000</onleft>
				        <pagecontrol>60</pagecontrol>
						<itemgap>30</itemgap>
						<usecontrolcoords>true</usecontrolcoords>
						<visible>String.IsEqual(Container(1000).ListItem.Property(listTyp), 1900)</visible>
						<control type="button">
							<description>Label 1</description>
							<width>1350</width>
							<height>30</height>
							<textoffsetx>30</textoffsetx>
							<label>[COLOR $VAR[HighlightColor]]$ADDON[service.libreelec.settings 606][/COLOR]</label>
							<label2>$INFO[Window.Property(Distri)] ($INFO[Window.Property(build)])</label2>
							<font>font16</font>
							<shadowcolor>Shadow</shadowcolor>
							<texturefocus />
							<texturenofocus />
						</control>
						<control type="button">
							<description>Label 2</description>
							<width>1350</width>
							<height>30</height>
							<textoffsetx>30</textoffsetx>
							<label>[COLOR $VAR[HighlightColor]]$ADDON[service.libreelec.settings 607][/COLOR]</label>
							<label2>$INFO[Window.Property(Version)]</label2>
							<font>font16</font>
							<shadowcolor>Shadow</shadowcolor>
							<texturefocus />
							<texturenofocus />
						</control>
						<control type="button">
							<description>Label 3</description>
							<width>1350</width>
							<height>30</height>
							<textoffsetx>30</textoffsetx>
							<label>[COLOR $VAR[HighlightColor]]$ADDON[service.libreelec.settings 608][/COLOR]</label>
							<label2>$INFO[Window.Property(Arch)]</label2>
							<font>font16</font>
							<shadowcolor>Shadow</shadowcolor>
							<texturefocus />
							<texturenofocus />
						</control>
						<control type="textbox">
							<left>30</left>
							<width>1290</width>
							<height>auto</height>
							<label>$ADDON[service.libreelec.settings 609]</label>
						</control>
						<control type="textbox">
							<left>30</left>
							<width>1290</width>
							<height>auto</height>
							<label>$ADDON[service.libreelec.settings 611]</label>
						</control>
						<control type="textbox">
							<left>30</left>
							<width>1290</width>
							<height>auto</height>
							<label>$ADDON[service.libreelec.settings 610]</label>
						</control>
					</control>
				</control>
			</control>
			<!-- Scrollbar -->
			<control type="scrollbar" id="60">
				<animation effect="slide" start="0,0" end="-8,0" time="150">Focus</animation>
				<animation effect="slide" start="-8,0" end="0,0" time="300">UnFocus</animation>
				<posx>1845</posx>
				<posy>0</posy>
				<width>36</width>
				<height>720</height>
				<texturesliderbackground></texturesliderbackground>
				<texturesliderbar></texturesliderbar>
				<texturesliderbarfocus></texturesliderbarfocus>
				<textureslidernib border="18">OSD/ScrollbarNibNF.png</textureslidernib>
				<textureslidernibfocus border="18" colordiffuse="$VAR[HighlightColor]">OSD/ScrollbarNibFO.png</textureslidernibfocus>
				<showonepage>false</showonepage>
				<orientation>vertical</orientation>
				<onleft>9000</onleft>
				<onright>1500</onright>
			</control>
			<!-- Settings description box -->
			<control type="textbox" id="1400">
				<posx>510</posx>
                <posy>860</posy>
                <width>1330</width>
                <height>120</height>
                <align>justify</align>
                <textcolor>$VAR[HighlightColor]</textcolor>
                <autoscroll time="3000" delay="4000" repeat="5000">true</autoscroll>
				<label>$INFO[Window.Property(InfoText)]</label>
				<animation effect="fade" start="0" end="100" time="300" tween="sine" easing="inout">Visible</animation>
				<animation effect="fade" start="100" end="0" time="0" tween="sine" easing="inout">Hidden</animation>
				<visible>ControlGroup(9000).HasFocus()</visible>
			</control>
			<!-- Main Menu (left) -->
			<control type="button" id="1501">
				<left>1100</left>
				<top>810</top>
				<width>300</width>
				<height>75</height>
				<visible>true</visible>
				<onleft>1000</onleft>
				<onright>1500</onright>
				<onup>9000</onup>
			</control>
			<control type="button" id="1500">
				<left>1400</left>
				<top>810</top>
				<width>300</width>
				<height>75</height>
				<visible>true</visible>
				<onleft>1501</onleft>
				<onright>1000</onright>
				<onup>9000</onup>
			</control>
		</control>
		<!-- simple list ( 1100 ) up / down -->
		<control type="button" id="1090">
			<include>HiddenObject</include>
		</control>
		<control type="button" id="1091">
			<include>HiddenObject</include>
		</control>
		<!-- network list ( 1200 ) up / down -->
		<control type="button" id="1092">
			<include>HiddenObject</include>
		</control>
		<control type="button" id="1093">
			<include>HiddenObject</include>
		</control>
		<!-- bluetooth list ( 1300 ) up / down -->
		<control type="button" id="1092">
			<include>HiddenObject</include>
		</control>
		<control type="button" id="1093">
			<include>HiddenObject</include>
		</control>
	</controls>
</window>