<?xml version="1.0" encoding="UTF-8"?>
<window type="dialog" id="1121">
	
    <!-- Huge thanks to MikeSilVO, this is an adaptation of his code to be able to either search in the local library or show Extended Info for actors
         and director in DialogVideoInfo.xml -->
    
	<onunload condition="!String.IsEmpty(Window(movieinformation).Property(ActorID)) + !String.IsEmpty(Window(movieinformation).Property(DoAction))">SetFocus(50,$INFO[Window(movieinformation).Property(ActorID)])</onunload>
	<onunload condition="!String.IsEmpty(Window(movieinformation).Property(ActorID)) + !String.IsEmpty(Window(movieinformation).Property(DoAction))">Action(select)</onunload>
	<onunload condition="!String.IsEmpty(Window(movieinformation).Property(ActorID)) + !String.IsEmpty(Window(movieinformation).Property(DoAction))">Control.Move(50,-$INFO[Window(movieinformation).Property(ActorID)])</onunload>
	<onunload condition="!String.IsEmpty(Window(movieinformation).Property(ActorID)) + !String.IsEmpty(Window(movieinformation).Property(DoAction))">SetFocus(90050)</onunload>
	<onunload condition="!String.IsEmpty(Window(movieinformation).Property(DirectorID)) + !String.IsEmpty(Window(movieinformation).Property(DoAction))">SendClick(2003,13)</onunload>
	<onunload>ClearProperty(ActorID,movieinformation)</onunload>
	<onunload>ClearProperty(ActorName,movieinformation)</onunload>
	<onunload>ClearProperty(DirectorID,movieinformation)</onunload>
	<onunload>ClearProperty(DoAction,movieinformation)</onunload>
    
	
	<defaultcontrol always="true">9000</defaultcontrol>
	<include>DialogOpenClose</include>
	<controls>
		<control type="group" description="All dialog content">
			<animation type="WindowOpen">
				<effect type="zoom" start="95" end="100" center="960,540" time="200" />
				<effect type="fade" start="80" end="100" time="200" />
			</animation>
			<animation type="WindowClose">
				<effect type="zoom" start="100" end="95" center="960,540" time="100" />
				<effect type="fade" start="100" end="0" time="100" />
			</animation>
			<control type="image" description="Menu BG">
				<posx>681</posx>
				<posy>240</posy>
				<height>372</height>
				<width>558</width>
				<texture border="0,40,0,40">dialogs/ContextMenu.png</texture>
			</control>
			<control type="label" description="Dialog heading">
				<posx>615</posx>
				<posy>281</posy>
				<width>690</width>
				<height>52</height>
				<label>$INFO[Window(movieinformation).Property(ActorName)]</label>
				<align>center</align>
				<aligny>center</aligny>
				<textcolor>Highlight</textcolor>
			</control>
			<control type="group">
				<posx>442</posx>
				<posy>216</posy>
				<control type="grouplist" id="9000" description="Info Select Options">
					<posx>255</posx>
					<posy>150</posy>
					<width>525</width>
					<height>250</height>
					<onleft>noop</onleft>
					<onright>noop</onright>
					<onup>9000</onup>
					<ondown>9000</ondown>
					<scrolltime>280</scrolltime>
					<defaultcontrol always="true">701</defaultcontrol>
					<control type="button" id="701" description="Search in Local Library">
						<width>525</width>
						<label>$LOCALIZE[32017]</label>
			            <onclick>Dialog.Close(1121)</onclick>
			            <onclick>SetProperty(DoAction,True,movieinformation)</onclick>						
					</control>
					<control type="button" id="702" description="Show Extended Info">
						<width>525</width>
						<label>$LOCALIZE[32018]</label>
			            <onclick>Dialog.Close(1121)</onclick>
			            <onclick>ClearProperty(ActorID,movieinformation)</onclick>
			            <onclick>ClearProperty(DirectorID,movieinformation)</onclick>
			            <onclick>RunScript(script.extendedinfo,info=extendedactorinfo,name=$INFO[Window(movieinformation).Property(ActorName)])</onclick>
			            <onclick>ClearProperty(ActorName,movieinformation)</onclick>						
					</control>
				</control>
			</control>
		</control>
	</controls>
</window>