<?xml version="1.0" encoding="UTF-8"?>
<window>

    <visible>[!Player.Paused + !String.IsEmpty(Window(home).Property(ShowOSD))] | [Player.Paused + Skin.HasSetting(Hide.SeekBarWhenPaused) + !System.IdleTime(5)] | [Player.Paused + !Skin.HasSetting(Hide.SeekBarWhenPaused)] | Player.Seeking | Player.DisplayAfterSeek | Player.Forwarding | Player.Rewinding | Player.ShowInfo | Player.ShowTime | Window.IsActive(videoosd) | Window.IsActive(musicosd) | Window.IsActive(playerprocessinfo) | Window.IsActive(dialogfullscreeninfo.xml) | !String.IsEmpty(Player.SeekNumeric) | !String.IsEmpty(PVR.ChannelNumberInput)</visible>
	<visible>![Window.IsActive(sliderdialog) | Window.IsActive(pvrosdchannels) | Window.IsActive(pvrguideinfo)]</visible>
	<visible>Window.IsActive(fullscreenvideo) | Window.IsActive(visualisation)</visible>
	
	<include>OSDFade</include>
	<zorder>0</zorder>
	<controls>
        <include>PVRChannelNumberInput</include>
		<control type="group" description="Seek bar">
		    
			<visible>!Player.HasGame</visible>
			
			<include condition="!Skin.HasSetting(enable.bottomseekbar) | Window.IsActive(DialogFullScreenInfo.xml)">TopSeekBar</include>
			<include condition="Skin.HasSetting(enable.bottomseekbar) + !Window.IsActive(DialogFullScreenInfo.xml)">BottomSeekBar</include>
			
			<control type="image" description="Background">
				<top>0</top>
				<width>1920</width>
				<height>148</height>
				<texture flipy="true" border="0,0,0,0">OSD/FS_OSDBackground.png</texture>
				<colordiffuse>FFE2E2E2</colordiffuse>
				<visible>!Skin.HasSetting(ShowInfoWithSeekBar) | [Window.isVisible(Custom_1123_PausedOverlay.xml) | Window.IsVisible(VideoOSD) | Window.IsVisible(MusicOSD)]</visible>
			</control>
			<control type="image" description="Background">
				<top>0</top>
				<width>1920</width>
				<height>228</height>
				<texture flipy="true" border="0,0,0,0">OSD/FS_OSDBackground.png</texture>
				<colordiffuse>FFE2E2E2</colordiffuse>
				<visible>Skin.HasSetting(ShowInfoWithSeekBar) + !Skin.HasSetting(enable.bottomseekbar) + !Window.isVisible(Custom_1123_PausedOverlay.xml) + ![Window.isVisible(VideoOSD) | Window.IsVisible(MusicOSD)]</visible>
			</control>
			<control type="image" description="Background">
				<top>-130</top>
				<width>1920</width>
				<height>298</height>
				<texture border="0,0,0,0">OSD/FS_OSDBackground.png</texture>
				<colordiffuse>FFE2E2E2</colordiffuse>
				<visible>Player.HasVideo + Skin.HasSetting(ShowInfoWithSeekBar) + Skin.HasSetting(enable.bottomseekbar) + !Window.isVisible(Custom_1123_PausedOverlay.xml) + !Window.isVisible(VideoOSD)</visible>
			</control>
			
			<control type="label" description="Clock">
				<left>1615</left>
				<top>20</top>
				<width>290</width>
				<height>80</height>
				<align>center</align>
				<aligny>center</aligny>
				<font>MainMenu</font>
				<shadowcolor>Black</shadowcolor>
				<label>$INFO[System.Time]</label>
			</control>
			
			<!-- Additional info, if option is enabled -->
			<control type="group">
			    <visible>Skin.HasSetting(ShowInfoWithSeekBar) + !Skin.HasSetting(enable.bottomseekbar) + !Window.isVisible(Custom_1123_PausedOverlay.xml) + ![Window.isVisible(VideoOSD) | Window.IsVisible(MusicOSD)]</visible>
				<top>130</top>
			    <control type="image">
				    <top>0</top>
					<posx>10</posx>
				    <width>1900</width>
				    <height>1</height>
				    <texture>img/LineST.png</texture>
			    </control>
			    <control type="label">
			        <top>5</top>
				    <posx>10</posx>
				    <height>60</height>
			        <width>1900</width>
			        <align>center</align>
				    <aligny>center</aligny>
			        <label>$VAR[FullScreenTitle]</label>
			        <font>MainLabelBigTitle</font>
			        <shadowcolor>Black</shadowcolor>
			    </control>
			</control>
            <control type="group">
			    <visible>Player.HasVideo + Skin.HasSetting(ShowInfoWithSeekBar) + Skin.HasSetting(enable.bottomseekbar) + !Window.isVisible(Custom_1123_Overlay.xml) + !Window.isVisible(VideoOSD)</visible>
				<top>-90</top>
			    <control type="label">
			        <top>0</top>
				    <posx>10</posx>
				    <height>60</height>
			        <width>1900</width>
			        <align>center</align>
				    <aligny>center</aligny>
			        <label>$VAR[FullScreenTitle]</label>
			        <font>MainLabelBigTitle</font>
			        <shadowcolor>Black</shadowcolor>
			    </control>
				<control type="image">
				    <top>65</top>
					<posx>10</posx>
				    <width>1900</width>
				    <height>1</height>
				    <texture>img/LineST.png</texture>
			    </control>
			</control>			
			
			<control type="group">
				<top>10</top>
		        
				<!-- Seek bar controls for PVR -->
				<control type="group">
                    <visible>VideoPlayer.Content(livetv)</visible>
			        <control type="group">
					    <visible>!Player.ChannelPreviewActive</visible>
						<left>30</left>
					    <top>3</top>
						<control type="group">
				            <visible>VideoPlayer.HasEPG</visible>
				            <control type="progress">
					            <width>1570</width>
								<height>18</height>
					            <texturebg border="15,0,15,0">OSD/ProgressBG.png</texturebg>
					            <midtexture border="15,0,15,0">OSD/ProgressBar.png</midtexture>
					            <colordiffuse>$VAR[HighlightColor]</colordiffuse>
					            <info2>PVR.TimeshiftProgressEpgStart</info2>
					            <info>PVR.TimeshiftProgressPlayPos</info>
				            </control>
				            <control type="progress">
					            <width>1570</width>
								<height>18</height>
					            <texturebg border="15,0,15,0">OSD/ProgressBG.png</texturebg>
					            <info2>PVR.TimeshiftProgressPlayPos</info2>
					            <info>PVR.TimeshiftProgressEpgEnd</info>
				            </control>
			            </control>
			            <control type="progress">
					        <width>1570</width>
							<height>18</height>
					        <texturebg border="15,0,15,0">OSD/ProgressBG.png</texturebg>
					        <midtexture border="15,0,15,0">OSD/ProgressBar.png</midtexture>
					        <colordiffuse>Diffuse2</colordiffuse>
                            <info2>PVR.TimeshiftProgressBufferStart</info2>
				            <info>PVR.TimeshiftProgressBufferEnd</info>
				            <visible>Player.SeekEnabled</visible>
			            </control>
					</control>
		        
				    <control type="group">
			            <visible>Player.ChannelPreviewActive</visible>
			            <left>30</left>
					    <top>3</top>
						<control type="progress">
					        <width>1570</width>
							<height>18</height>
					        <texturebg border="15,0,15,0">OSD/ProgressBG.png</texturebg>
					        <midtexture border="15,0,15,0">OSD/ProgressBar.png</midtexture>
					        <colordiffuse>$VAR[HighlightColor]</colordiffuse>
				            <info>PVR.EpgEventProgress</info>
			            </control>
		            </control>
				
				    <control type="slider" id="403">
					    <description>Seek Slider PVR</description>
					    <left>30</left>
					    <top>-21</top>
					    <width>1570</width>
					    <height>18</height>
					    <texturesliderbar>OSD/seekslider.png</texturesliderbar>
					    <textureslidernib>OSD/ScrollbarNibNF.png</textureslidernib>
					    <textureslidernibfocus colordiffuse="$VAR[HighlightColor]">OSD/ScrollbarNibFO.png</textureslidernibfocus>
					    <visible>Player.SeekEnabled</visible>
				    </control>

                    <!-- left labels -->
					<control type="group">
					    <left>30</left>
					    <top>30</top>
						<control type="label" description="Progress time label no EPG">
					        <height>30</height>
					        <width>400</width>
					        <align>left</align>
					        <label>$INFO[Player.Time]$INFO[Player.Duration, / ]</label>
					        <font>Details</font>
					        <shadowcolor>Black</shadowcolor>
                            <visible>!VideoPlayer.HasEPG</visible>
				        </control>
				        <control type="label" description="Progress time label with EPG">
					        <height>30</height>
					        <width>400</width>
					        <align>left</align>
					        <label>$INFO[PVR.EpgEventElapsedTime]$INFO[PVR.EpgEventDuration, / ]</label>
					        <font>Details</font>
					        <shadowcolor>Black</shadowcolor>
                            <visible>VideoPlayer.HasEPG</visible>
				        </control>
					</control>

                    <control type="label" description="Timeshift label">
					    <left>30</left>
					    <top>70</top>
					    <height>30</height>
					    <width>400</width>
					    <align>left</align>
					    <font>Details</font>
                        <label>[COLOR=$VAR[HighlightColor]]$LOCALIZE[32039]: [/COLOR] $INFO[PVR.TimeshiftCur]$INFO[PVR.TimeshiftOffset, (-,)]</label>
					    <visible>!Player.ChannelPreviewActive + Pvr.IsTimeShift</visible>
				    </control>	

                    <!-- right side labels -->
					<control type="group">
					    <left>1200</left>
						<control type="label" description="Progress rem time label no EPG">
					        <top>30</top>
					        <height>30</height>
					        <width>400</width>
					        <align>right</align>
					        <label>[COLOR=$VAR[HighlightColor]]$LOCALIZE[31029]: [/COLOR]$INFO[Player.TimeRemaining]</label>
					        <font>Details</font>
					        <shadowcolor>Black</shadowcolor>
                            <visible>!VideoPlayer.HasEPG</visible>
				        </control>
				        <control type="label" description="Progress rem time label with EPG">
					        <top>30</top>
					        <height>30</height>
					        <width>400</width>
					        <align>right</align>
					        <label>[COLOR=$VAR[HighlightColor]]$LOCALIZE[31029]: [/COLOR]$INFO[PVR.EpgEventRemainingTime]</label>
					        <font>Details</font>
					        <shadowcolor>Black</shadowcolor>
                            <visible>VideoPlayer.HasEPG</visible>
				        </control>

                        <control type="label" description="End Time No EPG">
					        <top>70</top>
					        <height>30</height>
					        <width>400</width>
					        <align>right</align>
					        <font>Details</font>
					        <shadowcolor>Black</shadowcolor>
					        <scroll>false</scroll>
					        <label>[COLOR=$VAR[HighlightColor]]$LOCALIZE[19127]: [/COLOR]$INFO[Player.FinishTime]</label>
                            <visible>!VideoPlayer.HasEPG</visible>
				        </control>
				        <control type="label" description="End Time with EPG">
					        <top>70</top>
					        <height>30</height>
					        <width>400</width>
					        <align>right</align>
					        <font>Details</font>
					        <shadowcolor>Black</shadowcolor>
					        <scroll>false</scroll>
					        <label>[COLOR=$VAR[HighlightColor]]$LOCALIZE[19127]: [/COLOR]$INFO[PVR.EpgEventFinishTime]</label>
                            <visible>VideoPlayer.HasEPG</visible>
				        </control>
					</control>
					
					<!-- Currently recording indicator -->
                    <control type="group">
					    <top>63</top>
						<visible>[PVR.IsRecordingPlayingChannel + !Player.ChannelPreviewActive]</visible>
					    <control type="image">
						    <left>720</left>
						    <width>50</width>
						    <height>50</height>
						    <texture>osd/OSDRecordNF.png</texture>
					    </control>
					    <control type="label">
						    <left>780</left>
						    <width>400</width>
						    <height>50</height>
						    <aligny>center</aligny>
						    <font>font13_title</font>
						    <label>$LOCALIZE[19158]</label>
					    </control>
				    </control>
					
                </control>					
                
				<!-- Seek bar controls for non PVR -->
				<control type="group">
				    <visible>!VideoPlayer.Content(livetv)</visible>
					<control type="progress" description="Buffer Bar">
					    <left>30</left>
					    <top>3</top>
					    <width>1570</width>
					    <height>18</height>
					    <texturebg border="15,0,15,0">OSD/ProgressBG.png</texturebg>
					    <midtexture border="15,0,15,0">OSD/ProgressBar.png</midtexture>
					    <colordiffuse>Diffuse2</colordiffuse>
					    <info>Player.ProgressCache</info>
				    </control>
				    <control type="progress" description="Progress Bar">
					    <left>30</left>
					    <top>3</top>
						<width>1570</width>
					    <height>18</height>
					    <texturebg border="15,0,15,0">OSD/ProgressBG.png</texturebg>
					    <midtexture border="15,0,15,0">OSD/ProgressBar.png</midtexture>
					    <colordiffuse>$VAR[HighlightColor]</colordiffuse>
					    <info>Player.Progress</info>
				    </control>
					<control type="slider" id="401">
					    <description>Seek Slider</description>
					    <left>30</left>
					    <top>-21</top>
					    <width>1570</width>
					    <height>18</height>
					    <texturesliderbar>OSD/seekslider.png</texturesliderbar>
					    <textureslidernib>OSD/ScrollbarNibNF.png</textureslidernib>
					    <textureslidernibfocus colordiffuse="$VAR[HighlightColor]">OSD/ScrollbarNibFO.png</textureslidernibfocus>
						<visible>Player.SeekEnabled</visible>
				    </control>
				    
					<!-- left side labels -->
					<control type="group">
					    <left>30</left>
						<control type="label" description="Progress time label">
					        <top>30</top>
					        <height>30</height>
					        <width>400</width>
					        <align>left</align>
					        <label>$INFO[Player.Time]$INFO[Player.Duration, / ]</label>
					        <font>Details</font>
					        <shadowcolor>Black</shadowcolor>
				        </control>
					    <control type="label" description="Chapter Info with Player info">
					        <visible>Player.ChapterCount</visible>
					        <top>70</top>
					        <height>30</height>
					        <width>400</width>
					        <align>left</align>
					        <font>Details</font>
					        <label>[COLOR=$VAR[HighlightColor]]$LOCALIZE[21396]: [/COLOR]$INFO[Player.Chapter]$INFO[Player.ChapterCount, / ]</label>
				        </control>
					</control>
					
					<!-- right side labels -->
					<control type="group">
					    <left>1200</left>
						<control type="label" description="Progress rem time label">
					        <top>30</top>
					        <height>30</height>
					        <width>400</width>
					        <align>right</align>
					        <label>[COLOR=$VAR[HighlightColor]]$LOCALIZE[31029]: [/COLOR]$INFO[Player.TimeRemaining]</label>
					        <font>Details</font>
					        <shadowcolor>Black</shadowcolor>
				        </control>
				        <control type="label" description="End Time">
					        <top>70</top>
					        <height>30</height>
					        <width>400</width>
					        <align>right</align>
					        <font>Details</font>
					        <shadowcolor>Black</shadowcolor>
					        <scroll>false</scroll>
					        <label>[COLOR=$VAR[HighlightColor]]$LOCALIZE[19127]: [/COLOR]$INFO[Player.FinishTime]</label>
				        </control>
				    </control>
					
				</control>
				
				<control type="label" description="Player Status label">
					<left>30</left>
					<top>50</top>
					<height>30</height>
					<width>1570</width>
					<align>center</align>
					<label>$VAR[SeekLabel]</label>
					<font>InfoTitle</font>
					<shadowcolor>Black</shadowcolor>
				</control>
				                
			</control>
		</control>
	</controls>
</window>