<?xml version="1.0" encoding="UTF-8"?>
<window>
	<defaultcontrol always="true">101</defaultcontrol>
    <onload condition="!Player.PauseEnabled">SetFocus(603)</onload>
	<onload condition="Player.PauseEnabled">SetFocus(602)</onload>
	<onload>Dialog.Close(fullscreeninfo)</onload>
	<onunload>ClearProperty(PopupMenuActive,Home)</onunload>
	<onunload>ClearProperty(PopupMenu2Active,Home)</onunload>
	<include>OSDFade</include>
	<controls>
	
	    <control type="button" id="99220">
            <top>-1000</top>
            <left>-1000</left>
            <width>1</width>
            <height>1</height>
			<texturefocus />
            <texturenofocus />
            <font />
			<visible allowhiddenfocus="true">False</visible>
            <onfocus>SetFocus(603)</onfocus>
            <onfocus condition="Window.IsVisible(videoosd)">Action(Close)</onfocus>
        </control>
		
		<control type="slider">
			<left>30</left>
			<include condition="Skin.HasSetting(enable.bottomseekbar)">LowerOSDSlider</include>
			<include condition="!Skin.HasSetting(enable.bottomseekbar)">RegularOSDSlider</include>
			<width>1570</width>
			<height>18</height>
			<onup>noop</onup>
			<ondown>100</ondown>
			<info>Player.Progress</info>
			<action>seek</action>
			<texturesliderbar>OSD/seekslider.png</texturesliderbar>
			<textureslidernib>OSD/ScrollbarNibNF.png</textureslidernib>
			<textureslidernibfocus colordiffuse="$VAR[HighlightColor]">OSD/ScrollbarNibFO.png</textureslidernibfocus>
		</control>
		
		<control type="group">
			<visible>![Window.IsVisible(SliderDialog) | Window.IsVisible(OSDVideoSettings) | Window.IsVisible(OSDAudioSettings) | Window.IsVisible(VideoBookmarks) | Window.IsVisible(PVROSDChannels) | Window.IsVisible(PVRChannelGuide) | Window.IsVisible(playerprocessinfo) | Window.IsActive(osdcmssettings)]</visible>
			
			
			
			<control type="group" id="99">
			
			    <include condition="Skin.HasSetting(enable.bottomseekbar)">LowerOSDButtons</include>
			    <include condition="!Skin.HasSetting(enable.bottomseekbar)">RegularOSDButtons</include>
				
				<control type="grouplist" id="100">
				    <left>30</left>
				    <height>64</height>
				    <width>1305</width>
				    <align>right</align>
				    <onup>101</onup>
				    <ondown>101</ondown>
				    <onleft>101</onleft>
				    <onright>101</onright>
				    <orientation>horizontal</orientation>
				    <animation effect="fade" time="150">VisibleChange</animation>
				    <control type="button" id="655">
					    <visible>VideoPlayer.IsStereoscopic</visible>
					    <include content="OSDButtons">
						    <param name="icon">OSD/OSDStereoscopicNF.png</param>
					    </include>
					    <onup>1200</onup>
					    <ondown>101</ondown>
					    <include condition="Skin.HasSetting(AutoClose.VideoOSD) + !Skin.HasSetting(AutoClose.withInfoService)">OSDButtonOnFocus</include>
						<oninfo>Skin.ToggleSetting(OSDInfo)</oninfo>
				    </control>
				    <control type="radiobutton" id="656">
					    <include content="OSDButtons">
						    <param name="icon">OSD/OSDSubtitlesNF.png</param>
					    </include>
					    <onup condition="!Skin.HasSetting(SubtitleOpensSettings)">1110</onup>
					    <ondown>101</ondown>
					    <onfocus>ClearProperty(PopupMenuActive,Home)</onfocus>
                        <include condition="Skin.HasSetting(AutoClose.VideoOSD) + !Skin.HasSetting(AutoClose.withInfoService)">OSDButtonOnFocus</include>
						<onclick condition="Skin.HasSetting(SubtitleOpensSettings)">ActivateWindow(osdsubtitlesettings)</onclick>
					    <onclick condition="!Skin.HasSetting(SubtitleOpensSettings)">SetProperty(PopupMenuActive,Yes,Home)</onclick>
						<onclick condition="!Skin.HasSetting(SubtitleOpensSettings)">SetFocus(1110)</onclick>
					    <oninfo>Skin.ToggleSetting(OSDInfo)</oninfo>
				    </control>
				    <control type="radiobutton" id="606">
					    <include content="OSDButtons">
						    <param name="icon">OSD/OSDChannelsNF.png</param>
					    </include>
					    <ondown>101</ondown>
                        <include condition="Skin.HasSetting(AutoClose.VideoOSD) + !Skin.HasSetting(AutoClose.withInfoService)">OSDButtonOnFocus</include>
					    <onclick>ActivateWindow(PVROSDChannels)</onclick>
					    <onclick>Dialog.Close(VideoOSD)</onclick>
					    <visible>VideoPlayer.Content(livetv)</visible>
					    <oninfo>Skin.ToggleSetting(OSDInfo)</oninfo>
				    </control>
				    <control type="radiobutton" id="607">
					    <include content="OSDButtons">
						    <param name="icon">OSD/OSDEpgNF.png</param>
					    </include>
					    <ondown>101</ondown>
                        <include condition="Skin.HasSetting(AutoClose.VideoOSD) + !Skin.HasSetting(AutoClose.withInfoService)">OSDButtonOnFocus</include>
						<onclick>ActivateWindow(PVRChannelGuide)</onclick>
					    <onclick>Dialog.Close(VideoOSD)</onclick>
					    <visible>VideoPlayer.Content(livetv)</visible>
					    <oninfo>Skin.ToggleSetting(OSDInfo)</oninfo>
				    </control>
				    <control type="radiobutton" id="650">
					    <include content="OSDButtons">
						    <param name="icon">OSD/OSDTeletextNF.png</param>
					    </include>
					    <ondown>101</ondown>
						<include condition="Skin.HasSetting(AutoClose.VideoOSD) + !Skin.HasSetting(AutoClose.withInfoService)">OSDButtonOnFocus</include>
						<onclick>Dialog.Close(VideoOSD)</onclick>
					    <onclick>ActivateWindow(Teletext)</onclick>
					    <visible>VideoPlayer.Content(livetv)</visible>
					    <oninfo>Skin.ToggleSetting(OSDInfo)</oninfo>
				    </control>
				    <control type="radiobutton" id="660">
					    <include content="OSDButtons">
						    <param name="icon">OSD/OSDBookmarksNF.png</param>
					    </include>
					    <ondown>101</ondown>
						<include condition="Skin.HasSetting(AutoClose.VideoOSD) + !Skin.HasSetting(AutoClose.withInfoService)">OSDButtonOnFocus</include>
						<onclick>ActivateWindow(VideoBookmarks)</onclick>
					    <visible>!VideoPlayer.Content(livetv)</visible>
					    <oninfo>Skin.ToggleSetting(OSDInfo)</oninfo>
				    </control>
				    <control type="radiobutton" id="701">
    					<include content="OSDButtons">
	    					<param name="icon">OSD/OSDInfoNF.png</param>
		    			</include>
			    		<ondown>101</ondown>
						<include condition="Skin.HasSetting(AutoClose.VideoOSD) + !Skin.HasSetting(AutoClose.withInfoService)">OSDButtonOnFocus</include>
						<onclick>Skin.ToggleSetting(OSDInfo)</onclick>
					    <oninfo>Skin.ToggleSetting(OSDInfo)</oninfo>
				    </control>
				    <control type="radiobutton" id="659">
					    <include content="OSDButtons">
						    <param name="icon">OSD/OSDOptionsNF.png</param>
					    </include>
					    <onup>1010</onup>
					    <ondown>101</ondown>
					    <oninfo>Skin.ToggleSetting(OSDInfo)</oninfo>
						<onfocus>ClearProperty(PopupMenu2Active,Home)</onfocus>
						<include condition="Skin.HasSetting(AutoClose.VideoOSD) + !Skin.HasSetting(AutoClose.withInfoService)">OSDButtonOnFocus</include>
						<onclick>SetProperty(PopupMenu2Active,Yes,Home)</onclick>
				        <onclick>SetFocus(1010)</onclick>
				    </control>
			    </control>
			    <control type="grouplist" id="101">
				    <top>74</top>
				    <left>30</left>
				    <height>98</height>
				    <width>1305</width>
				    <align>right</align>
				    <onup>100</onup>
				    <ondown>Close</ondown>
				    <orientation>horizontal</orientation>
				    <animation effect="fade" time="150">VisibleChange</animation>
				    <control type="radiobutton" id="300">
					    <include content="OSDButtons">
						    <param name="icon">OSD/OSDChannelDownNF.png</param>
					    </include>
					    <onup>100</onup>
					    <ondown>Close</ondown>
						<include condition="Skin.HasSetting(AutoClose.VideoOSD) + !Skin.HasSetting(AutoClose.withInfoService)">OSDButtonOnFocus</include>
						<onclick>PlayerControl(Previous)</onclick>
					    <visible>VideoPlayer.Content(livetv)</visible>
					    <oninfo>Skin.ToggleSetting(OSDInfo)</oninfo>
				    </control>
				    <control type="radiobutton" id="301">
					    <include content="OSDButtons">
						    <param name="icon">OSD/OSDChannelUpNF.png</param>
					    </include>
					    <onup>100</onup>
					    <ondown>Close</ondown>
						<include condition="Skin.HasSetting(AutoClose.VideoOSD) + !Skin.HasSetting(AutoClose.withInfoService)">OSDButtonOnFocus</include>
						<onclick>PlayerControl(Next)</onclick>
					    <visible>VideoPlayer.Content(livetv)</visible>
					    <oninfo>Skin.ToggleSetting(OSDInfo)</oninfo>
				    </control>
				    <control type="radiobutton" id="600">
					    <include content="OSDButtons">
						    <param name="icon">OSD/OSDPreviousNF.png</param>
					    </include>
					    <onup>100</onup>
					    <ondown>Close</ondown>
						<include condition="Skin.HasSetting(AutoClose.VideoOSD) + !Skin.HasSetting(AutoClose.withInfoService)">OSDButtonOnFocus</include>
						<onclick>PlayerControl(Previous)</onclick>
					    <visible>!VideoPlayer.Content(livetv)</visible>
					    <oninfo>Skin.ToggleSetting(OSDInfo)</oninfo>
				    </control>
				    <control type="radiobutton" id="601">
					    <include content="OSDButtons">
						    <param name="icon">OSD/OSDRWNF.png</param>
					    </include>
					    <onup>100</onup>
					    <ondown>Close</ondown>
						<include condition="Skin.HasSetting(AutoClose.VideoOSD) + !Skin.HasSetting(AutoClose.withInfoService)">OSDButtonOnFocus</include>
					    <enable>Player.SeekEnabled</enable>
						<onclick>PlayerControl(Rewind)</onclick>
					    <oninfo>Skin.ToggleSetting(OSDInfo)</oninfo>
				    </control>
				    <control type="radiobutton" id="602">
					    <textureradioonfocus colordiffuse="$VAR[FocusedTextColor]">OSD/OSDPlayNF.png</textureradioonfocus>
					    <textureradioonnofocus>OSD/OSDPlayNF.png</textureradioonnofocus>
					    <textureradioofffocus colordiffuse="$VAR[FocusedTextColor]">OSD/OSDPauseNF.png</textureradioofffocus>
					    <textureradiooffnofocus>OSD/OSDPauseNF.png</textureradiooffnofocus>
					    <texturefocus border="4" colordiffuse="$VAR[HighlightColor]">img/WhiteRoundedST2.png</texturefocus>
					    <width>64</width>
					    <height>64</height>
					    <radiowidth>64</radiowidth>
					    <radioheight>64</radioheight>
					    <font></font>
					    <texturenofocus></texturenofocus>
					    <radioposx>0.1</radioposx>
					    <radioposy>0</radioposy>
					    <oninfo>Skin.ToggleSetting(OSDInfo)</oninfo>
					    <selected>[Player.Paused | Player.Rewinding | Player.Forwarding]</selected>
						<include condition="Skin.HasSetting(AutoClose.VideoOSD) + !Skin.HasSetting(AutoClose.withInfoService)">OSDButtonOnFocus</include>
						<onclick>PlayerControl(Play)</onclick>
					    <visible>Player.PauseEnabled</visible>
				    </control>
				    <control type="radiobutton" id="603">
					    <include content="OSDButtons">
						    <param name="icon">OSD/OSDStopNF.png</param>
					    </include>
					    <onup>100</onup>
					    <ondown>Close</ondown>
						<include condition="Skin.HasSetting(AutoClose.VideoOSD) + !Skin.HasSetting(AutoClose.withInfoService)">OSDButtonOnFocus</include>
						<onclick>PlayerControl(Stop)</onclick>
					    <oninfo>Skin.ToggleSetting(OSDInfo)</oninfo>
				    </control>
				    <control type="radiobutton" id="604">
					    <include content="OSDButtons">
						    <param name="icon">OSD/OSDFWNF.png</param>
					    </include>
					    <onup>100</onup>
					    <ondown>Close</ondown>
					    <enable>Player.SeekEnabled</enable>
						<include condition="Skin.HasSetting(AutoClose.VideoOSD) + !Skin.HasSetting(AutoClose.withInfoService)">OSDButtonOnFocus</include>
						<onclick>PlayerControl(Forward)</onclick>
					    <oninfo>Skin.ToggleSetting(OSDInfo)</oninfo>
				    </control>
				    <control type="radiobutton" id="605">
					    <include content="OSDButtons">
						    <param name="icon">OSD/OSDNextNF.png</param>
					    </include>
					    <onup>100</onup>
					    <ondown>Close</ondown>
					    <onclick>PlayerControl(Next)</onclick>
						<include condition="Skin.HasSetting(AutoClose.VideoOSD) + !Skin.HasSetting(AutoClose.withInfoService)">OSDButtonOnFocus</include>
						<visible>!VideoPlayer.Content(livetv)</visible>
					    <oninfo>Skin.ToggleSetting(OSDInfo)</oninfo>
				    </control>
				    <control type="radiobutton" id="661">
					    <include content="OSDButtons">
						    <param name="icon">OSD/OSDDvdNF.png</param>
					    </include>
					    <onup>100</onup>
					    <ondown>Close</ondown>
						<include condition="Skin.HasSetting(AutoClose.VideoOSD) + !Skin.HasSetting(AutoClose.withInfoService)">OSDButtonOnFocus</include>
						<onclick>PlayerControl(ShowVideoMenu)</onclick>
					    <visible>!VideoPlayer.Content(livetv) + VideoPlayer.HasMenu</visible>
					    <oninfo>Skin.ToggleSetting(OSDInfo)</oninfo>
				    </control>
				    <control type="radiobutton" id="700">
					    <visible>PVR.CanRecordPlayingChannel</visible>
					    <visible>VideoPlayer.Content(livetv)</visible>
					    <include content="OSDButtons">
						    <param name="icon">OSD/OSDRecordNF.png</param>
					    </include>
					    <onup>100</onup>
					    <ondown>Close</ondown>
						<include condition="Skin.HasSetting(AutoClose.VideoOSD) + !Skin.HasSetting(AutoClose.withInfoService)">OSDButtonOnFocus</include>
						<onclick>PVR.ToggleRecordPlayingChannel</onclick>
					    <oninfo>Skin.ToggleSetting(OSDInfo)</oninfo>
				    </control>
			    </control>
			</control>
			
			<control type="group">
			    
				<include condition="Skin.HasSetting(enable.bottomseekbar)">LowerOSDPopups</include>
			    <include condition="!Skin.HasSetting(enable.bottomseekbar)">RegularOSDPopups</include>
				
				<control type="group" id="1000">
				    <height>310</height>
				    <width>535</width>
				    <left>840</left>
					<visible>!String.IsEmpty(Window(Home).Property(PopupMenu2Active))</visible>
                    <control type="button">
				        <description>Hidden button to close the popup when you click outside it</description>
				        <posx>0</posx>
				        <posy>0</posy>
				        <width>1920</width>
				        <height>960</height>
				        <texturenofocus></texturenofocus>
				        <texturefocus></texturefocus>
				        <onclick>ClearProperty(PopupMenu2Active,Home)</onclick>
			        </control>
				    <control type="grouplist" id="1010">
					    <left>30</left>
					    <width>470</width>
					    <height>400</height>
					    <onleft>659</onleft>
					    <onright>659</onright>
					    <onup>659</onup>
					    <ondown>659</ondown>
					    <orientation>vertical</orientation>
					    <align>right</align>
					    <control type="button" id="1011">
						    <height>80</height>
						    <width>470</width>
						    <font>Details</font>
						    <label>$LOCALIZE[13396]</label>
							<include condition="Skin.HasSetting(AutoClose.VideoOSD) + !Skin.HasSetting(AutoClose.withInfoService)">OSDButtonOnFocus</include>
							<onclick>ActivateWindow(osdaudiosettings)</onclick>
						    <texturenofocus colordiffuse="ff161612">img/WhiteRoundedST2.png</texturenofocus>
					    </control>
					    <control type="button" id="1012">
						    <height>80</height>
						    <width>470</width>
						    <font>Details</font>
						    <label>$LOCALIZE[13395]</label>
							<include condition="Skin.HasSetting(AutoClose.VideoOSD) + !Skin.HasSetting(AutoClose.withInfoService)">OSDButtonOnFocus</include>
							<onclick>ActivateWindow(osdvideosettings)</onclick>
						    <texturenofocus colordiffuse="ff161612">img/WhiteRoundedST2.png</texturenofocus>
					    </control>
					    <control type="button" id="1015">
						    <height>80</height>
						    <width>470</width>
						    <font>Details</font>
						    <label>$LOCALIZE[36560]</label>
							<include condition="Skin.HasSetting(AutoClose.VideoOSD) + !Skin.HasSetting(AutoClose.withInfoService)">OSDButtonOnFocus</include>
							<onclick>ActivateWindow(osdcmssettings)</onclick>
						    <texturenofocus colordiffuse="ff161612">img/WhiteRoundedST2.png</texturenofocus>
						    <visible>System.HasCMS</visible>
					    </control>
					    <control type="button" id="1014">
						    <height>80</height>
						    <width>470</width>
						    <font>Details</font>
						    <label>$LOCALIZE[31133]</label>
						    <label2>$INFO[VideoPlayer.AudioLanguage,[COLOR=Hghlight],[/COLOR]]</label2>
							<include condition="Skin.HasSetting(AutoClose.VideoOSD) + !Skin.HasSetting(AutoClose.withInfoService)">OSDButtonOnFocus</include>
							<onclick>AudioNextLanguage</onclick>
						    <texturenofocus colordiffuse="ff161612">img/WhiteRoundedST2.png</texturenofocus>
					    </control>
				    </control>
			    </control>
			    <control type="group" id="1100">
				    <left>830</left>
					<visible>!String.IsEmpty(Window(Home).Property(PopupMenuActive))</visible>
                    <control type="button">
				        <description>Hidden button to close the popup when you click outside it</description>
				        <posx>0</posx>
				        <posy>0</posy>
				        <width>1920</width>
				        <height>960</height>
				        <texturenofocus></texturenofocus>
				        <texturefocus></texturefocus>
				        <onclick>ClearProperty(PopupMenuActive,Home)</onclick>
			        </control>
					<control type="grouplist" id="1110">
					    <align>right</align>
					    <left>30</left>
					    <width>470</width>
					    <height>400</height>
					    <onleft>656</onleft>
					    <onright>656</onright>
					    <onup>656</onup>
					    <ondown>656</ondown>
					    <orientation>vertical</orientation>
					    <control type="button" id="1111">
						    <description>Download with Subtitles script</description>
						    <height>80</height>
						    <width>470</width>
						    <label>$LOCALIZE[33003]</label>
						    <onclick>Close</onclick>
						    <onclick>Dialog.Close(VideoOSD)</onclick>
						    <onclick>ActivateWindow(SubtitleSearch)</onclick>
						    <enable>!VideoPlayer.Content(livetv)</enable>
						    <font>Details</font>
						    <texturenofocus colordiffuse="ff161612">img/WhiteRoundedST2.png</texturenofocus>
					    </control>
					    <control type="button" id="1112">
						    <height>80</height>
						    <width>470</width>
						    <label>$LOCALIZE[22006]</label>
							<include condition="Skin.HasSetting(AutoClose.VideoOSD) + !Skin.HasSetting(AutoClose.withInfoService)">OSDButtonOnFocus</include>
							<onclick>SubtitleDelay</onclick>
						    <enable>VideoPlayer.HasSubtitles + VideoPlayer.SubtitlesEnabled</enable>
						    <font>Details</font>
						    <texturenofocus colordiffuse="ff161612">img/WhiteRoundedST2.png</texturenofocus>
					    </control>
					    <control type="button" id="1113">
						    <height>80</height>
						    <width>470</width>
						    <label>$LOCALIZE[32004]</label>
						    <label2>[COLOR=$VAR[SelectedTextColor]]$INFO[VideoPlayer.SubtitlesLanguage][/COLOR]</label2>
							<include condition="Skin.HasSetting(AutoClose.VideoOSD) + !Skin.HasSetting(AutoClose.withInfoService)">OSDButtonOnFocus</include>
							<onclick>CycleSubtitle</onclick>
						    <enable>VideoPlayer.HasSubtitles + VideoPlayer.SubtitlesEnabled</enable>
						    <font>Details</font>
						    <texturenofocus colordiffuse="ff161612">img/WhiteRoundedST2.png</texturenofocus>
					    </control>
					    <control type="radiobutton" id="1114">
						    <height>80</height>
						    <width>470</width>
						    <label>$LOCALIZE[449]</label>
						    <radioposx>380</radioposx>
							<include condition="Skin.HasSetting(AutoClose.VideoOSD) + !Skin.HasSetting(AutoClose.withInfoService)">OSDButtonOnFocus</include>
							<onclick>ShowSubtitles</onclick>
						    <selected>VideoPlayer.SubtitlesEnabled + VideoPlayer.HasSubtitles</selected>
						    <enable>VideoPlayer.HasSubtitles</enable>
						    <font>Details</font>
						    <texturenofocus colordiffuse="ff161612">img/WhiteRoundedST2.png</texturenofocus>
					    </control>
				    </control>
			    </control>
				<control type="group" id="1200">
				    <left>830</left>
				    <visible>Control.HasFocus(655) | ControlGroup(1210).HasFocus</visible>
				    <control type="grouplist" id="1210">
					    <left>30</left>
					    <width>470</width>
					    <height>400</height>
					    <onleft>655</onleft>
					    <onright>655</onright>
					    <onup>655</onup>
					    <ondown>655</ondown>
					    <align>right</align>
					    <orientation>vertical</orientation>
					    <control type="radiobutton" id="1211">
						    <height>80</height>
						    <width>470</width>
						    <radioposx>380</radioposx>
						    <label>$LOCALIZE[24022]</label>
							<include condition="Skin.HasSetting(AutoClose.VideoOSD) + !Skin.HasSetting(AutoClose.withInfoService)">OSDButtonOnFocus</include>
							<onclick>ToggleStereoMode</onclick>
						    <selected>Integer.IsGreater(System.StereoscopicMode,0)</selected>
						    <font>Details</font>
						    <texturenofocus colordiffuse="ff161612">img/WhiteRoundedST2.png</texturenofocus>
					    </control>
					    <control type="button" id="1212">
						    <height>80</height>
						    <width>470</width>
						    <label>$LOCALIZE[31135]</label>
						    <label2>$INFO[VideoPlayer.StereoscopicMode]</label2>
							<include condition="Skin.HasSetting(AutoClose.VideoOSD) + !Skin.HasSetting(AutoClose.withInfoService)">OSDButtonOnFocus</include>
							<onclick>StereoMode</onclick>
						    <font>Details</font>
						    <texturenofocus colordiffuse="ff161612">img/WhiteRoundedST2.png</texturenofocus>
					    </control>
					    <control type="radiobutton" id="1213">
						    <height>80</height>
						    <width>470</width>
						    <radioposx>380</radioposx>
						    <label>$LOCALIZE[31136]</label>
							<include condition="Skin.HasSetting(AutoClose.VideoOSD) + !Skin.HasSetting(AutoClose.withInfoService)">OSDButtonOnFocus</include>
							<onclick>StereoModeToMono</onclick>
						    <selected>Integer.IsEqual(System.StereoscopicMode,9)</selected>
						    <font>Details</font>
						    <texturenofocus colordiffuse="ff161612">img/WhiteRoundedST2.png</texturenofocus>
					    </control>
				    </control>
			    </control>
			</control>
			
		</control>
	</controls>
</window>
