<?xml version="1.0" encoding="UTF-8"?>
<window>
	<defaultcontrol always="true">9000</defaultcontrol>
	<backgroundcolor>0</backgroundcolor>
	<controls>
		<include>DefaultBackground</include>
		<include>Time</include>
		<control type="group" description="Content">
			<animation effect="fade" time="250" condition="!Window.Previous(SettingsCategory.xml)">WindowOpen</animation>
			<animation effect="fade" time="250" condition="!Window.Next(SettingsCategory.xml)">WindowClose</animation>
			<control type="image" description="Left Menu background">
				<left>60</left>
				<top>60</top>
				<width>412</width>
				<height>980</height>
				<texture border="45">dialogs/TinyDialog.png</texture>
			</control>
			<control type="image" id="9001" description="2/3 Middle Menu">
				<visible>Container(9000).HasFocus(3) | Container(9000).HasFocus(5)</visible>
				<left>462</left>
				<top>60</top>
				<width>729</width>
				<height>980</height>
				<texture border="45">dialogs/TinyDialog.png</texture>
			</control>
			<control type="image" description="2/2 Right Menu">
				<visible>!Control.IsVisible(9001)</visible>
				<left>462</left>
				<top>60</top>
				<width>1419</width>
				<height>980</height>
				<texture border="45">dialogs/TinyDialog.png</texture>
			</control>
			<control type="image" description="3/3 Right Menu">
				<visible>Control.IsVisible(9001)</visible>
				<left>1181</left>
				<top>60</top>
				<width>672</width>
				<height>980</height>
				<texture border="45">dialogs/TinyDialog.png</texture>
			</control>
			<!-- 9000 Left panel -->
			<control type="list" id="9000">
				<posx>105</posx>
				<posy>120</posy>
				<width>322</width>
				<height>780</height>
				<onleft>noop</onleft>
				<onright>9100</onright>
				<onup>9000</onup>
				<ondown>9000</ondown>
				<pagecontrol></pagecontrol>
				<scrolltime>280</scrolltime>
				<itemlayout width="322" height="60">
					<control type="image">
						<width>322</width>
						<height>60</height>
						<texture border="3">buttons/ButtonNF.png</texture>
					</control>
					<control type="label" description="Main Label">
						<posx>10</posx>
						<width>301</width>
						<height>60</height>
						<label>$INFO[ListItem.Label]</label>
					</control>
				</itemlayout>
				<focusedlayout width="322" height="60">
					<control type="image" description="fa overlay">
						<animation effect="fade" start="100" end="40" time="100" condition="!Control.HasFocus(9000)">Conditional</animation>
						<width>322</width>
						<height>60</height>
						<texture border="4" colordiffuse="Highlight">img/WhiteRoundedST2.png</texture>
					</control>
					<control type="label" description="Main Label">
						<posx>10</posx>
						<width>301</width>
						<height>60</height>
						<textcolor>Black</textcolor>
						<shadowcolor></shadowcolor>
						<label>$INFO[ListItem.Label]</label>
					</control>
				</focusedlayout>
				<content>
					<item id="2" description="General">
						<label>$LOCALIZE[128]</label>
						<onclick>noop</onclick>
					</item>
					<item id="3" description="Home menu">
						<label>$LOCALIZE[31995]</label>
						<onclick>noop</onclick>
					</item>
					<item id="5" description="Shelf">
						<label>$LOCALIZE[31976]</label>
						<onclick>noop</onclick>
					</item>
					<item id="10" description="Backgrounds">
						<label>$LOCALIZE[33069]</label>
						<onclick>noop</onclick>
					</item>
					<item id="11" description="Media Views">
						<label>$LOCALIZE[31053]</label>
						<onclick>noop</onclick>
					</item>
					<item id="8" description="Advanced">
						<label>$LOCALIZE[31985]</label>
						<onclick>noop</onclick>
					</item>
					<item id="12" description="Manage dependencies">
						<label>$LOCALIZE[24996]</label>
						<onclick>noop</onclick>
					</item>					
					<item id="9" description="Plexbmc addon specific">
						<visible>System.HasAddon(plugin.video.plexbmc) + Skin.HasSetting(plexbmc)</visible>
						<label>PleXBMC</label>
						<onclick>noop</onclick>
					</item>
				</content>
			</control>
			<control type="group" id="9100">
				<!-- 9100 Middle panel -->
				<!--9000 2 General Options -->
				<control type="panel" id="9102">
					<visible>Container(9000).HasFocus(2)</visible>
					<onright>500</onright>
					<onup>9102</onup>
					<ondown>9102</ondown>
					<pagecontrol></pagecontrol>
					<include>SettingsListCommons</include>
					<content>
						<include content="YesNoSettingItem">
							<param name="itemid" value="8"/>
							<param name="itemlabel" value="$LOCALIZE[31039]"/>
							<param name="skinsetting" value="Hide.TopBar.Sub"/>
						</include>
						<include content="YesNoSettingItem">
							<param name="itemid" value="9"/>
							<param name="itemlabel" value="$LOCALIZE[31998]"/>
							<param name="skinsetting" value="ShowMasterLockTitle"/>
						</include>
						<include content="YesNoSettingItem">
							<param name="itemid" value="1"/>
							<param name="itemlabel" value="$LOCALIZE[31034]"/>
							<param name="skinsetting" value="Hide.WeatherTitleBar"/>
						</include>
						<include content="YesNoSettingItem">
							<param name="itemid" value="2"/>
							<param name="itemlabel" value="$LOCALIZE[31040]"/>
							<param name="skinsetting" value="Hide.RecordingTitleBar"/>
						</include>
						<item id="4" description="Lyrics">
							<label>$LOCALIZE[24020] $LOCALIZE[31132]</label>
							<label2>$INFO[Skin.String(LyricPath)]</label2>
							<onclick>Skin.SetAddon(LyricPath,xbmc.python.lyrics)</onclick>
						</item>
						<include content="YesNoSettingItem">
							<param name="itemid" value="18"/>
							<param name="itemlabel" value="$LOCALIZE[31959]"/>
							<param name="skinsetting" value="FullscreenMusic"/>
						</include>
						<include content="YesNoSettingItem">
							<param name="itemid" value="13"/>
							<param name="itemlabel" value="$LOCALIZE[31957]"/>
							<param name="skinsetting" value="Hide.LibraryUpdate.Button"/>
						</include>
						<include content="YesNoSettingItem">
							<param name="itemid" value="14"/>
							<param name="itemlabel" value="$LOCALIZE[32020]"/>
							<param name="skinsetting" value="Hide.Label2.Lists"/>
						</include>
                        <include content="YesNoSettingItem">
							<param name="itemid" value="15"/>
							<param name="itemlabel" value="$LOCALIZE[32038]"/>
							<param name="skinsetting" value="Show.Options.Button"/>
						</include>
						<include content="YesNoSettingItem">
							<param name="itemid" value="10"/>
							<param name="itemlabel" value="$LOCALIZE[31996]"/>
							<param name="skinsetting" value="holiday"/>
						</include>
						<item id="18" description="Reset Skin">
							<label>$LOCALIZE[31038]</label>
							<icon>DefaultIconWarning.png</icon>
							<onclick>Skin.ResetSettings</onclick>
							<onclick>ReloadSkin()</onclick>
						</item>
					</content>
				</control>
				<!--9000 11 Media Views Options -->
				<control type="panel" id="9111">
					<visible>Container(9000).HasFocus(11)</visible>
					<onright>500</onright>
					<onup>9111</onup>
					<ondown>9111</ondown>
					<pagecontrol></pagecontrol>
					<include>SettingsListCommons</include>
					<content>
						<include content="YesNoSettingItem">
							<param name="itemid" value="0"/>
							<param name="itemlabel" value="$LOCALIZE[31981]"/>
							<param name="itemicon" value="OverlayWatched.png"/>
							<param name="skinsetting" value="Hide_Watched_Marks"/>
						</include>
						<include content="YesNoSettingItem">
							<param name="itemid" value="1"/>
							<param name="itemlabel" value="$LOCALIZE[31980]"/>
							<param name="itemicon" value="OverlayUnwatched.png"/>
							<param name="skinsetting" value="Hide_Unwatched_Marks"/>
						</include>
						<include content="YesNoSettingItem">
							<param name="itemid" value="2"/>
							<param name="itemlabel" value="$LOCALIZE[31972]"/>
							<param name="itemicon" value="OverlayInProgress.png"/>
							<param name="skinsetting" value="Hide_InProgress_Marks"/>
						</include>
						<include content="YesNoSettingItem">
							<param name="itemid" value="3"/>
							<param name="itemlabel" value="$LOCALIZE[20189]"/>
							<param name="skinsetting" value="AutoScroll"/>
						</include>
						<include content="YesNoSettingItem">
							<param name="itemid" value="7"/>
							<param name="itemlabel" value="$LOCALIZE[31514]"/>
							<param name="skinsetting" value="EpisodesUsePoster"/>
						</include>
						<include content="YesNoSettingItem">
							<param name="itemid" value="8"/>
							<param name="itemlabel" value="$LOCALIZE[31035]"/>
							<param name="skinsetting" value="Hide.MediaFlagsVideo"/>
						</include>
						<include content="YesNoSettingItem">
							<param name="itemid" value="11"/>
							<param name="itemlabel" value="$LOCALIZE[31150]"/>
							<param name="skinsetting" value="hide.listview"/>
						</include>
						<include content="YesNoSettingItem">
							<param name="itemid" value="12"/>
							<param name="itemlabel" value="$LOCALIZE[31151]"/>
							<param name="skinsetting" value="hide.panelview"/>
						</include>
						<include content="YesNoSettingItem">
							<param name="itemid" value="13"/>
							<param name="itemlabel" value="$LOCALIZE[31152]"/>
							<param name="skinsetting" value="hide.biglistview"/>
						</include>
						<include content="YesNoSettingItem">
							<param name="itemid" value="14"/>
							<param name="itemlabel" value="$LOCALIZE[31153]"/>
							<param name="skinsetting" value="hide.iconsview"/>
						</include>
						<include content="YesNoSettingItem">
							<param name="itemid" value="15"/>
							<param name="itemlabel" value="$LOCALIZE[31154]"/>
							<param name="skinsetting" value="hide.lowlistview"/>
						</include>
						<include content="YesNoSettingItem">
							<param name="itemid" value="16"/>
							<param name="itemlabel" value="$LOCALIZE[31155]"/>
							<param name="skinsetting" value="hide.bigpanelview"/>
						</include>
						<include content="YesNoSettingItem">
							<param name="itemid" value="17"/>
							<param name="itemlabel" value="$LOCALIZE[31156]"/>
							<param name="skinsetting" value="hide.fanartview"/>
						</include>
					</content>
				</control>
				
				<!-- 9000 12 - Manage Dependencies -->
				<control type="grouplist" id="9112">
					<visible>Container(9000).HasFocus(12)</visible>
					<onright>500</onright>
		            <width>1360</width>
		            <height>860</height>
			        <left>480</left>
			        <top>120</top>
                    <itemgap>0</itemgap>
                    <onleft>9000</onleft>
                    <orientation>vertical</orientation>
                    <scrolltime>0</scrolltime>
                    <control type="radiobutton" id="91121">
                        <label>script.favourites</label>
                        <label2>$INFO[System.AddonVersion(script.favourites)]        </label2>
                        <onclick>Addon.OpenSettings(script.favourites)</onclick>
                        <onclick condition="!System.HasAddon(script.favourites)">InstallAddon(script.favourites)</onclick>
                        <selected>System.HasAddon(script.favourites)</selected>
                    </control>					
                    <control type="radiobutton" id="91122">
                        <label>script.skin.helper.service</label>
                        <label2>$INFO[System.AddonVersion(script.skin.helper.service)]        </label2>
                        <onclick>Addon.OpenSettings(script.skin.helper.service)</onclick>
                        <onclick condition="!System.HasAddon(script.skin.helper.service)">InstallAddon(script.skin.helper.service)</onclick>
                        <selected>System.HasAddon(script.skin.helper.service)</selected>
                    </control>
                    <control type="radiobutton" id="91123">
                        <label>resource.uisounds.amber</label>
                        <label2>$INFO[System.AddonVersion(resource.uisounds.amber)]        </label2>
                        <onclick>Addon.OpenSettings(resource.uisounds.amber)</onclick>
                        <onclick condition="!System.HasAddon(resource.uisounds.amber)">InstallAddon(resource.uisounds.amber)</onclick>
                        <selected>System.HasAddon(resource.uisounds.amber)</selected>
                    </control>
                    <control type="radiobutton" id="91124">
                        <label>script.skinshortcuts</label>
                        <label2>$INFO[System.AddonVersion(script.skinshortcuts)]        </label2>
                        <onclick>Addon.OpenSettings(script.skinshortcuts)</onclick>
                        <onclick condition="!System.HasAddon(script.skinshortcuts)">InstallAddon(script.skinshortcuts)</onclick>
                        <selected>System.HasAddon(script.skinshortcuts)</selected>
                    </control>
                    <control type="radiobutton" id="91125">
                        <label>script.globalsearch</label>
                        <label2>$INFO[System.AddonVersion(script.globalsearch)]        </label2>
                        <onclick>Addon.OpenSettings(script.globalsearch)</onclick>
                        <onclick condition="!System.HasAddon(script.globalsearch)">InstallAddon(script.globalsearch)</onclick>
                        <selected>System.HasAddon(script.globalsearch)</selected>
                    </control>
                    <control type="radiobutton" id="91126">
                        <label>script.tv.show.next.aired</label>
                        <label2>$INFO[System.AddonVersion(script.tv.show.next.aired)]        </label2>
                        <onclick>Addon.OpenSettings(script.tv.show.next.aired)</onclick>
                        <onclick condition="!System.HasAddon(script.tv.show.next.aired)">InstallAddon(script.tv.show.next.aired)</onclick>
                        <selected>System.HasAddon(script.tv.show.next.aired)</selected>
                    </control>
                    <control type="radiobutton" id="91127">
                        <label>service.skin.widgets</label>
                        <label2>$INFO[System.AddonVersion(service.skin.widgets)]        </label2>
                        <onclick>Addon.OpenSettings(service.skin.widgets)</onclick>
                        <onclick condition="!System.HasAddon(service.skin.widgets)">InstallAddon(service.skin.widgets)</onclick>
                        <selected>System.HasAddon(service.skin.widgets)</selected>
                    </control>					
                    <control type="radiobutton" id="91128">
                        <label>script.skin.helper.widgets</label>
                        <label2>$INFO[System.AddonVersion(script.skin.helper.widgets)]        </label2>
                        <onclick>Addon.OpenSettings(script.skin.helper.widgets)</onclick>
                        <onclick condition="!System.HasAddon(service.skin.widgets)">InstallAddon(script.skin.helper.widgets)</onclick>
                        <selected>System.HasAddon(script.skin.helper.widgets)</selected>
                    </control>					
                    <control type="radiobutton" id="91129">
                        <label>script.artwork.beef</label>
                        <label2>$INFO[System.AddonVersion(script.artwork.beef)]        </label2>
                        <onclick>Addon.OpenSettings(script.artwork.beef)</onclick>
                        <onclick condition="!System.HasAddon(script.artwork.beef)">InstallAddon(script.artwork.beef)</onclick>
                        <selected>System.HasAddon(script.artwork.beef)</selected>
                    </control>
                    <control type="radiobutton" id="911210">
                        <label>script.extendedinfo</label>
                        <label2>$INFO[System.AddonVersion(script.extendedinfo)]        </label2>
                        <onclick>Addon.OpenSettings(script.extendedinfo)</onclick>
                        <onclick condition="!System.HasAddon(script.extendedinfo)">InstallAddon(script.extendedinfo)</onclick>
                        <selected>System.HasAddon(script.extendedinfo)</selected>
                    </control>
                    <control type="radiobutton" id="911211">
                        <label>script.cu.lrclyrics</label>
                        <label2>$INFO[System.AddonVersion(script.cu.lrclyrics)]        </label2>
                        <onclick>Addon.OpenSettings(script.cu.lrclyrics)</onclick>
                        <onclick condition="!System.HasAddon(script.cu.lrclyrics)">InstallAddon(script.cu.lrclyrics)</onclick>
                        <selected>System.HasAddon(script.cu.lrclyrics)</selected>
                    </control>
                    <control type="radiobutton" id="911212">
                        <label>script.artistslideshow</label>
                        <label2>$INFO[System.AddonVersion(script.artistslideshow)]        </label2>
                        <onclick>Addon.OpenSettings(script.artistslideshow)</onclick>
                        <onclick condition="!System.HasAddon(script.artistslideshow)">InstallAddon(script.artistslideshow)</onclick>
                        <selected>System.HasAddon(script.artistslideshow)</selected>
                    </control>					
                    <control type="radiobutton" id="911213">
                        <label>plugin.video.specialfeatures</label>
                        <label2>$INFO[System.AddonVersion(plugin.video.specialfeatures)]        </label2>
                        <onclick>Addon.OpenSettings(plugin.video.specialfeatures)</onclick>
                        <onclick condition="!System.HasAddon(plugin.video.specialfeatures)">InstallAddon(plugin.video.specialfeatures)</onclick>
                        <selected>System.HasAddon(plugin.video.specialfeatures)</selected>
                    </control>
                    <control type="radiobutton" id="911214">
                        <label>service.upnext</label>
                        <label2>$INFO[System.AddonVersion(service.upnext)]        </label2>
                        <onclick>Addon.OpenSettings(service.upnext)</onclick>
                        <onclick condition="!System.HasAddon(service.upnext)">InstallAddon(service.upnext)</onclick>
                        <selected>System.HasAddon(service.upnext)</selected>
                    </control>					
				</control>				
				
				<!-- 9000 3 Home Menu Options -->
				<control type="group">
					<visible>Container(9000).HasFocus(3)</visible>
					<control type="panel" id="9103">
						<onright>9203</onright>
						<onup>9103</onup>
						<ondown>9103</ondown>
						<pagecontrol>63</pagecontrol>
						<include content="SettingsListCommons">
							<param name="listwidth">670</param>
							<param name="showicon">false</param>
						</include>
						<content>
							<item id="0">
								<label>$LOCALIZE[13278]</label>
								<thumb fallback="special://skin/backgrounds/Default.jpg">$INFO[Skin.String(Default.Background)]</thumb>
								<onclick>noop</onclick>
							</item>
							<include content="HomeSettingItem">
								<param name="itemid" value="2"/>
								<param name="itemlabel" value="$LOCALIZE[24001]"/>
								<param name="area" value="Addons"/>
							</include>                            
							<include content="HomeSettingItem">
								<param name="itemid" value="3"/>
								<param name="itemlabel" value="$LOCALIZE[3]"/>
								<param name="area" value="Videos"/>
							</include>                            
							<include content="CustomHomeSettingItem">
								<param name="itemid" value="21"/>
								<param name="customhomeid" value="1"/>
							</include>
							<include content="CustomHomeSettingItem">
								<param name="itemid" value="22"/>
								<param name="customhomeid" value="2"/>
							</include>
							<include content="HomeSettingItem">
								<param name="itemid" value="4"/>
								<param name="itemlabel" value="$LOCALIZE[20342]"/>
								<param name="area" value="Movies"/>
							</include>
							<include content="CustomHomeSettingItem">
								<param name="itemid" value="23"/>
								<param name="customhomeid" value="3"/>
							</include>
							<include content="CustomHomeSettingItem">
								<param name="itemid" value="24"/>
								<param name="customhomeid" value="4"/>
							</include>
							<include content="HomeSettingItem">
								<param name="itemid" value="5"/>
								<param name="itemlabel" value="$LOCALIZE[20343]"/>
								<param name="area" value="TVShows"/>
							</include>
							<include content="CustomHomeSettingItem">
								<param name="itemid" value="25"/>
								<param name="customhomeid" value="5"/>
							</include>

							<include content="CustomHomeSettingItem">
								<param name="itemid" value="26"/>
								<param name="customhomeid" value="6"/>
							</include>
							<include content="HomeSettingItem">
								<param name="itemid" value="6"/>
								<param name="itemlabel" value="$LOCALIZE[2]"/>
								<param name="area" value="Music"/>
							</include>
							<include content="CustomHomeSettingItem">
								<param name="itemid" value="27"/>
								<param name="customhomeid" value="7"/>
							</include>
							<include content="CustomHomeSettingItem">
								<param name="itemid" value="28"/>
								<param name="customhomeid" value="8"/>
							</include>
							<include content="HomeSettingItem">
								<param name="itemid" value="7"/>
								<param name="itemlabel" value="$LOCALIZE[20389]"/>
								<param name="area" value="MusicVideos"/>
							</include>
							<include content="CustomHomeSettingItem">
								<param name="itemid" value="29"/>
								<param name="customhomeid" value="9"/>
							</include>
							<include content="HomeSettingItem">
								<param name="itemid" value="8"/>
								<param name="itemlabel" value="$LOCALIZE[19020]"/>
								<param name="area" value="TV"/>
							</include>
							<include content="HomeSettingItem">
								<param name="itemid" value="9"/>
								<param name="itemlabel" value="$LOCALIZE[19021]"/>
								<param name="area" value="Radio"/>
							</include>
							<include content="HomeSettingItem">
								<param name="itemid" value="1"/>
								<param name="itemlabel" value="$LOCALIZE[1]"/>
								<param name="area" value="Pictures"/>
							</include>
							<include content="CustomHomeSettingItem">
								<param name="itemid" value="30"/>
								<param name="customhomeid" value="10"/>
							</include>
							<include content="HomeSettingItem">
								<param name="itemid" value="16"/>
								<param name="itemlabel" value="$LOCALIZE[15016]"/>
								<param name="area" value="Games"/>
							</include>
							<include content="HomeSettingItem">
								<param name="itemid" value="10"/>
								<param name="itemlabel" value="$LOCALIZE[1036]"/>
								<param name="area" value="Favourites"/>
							</include>
							<include content="CustomHomeSettingItem">
								<param name="itemid" value="31"/>
								<param name="customhomeid" value="11"/>
							</include>
							<include content="HomeSettingItem">
								<param name="itemid" value="12"/>
								<param name="itemlabel" value="$LOCALIZE[427]"/>
								<param name="area" value="DVD"/>
							</include>
							<include content="HomeSettingItem">
								<param name="itemid" value="100"/>
								<param name="itemlabel" value="$LOCALIZE[137]"/>
								<param name="area" value="Search"/>
							</include>
							<include content="CustomHomeSettingItem">
								<param name="itemid" value="32"/>
								<param name="customhomeid" value="12"/>
							</include>                            
							<include content="HomeSettingItem">
								<param name="itemid" value="11"/>
								<param name="itemlabel" value="$LOCALIZE[8]"/>
								<param name="area" value="Weather"/>
							</include>
							<include content="CustomHomeSettingItem">
								<param name="itemid" value="33"/>
								<param name="customhomeid" value="13"/>
							</include>							
							<item id="13" description="Settings Availability">
								<label>$LOCALIZE[5]</label>
								<label2 fallback="31031">$VAR[SettingsLocationPointLabel2]</label2>
								<onclick>Skin.SelectBool(31030, 31031|SettingsLocation.All, 31032|SettingsLocation.Home, 31033|SettingsLocation.Quit)</onclick>
								<thumb fallback="special://skin/backgrounds/Settings.jpg">$INFO[Skin.String(Settings.Background)]</thumb>
							</item>
							<include content="CustomHomeSettingItem">
								<param name="itemid" value="34"/>
								<param name="customhomeid" value="14"/>
							</include>							
							<include content="HomeSettingItem">
								<param name="itemid" value="14"/>
								<param name="itemlabel" value="$LOCALIZE[13009]"/>
								<param name="area" value="Quit"/>
							</include>
							<include content="CustomHomeSettingItem">
								<param name="itemid" value="35"/>
								<param name="customhomeid" value="15"/>
							</include>							
						</content>
					</control>
					<control type="group" id="9203">
						<control type="label">
							<posx>1217</posx>
							<posy>90</posy>
							<width>592</width>
							<height>30</height>
							<align>center</align>
							<textcolor>Highlight</textcolor>
							<label>$INFO[Container(9103).ListItem.Label,[B],[/B]]</label>
						</control>
						<control type="panel" id="9403">
							<visible>![Container(9103).HasFocus(21) | Container(9103).HasFocus(22) | Container(9103).HasFocus(23) | Container(9103).HasFocus(24) | Container(9103).HasFocus(25) | Container(9103).HasFocus(26) | Container(9103).HasFocus(27) | Container(9103).HasFocus(28) | Container(9103).HasFocus(29) | Container(9103).HasFocus(30) | Container(9103).HasFocus(31) | Container(9103).HasFocus(32) | Container(9103).HasFocus(33) | Container(9103).HasFocus(34) | Container(9103).HasFocus(35)]</visible>
							<left>1217</left>
							<posy>190</posy>
							<onleft>9103</onleft>
							<onright>9103</onright>
							<onup>9203</onup>
							<ondown>9303</ondown>
							<pagecontrol></pagecontrol>
							<include content="SettingsListCommons">
								<param name="listwidth">590</param>
								<param name="listheight">330</param>
								<param name="showicon">false</param>
							</include>
							<content>
								<include content="YesNoSettingItem">
									<param name="itemid" value="0"/>
									<param name="itemlabel" value="$LOCALIZE[31994]"/>
									<param name="skinsetting" value="VerticalHome"/>
									<param name="itemvisibility" value="Container(9103).HasFocus(0)"/>
								</include>
								<include content="YesNoSettingItem">
									<param name="itemid" value="1"/>
									<param name="itemlabel" value="$LOCALIZE[31363]"/>
									<param name="skinsetting" value="StaticVerticalHome"/>
									<param name="itemvisibility" value="Container(9103).HasFocus(0) + Skin.HasSetting(VerticalHome)"/>
								</include>
								<include content="YesNoSettingItem">
									<param name="itemid" value="10"/>
                                    <param name="optid" value="1"/>
									<param name="itemlabel" value="$LOCALIZE[31115]"/>
									<param name="skinsetting" value="Pictures.Hide"/>
									<param name="itemvisibility" value="Container(9103).HasFocus(1)"/>
								</include>
								<include content="YesNoSettingItem">
									<param name="itemid" value="20"/>
                                    <param name="optid" value="2"/>
									<param name="itemlabel" value="$LOCALIZE[31115]"/>
									<param name="skinsetting" value="Addons.Hide"/>
									<param name="itemvisibility" value="Container(9103).HasFocus(2)"/>
								</include>
								<include content="YesNoSettingItem">
									<param name="itemid" value="30"/>
                                    <param name="optid" value="3"/>
									<param name="itemlabel" value="$LOCALIZE[31115]"/>
									<param name="skinsetting" value="Videos.Hide"/>
									<param name="itemvisibility" value="Container(9103).HasFocus(3)"/>
								</include>
								<include content="YesNoSettingItem">
									<param name="itemid" value="40"/>
                                    <param name="optid" value="4"/>
									<param name="itemlabel" value="$LOCALIZE[31115]"/>
									<param name="skinsetting" value="Movies.Hide"/>
									<param name="itemvisibility" value="Container(9103).HasFocus(4)"/>
								</include>
								<item id="42" description="Movies entry points">
									<label>$LOCALIZE[31507]</label>
									<label2 fallback="31502">$VAR[MovieEntryPointLabel2]</label2>
									<onclick>Skin.SelectBool(20342, 31502|MovieEntry.All, 20386|MovieEntry.RecentlyAdded, 135|MovieEntry.Genres, 136|MovieEntry.Playlists, 744|MovieEntry.Files, 15100|MovieEntry.Library)</onclick>
									<visible>Container(9103).HasFocus(4)</visible>
								</item>
								<include content="YesNoSettingItem">
									<param name="itemid" value="50"/>
                                    <param name="optid" value="5"/>
									<param name="itemlabel" value="$LOCALIZE[31115]"/>
									<param name="skinsetting" value="TVShows.Hide"/>
									<param name="itemvisibility" value="Container(9103).HasFocus(5)"/>
								</include>
								<item id="52" description="TV Show entry points">
									<label>$LOCALIZE[31507]</label>
									<label2 fallback="31499">$VAR[TVShowEntryPointLabel2]</label2>
									<onclick>Skin.SelectBool(20343, 31499|TVShowEntry.All, 20387|TVShowEntry.RecentlyAdded, 135|TVShowEntry.Genres, 136|TVShowEntry.Playlists, 744|TVShowEntry.Files, 15100|TVShowEntry.Library)</onclick>
									<visible>Container(9103).HasFocus(5)</visible>
								</item>
								<include content="YesNoSettingItem">
									<param name="itemid" value="60"/>
                                    <param name="optid" value="6"/>
									<param name="itemlabel" value="$LOCALIZE[31115]"/>
									<param name="skinsetting" value="Music.Hide"/>
									<param name="itemvisibility" value="Container(9103).HasFocus(6)"/>
								</include>
								<item id="62" description="Music entry points">
									<label>$LOCALIZE[31507]</label>
									<label2 fallback="133">$VAR[MusicEntryPointLabel2]</label2>
									<onclick>Skin.SelectBool(2, 133|MusicEntry.Artists, 132|MusicEntry.Albums, 359|MusicEntry.RecentlyAdded, 136|MusicEntry.Playlists, 744|MusicEntry.Files, 135|MusicEntry.Genres)</onclick>
									<visible>Container(9103).HasFocus(6)</visible>
								</item>
								<include content="YesNoSettingItem">
									<param name="itemid" value="70"/>
                                    <param name="optid" value="14"/>
									<param name="itemlabel" value="$LOCALIZE[31115]"/>
									<param name="skinsetting" value="MusicVideos.Hide"/>
									<param name="itemvisibility" value="Container(9103).HasFocus(7)"/>
								</include>
								<include content="YesNoSettingItem">
									<param name="itemid" value="80"/>
                                    <param name="optid" value="12"/>
									<param name="itemlabel" value="$LOCALIZE[31115]"/>
									<param name="skinsetting" value="TV.Hide"/>
									<param name="itemvisibility" value="Container(9103).HasFocus(8)"/>
								</include>
								<item id="82" description="Live TV entry points">
									<label>$LOCALIZE[31507]</label>
									<label2 fallback="19019">$VAR[TVEntryPointLabel2]</label2>
									<onclick>Skin.SelectBool(31500, 19019|TVEntry.Channels, 22020|TVEntry.Guide, 19163|TVEntry.Recordings)</onclick>
									<visible>Container(9103).HasFocus(8)</visible>
								</item>
								<include content="YesNoSettingItem">
									<param name="itemid" value="90"/>
                                    <param name="optid" value="13"/>
									<param name="itemlabel" value="$LOCALIZE[31115]"/>
									<param name="skinsetting" value="Radio.Hide"/>
									<param name="itemvisibility" value="Container(9103).HasFocus(9)"/>
								</include>
								<item id="92" description="Radio entry points">
									<label>$LOCALIZE[31507]</label>
									<label2 fallback="19019">$VAR[RadioEntryPointLabel2]</label2>
									<onclick>Skin.SelectBool(31509, 19019|RadioEntry.Channels, 22020|RadioEntry.Guide, 19163|RadioEntry.Recordings)</onclick>
									<visible>Container(9103).HasFocus(9)</visible>
								</item>
								<include content="YesNoSettingItem">
									<param name="itemid" value="100"/>
                                    <param name="optid" value="7"/>
									<param name="itemlabel" value="$LOCALIZE[31115]"/>
									<param name="skinsetting" value="Favourites.Hide"/>
									<param name="itemvisibility" value="Container(9103).HasFocus(10)"/>
								</include>
								<include content="YesNoSettingItem">
									<param name="itemid" value="120"/>
                                    <param name="optid" value="8"/>
									<param name="itemlabel" value="$LOCALIZE[31115]"/>
									<param name="skinsetting" value="DVD.Hide"/>
									<param name="itemvisibility" value="Container(9103).HasFocus(12)"/>
								</include>
								<include content="YesNoSettingItem">
									<param name="itemid" value="110"/>
                                    <param name="optid" value="15"/>
									<param name="itemlabel" value="$LOCALIZE[31115]"/>
									<param name="skinsetting" value="Weather.Hide"/>
									<param name="itemvisibility" value="Container(9103).HasFocus(11)"/>
								</include>
								<item id="130" description="Settings Availability">
									<label>$LOCALIZE[19218]</label>
									<label2 fallback="31031">$VAR[SettingsLocationPointLabel2]</label2>
									<onclick>Skin.SelectBool(31030, 31031|SettingsLocation.All, 31032|SettingsLocation.Home, 31033|SettingsLocation.Quit)</onclick>
									<thumb fallback="special://skin/backgrounds/Settings.jpg">$INFO[Skin.String(Settings.Background)]</thumb>
									<visible>Container(9103).HasFocus(13)</visible>
								</item>
								<include content="YesNoSettingItem">
									<param name="itemid" value="140"/>
                                    <param name="optid" value="11"/>
									<param name="itemlabel" value="$LOCALIZE[31115]"/>
									<param name="skinsetting" value="Quit.Hide"/>
									<param name="itemvisibility" value="Container(9103).HasFocus(14)"/>
								</include>
								<item id="142" description="QuitAction">
									<label>$LOCALIZE[31989]</label>
									<label2 fallback="31988">$VAR[QuitLabel2]</label2>
									<onclick>ActivateWindow(1114)</onclick>
									<visible>Container(9103).HasFocus(14)</visible>
								</item>
								<include content="YesNoSettingItem">
									<param name="itemid" value="143"/>
									<param name="itemlabel" value="$LOCALIZE[31955] $LOCALIZE[13009]"/>
									<param name="itemvisibility" value="Container(9103).HasFocus(14) + String.IsEmpty(Skin.String(shutdown))"/>
									<param name="skinsetting" value="QuitMenu_Hide_Quit"/>
								</include>
								<include content="YesNoSettingItem">
									<param name="itemid" value="144"/>
									<param name="itemlabel" value="$LOCALIZE[31955] $LOCALIZE[13011]"/>
									<param name="itemvisibility" value="Container(9103).HasFocus(14) + String.IsEmpty(Skin.String(shutdown))"/>
									<param name="skinsetting" value="QuitMenu_Hide_Sleep"/>
								</include>
								<include content="YesNoSettingItem">
									<param name="itemid" value="145"/>
									<param name="itemlabel" value="$LOCALIZE[31955] $LOCALIZE[13005]"/>
									<param name="itemvisibility" value="Container(9103).HasFocus(14) + String.IsEmpty(Skin.String(shutdown))"/>
									<param name="skinsetting" value="QuitMenu_Hide_Shutdown"/>
								</include>
								<include content="YesNoSettingItem">
									<param name="itemid" value="146"/>
									<param name="itemlabel" value="$LOCALIZE[31955] $LOCALIZE[13013]"/>
									<param name="itemvisibility" value="Container(9103).HasFocus(14) + String.IsEmpty(Skin.String(shutdown))"/>
									<param name="skinsetting" value="QuitMenu_Hide_Reboot"/>
								</include>
								<include content="YesNoSettingItem">
									<param name="itemid" value="147"/>
									<param name="itemlabel" value="$LOCALIZE[31955] $LOCALIZE[5]"/>
									<param name="itemvisibility" value="Container(9103).HasFocus(14) + String.IsEmpty(Skin.String(shutdown))"/>
									<param name="skinsetting" value="QuitMenu_Hide_Settings"/>
								</include>
								<include content="YesNoSettingItem">
									<param name="itemid" value="160"/>
                                    <param name="optid" value="16"/>
									<param name="itemlabel" value="$LOCALIZE[31115]"/>
									<param name="skinsetting" value="Games.Hide"/>
									<param name="itemvisibility" value="Container(9103).HasFocus(16)"/>
								</include>
								<include content="YesNoSettingItem">
									<param name="itemid" value="1000"/>
                                    <param name="optid" value="100"/>
									<param name="itemlabel" value="$LOCALIZE[31115]"/>
									<param name="skinsetting" value="Search.Hide"/>
									<param name="itemvisibility" value="Container(9103).HasFocus(100)"/>
								</include>
							</content>
						</control>
						<control type="group" id="9503">
							<visible>Container(9103).HasFocus(21) | Container(9103).HasFocus(22) | Container(9103).HasFocus(23) | Container(9103).HasFocus(24) | Container(9103).HasFocus(25) | Container(9103).HasFocus(26) | Container(9103).HasFocus(27) | Container(9103).HasFocus(28) | Container(9103).HasFocus(29) | Container(9103).HasFocus(30) | Container(9103).HasFocus(31) | Container(9103).HasFocus(32) | Container(9103).HasFocus(33) | Container(9103).HasFocus(34) | Container(9103).HasFocus(35)</visible>
							<left>1217</left>
							<top>130</top>
							<control type="label">
								<label>$LOCALIZE[518]</label>
								<textcolor>Highlight</textcolor>
                                <font>ListDetails</font>
                                <height>40</height>
                                <top>10</top>
							</control>
							<control type="button" id="9513">
								<top>60</top>
								<width>590</width>
								<onup>9103</onup>
								<ondown>9523</ondown>
								<onleft>9103</onleft>
								<onright>9103</onright>
								<onclick condition="System.HasAddon(script.favourites)">$VAR[9513.OnClick.1]</onclick>
								<onclick condition="!System.HasAddon(script.favourites)">InstallAddon(script.favourites)</onclick>
								<label>$VAR[9513.Path.1]</label>
                                <font>ListDetails</font>
                                <height>45</height>
								<visible>!System.HasAddon(script.skinshortcuts) | !Skin.HasSetting(Enable.SkinShortcuts)</visible>
							</control>
							<control type="button" id="9513">
								<top>60</top>
								<width>590</width>
								<onup>9103</onup>
								<ondown>9523</ondown>
								<onleft>9103</onleft>
								<onright>9103</onright>
								<onclick>$VAR[9513.OnClick.2]</onclick>
								<label>$VAR[9513.Path.2]</label>
                                <font>ListDetails</font>
                                <height>45</height>
								<visible>System.HasAddon(script.skinshortcuts) + Skin.HasSetting(Enable.SkinShortcuts)</visible>
							</control>
							<control type="label">
								<top>115</top>
								<label>$LOCALIZE[21899]</label>
								<textcolor>Highlight</textcolor>
                                <font>ListDetails</font>
                                <height>40</height>
							</control>
							<control type="button" id="9523">
								<top>165</top>
								<width>590</width>
								<onup>9513</onup>
								<ondown>9533</ondown>
								<onleft>9103</onleft>
								<onright>9103</onright>
								<onclick condition="System.HasAddon(script.favourites)">$VAR[9523.OnClick.1]</onclick>
								<onclick condition="!System.HasAddon(script.favourites)">InstallAddon(script.favourites)</onclick>
								<label>$VAR[9523.Label.1]</label>
                                <font>ListDetails</font>
                                <height>45</height>
								<visible>!System.HasAddon(script.skinshortcuts) | !Skin.HasSetting(Enable.SkinShortcuts)</visible>
							</control>
							<control type="button" id="9523">
								<top>165</top>
								<width>590</width>
								<onup>9513</onup>
								<ondown>9533</ondown>
								<onleft>9103</onleft>
								<onright>9103</onright>
								<onclick>$VAR[9523.OnClick.2]</onclick>
								<label>$VAR[9523.Label.2]</label>
                                <font>ListDetails</font>
                                <height>45</height>
								<visible>System.HasAddon(script.skinshortcuts) + Skin.HasSetting(Enable.SkinShortcuts)</visible>
							</control>
							<control type="label">
								<visible>System.HasAddon(script.skinshortcuts) + Skin.HasSetting(Enable.SkinShortcuts)</visible>
								<top>220</top>
								<label>$LOCALIZE[31107]</label>
								<textcolor>Highlight</textcolor>
                                <font>ListDetails</font>
                                <height>40</height>
							</control>
							<control type="button" id="9533">
								<top>270</top>
								<width>590</width>
								<onup>9523</onup>
								<ondown>9303</ondown>
								<onleft>9103</onleft>
								<onright>9103</onright>
								<onclick>$VAR[9533.OnClick.2]</onclick>
								<label>$VAR[9533.Label.2]</label>
                                <font>ListDetails</font>
                                <height>45</height>
								<visible>System.HasAddon(script.skinshortcuts) + Skin.HasSetting(Enable.SkinShortcuts)</visible>
							</control>
						</control>
					</control>
					<control type="group">
						<posx>1217</posx>
						<posy>530</posy>
						<control type="label">
							<width>592</width>
							<height>45</height>
							<align>center</align>
							<textcolor>Highlight</textcolor>
							<label>$LOCALIZE[31116]</label>
						</control>
						<control type="grouplist" id="9303">
							<posy>55</posy>
							<width>592</width>
							<height>60</height>
							<onleft>9103</onleft>
							<onright>9303</onright>
							<itemgap>8</itemgap>
							<onup>9203</onup>
							<ondown>9103</ondown>
							<orientation>horizontal</orientation>
							<control type="button" id="9213">
								<description>Single Image button</description>
								<label>$LOCALIZE[31113]</label>
								<font>ListDetails</font>
								<wrapmultiline>true</wrapmultiline>
								<include content="SetBackgroundImage">
									<param name="operation" value="SetImage"/>
								</include>
							</control>
							<control type="button" id="9223">
								<description>Multi Image button</description>
								<label>$LOCALIZE[31114]</label>
								<font>ListDetails</font>
								<wrapmultiline>true</wrapmultiline>
								<include content="SetBackgroundImage">
									<param name="operation" value="SetPath"/>
								</include>
							</control>
							<control type="button" id="9233">
								<description>Reset Image button</description>
								<label>$LOCALIZE[15109]</label>
								<font>ListDetails</font>
								<wrapmultiline>true</wrapmultiline>
								<include content="SetBackgroundImage">
									<param name="operation" value="Reset"/>
								</include>
							</control>
						</control>
					</control>
					<control type="group">
						<posx>1217</posx>
						<posy>658</posy>
						<control type="multiimage" description="shadow">
							<posx>8</posx>
							<posy>8</posy>
							<width>592</width>
							<height>333</height>
							<imagepath background="true">$INFO[Container(9103).ListItem.Icon]</imagepath>
							<aspectratio>scale</aspectratio>
							<timeperimage>6000</timeperimage>
							<randomize>true</randomize>
							<fadetime>500</fadetime>
							<colordiffuse>HeavyShadow</colordiffuse>
						</control>
						<control type="multiimage">
							<width>592</width>
							<height>333</height>
							<imagepath background="true">$INFO[Container(9103).ListItem.Icon]</imagepath>
							<aspectratio>scale</aspectratio>
							<timeperimage>6000</timeperimage>
							<randomize>true</randomize>
							<fadetime>500</fadetime>
						</control>
						<control type="image">
							<top>250</top>
							<width>592</width>
							<height>45</height>
							<aspectratio>stretch</aspectratio>
							<texture>img/OverlayStripe.png</texture>
						</control>
						<control type="label">
							<top>250</top>
							<width>592</width>
							<height>45</height>
							<font>font10</font>
							<align>center</align>
							<haspath>true</haspath>
							<label>[B][COLOR=Highlight]$LOCALIZE[143]: [/COLOR]$VAR[CurrentBackgroundSetting][/B]</label>
						</control>
					</control>
				</control>
				<!--9000 5-->
				<control type="panel" id="9105">
					<visible>Container(9000).HasFocus(5)</visible>
					<onright>9200</onright>
					<onup>9105</onup>
					<ondown>9105</ondown>
					<pagecontrol>65</pagecontrol>
					<include content="SettingsListCommons">
						<param name="listwidth">670</param>
					</include>
					<content>
						<include content="YesNoSettingItem">
							<param name="itemid" value="0"/>
							<param name="itemlabel" value="$LOCALIZE[31920]"/>
							<param name="skinsetting" value="Hide.RecentlyAdded"/>
						</include>
						<include content="YesNoSettingItemAddon">
							<param name="itemid" value="100"/>
							<param name="itemlabel" value="$LOCALIZE[31046]"/>
							<param name="skinsetting" value="Use_Jarvis_Shelves"/>
							<param name="addonpath" value="service.skin.widgets"/>
						</include>
						<item id="101" description="Configure service.skin.widgets">
							<visible>System.HasAddon(service.skin.widgets) + !Skin.HasSetting(Hide.RecentlyAdded) + Skin.HasSetting(Use_Jarvis_Shelves)</visible>
							<label> - $LOCALIZE[31964]</label>
							<onclick>Addon.OpenSettings(service.skin.widgets)</onclick>
						</item>						
						<include content="YesNoSettingItem">
							<param name="itemid" value="1"/>
							<param name="itemlabel" value="$LOCALIZE[31083]"/>
							<param name="skinsetting" value="Shelf.DoubleHeight"/>
							<param name="itemvisibility" value="!Skin.HasSetting(Hide.RecentlyAdded)"/>
						</include>
						<include content="YesNoSettingItem">
							<param name="itemid" value="113"/>
							<param name="itemlabel" value="$LOCALIZE[31978]"/>
							<param name="skinsetting" value="Show_Library_Count"/>
							<param name="itemvisibility" value="!Skin.HasSetting(Hide.RecentlyAdded)"/>
						</include>
						<include content="YesNoSettingItem">
							<param name="itemid" value="12"/>
							<param name="itemlabel" value="$LOCALIZE[31925]"/>
							<param name="skinsetting" value="Shelf.Addons"/>
							<param name="itemvisibility" value="!Skin.HasSetting(Hide.RecentlyAdded)"/>
							<param name="area">$LOCALIZE[24001]</param>
						</include>
						<include content="YesNoSettingItem">
							<param name="itemid" value="3"/>
							<param name="itemlabel" value="$LOCALIZE[31921]"/>
							<param name="skinsetting" value="Hide.Movies.Shelf"/>
							<param name="itemvisibility" value="!Skin.HasSetting(Hide.RecentlyAdded)"/>
							<param name="area">$LOCALIZE[20342]</param>
						</include>
						<include content="YesNoSettingItem">
							<param name="itemid" value="4"/>
							<param name="itemlabel" value="$LOCALIZE[31922]"/>
							<param name="skinsetting" value="Hide.TVShow.Shelf"/>
							<param name="itemvisibility" value="!Skin.HasSetting(Hide.RecentlyAdded)"/>
							<param name="area">$LOCALIZE[20343]</param>
						</include>
						<include content="YesNoSettingItem">
							<param name="itemid" value="2"/>
							<param name="itemlabel" value="$LOCALIZE[31928]"/>
							<param name="skinsetting" value="Hide.Videos.Shelf"/>
							<param name="itemvisibility" value="!Skin.HasSetting(Hide.RecentlyAdded)"/>
						</include>
						<include content="YesNoSettingItem">
							<param name="itemid" value="6"/>
							<param name="itemlabel" value="$LOCALIZE[31923]"/>
							<param name="skinsetting" value="Hide.Music.Shelf"/>
							<param name="itemvisibility" value="!Skin.HasSetting(Hide.RecentlyAdded)"/>
							<param name="area">$LOCALIZE[2]</param>
						</include>
						<include content="YesNoSettingItem">
							<param name="itemid" value="7"/>
							<param name="itemlabel" value="$LOCALIZE[31924]"/>
							<param name="skinsetting" value="Hide.MusicVideos.Shelf"/>
							<param name="itemvisibility" value="!Skin.HasSetting(Hide.RecentlyAdded)"/>
							<param name="area">$LOCALIZE[20389]</param>
						</include>
						<include content="YesNoSettingItem">
							<param name="itemid" value="8"/>
							<param name="itemlabel" value="$LOCALIZE[31929]"/>
							<param name="skinsetting" value="Hide.TV.Shelf"/>
							<param name="itemvisibility" value="!Skin.HasSetting(Hide.RecentlyAdded)"/>
							<param name="area">$LOCALIZE[19020]</param>
						</include>
						<include content="YesNoSettingItem">
							<param name="itemid" value="9"/>
							<param name="itemlabel" value="$LOCALIZE[31930]"/>
							<param name="skinsetting" value="Hide.Radio.Shelf"/>
							<param name="itemvisibility" value="!Skin.HasSetting(Hide.RecentlyAdded)"/>
							<param name="area">$LOCALIZE[19021]</param>
						</include>
						<include content="YesNoSettingItem">
							<param name="itemid" value="13"/>
							<param name="itemlabel" value="$LOCALIZE[31931]"/>
							<param name="skinsetting" value="Hide.Pictures.Shelf"/>
							<param name="itemvisibility" value="!Skin.HasSetting(Hide.RecentlyAdded)"/>
						</include>
						<include content="YesNoSettingItem">
							<param name="itemid" value="11"/>
							<param name="itemlabel" value="$LOCALIZE[31926]"/>
							<param name="skinsetting" value="Hide.Favourites"/>
							<param name="itemvisibility" value="!Skin.HasSetting(Hide.RecentlyAdded)"/>
						</include>
						<include content="YesNoSettingItem">
							<param name="itemid" value="10"/>
							<param name="itemlabel" value="$LOCALIZE[31927]"/>
							<param name="skinsetting" value="Hide.Weather.Shelf"/>
							<param name="itemvisibility" value="!Skin.HasSetting(Hide.RecentlyAdded)"/>
							<param name="area">$LOCALIZE[8]</param>
						</include>
						<include content="YesNoSettingItem">
							<param name="itemid" value="16"/>
							<param name="itemlabel" value="$LOCALIZE[32001]"/>
							<param name="skinsetting" value="Hide.Games.Shelf"/>
							<param name="itemvisibility" value="!Skin.HasSetting(Hide.RecentlyAdded)"/>
							<param name="area">$LOCALIZE[15016]</param>
						</include>						
					</content>
				</control>
				<!--9000 6-->

				<!-- 9000 7 -->

				<!-- 9000 8 -->
				<control type="panel" id="9108">
					<visible>Container(9000).HasFocus(8)</visible>
					<onright>500</onright>
					<onup>9008</onup>
					<ondown>9008</ondown>
					<pagecontrol></pagecontrol>
					<include>SettingsListCommons</include>
					<content>
						<include content="YesNoSettingItem">
							<param name="itemid" value="13"/>
							<param name="itemlabel" value="$LOCALIZE[32040]"/>
							<param name="skinsetting" value="KioskMode.Enabled"/>
						</include>                    
						<include content="YesNoSettingItemAddon">
							<param name="itemid" value="2"/>
							<param name="itemlabel" value="$LOCALIZE[31969]"/>
							<param name="skinsetting" value="Use_Artist_Slideshow"/>
							<param name="addonpath" value="script.artistslideshow"/>
						</include>
						<include content="YesNoSettingItemAddon">
							<param name="itemid" value="8"/>
							<param name="itemlabel" value="$LOCALIZE[31938]"/>
							<param name="skinsetting" value="Enable.GlobalSearch"/>
							<param name="addonpath" value="script.globalsearch"/>
						</include>
						<include content="YesNoSettingItemAddon">
							<param name="itemid" value="10"/>
							<param name="itemlabel" value="$LOCALIZE[31936]"/>
							<param name="skinsetting" value="Enable.SkinShortcuts"/>
							<param name="addonpath" value="script.skinshortcuts"/>
						</include>
						<include content="YesNoSettingItemAddon">
							<param name="itemid" value="11"/>
							<param name="itemlabel" value="$LOCALIZE[32008]"/>
							<param name="skinsetting" value="Enable.SpecialFeatures"/>
							<param name="addonpath" value="plugin.video.specialfeatures"/>
						</include>						
						<include content="YesNoSettingItemAddon">
							<param name="itemid" value="12"/>
							<param name="itemlabel" value="$LOCALIZE[32015]"/>
							<param name="skinsetting" value="Enable.ExtendedInfo"/>
							<param name="addonpath" value="script.extendedinfo"/>
						</include>                        
						<include content="InstallAddonItem">
							<param name="itemid" value="3"/>
							<param name="itemlabel" value="$LOCALIZE[31939]"/>
							<param name="addonpath" value="script.image.resource.select"/>
						</include>
						<include content="CustomImageResourceSettingItem">
							<param name="itemid" value="3"/>
							<param name="itemlabel">$LOCALIZE[31940]</param>
							<param name="itemlabel2">$LOCALIZE[15109]</param>
							<param name="itemvisibility" value="System.HasAddon(script.image.resource.select)"/>
							<param name="resourcetype" value="weathericons"/>
						</include>
						<include content="CustomImageResourceSettingItem">
							<param name="itemid" value="4"/>
							<param name="itemlabel">$LOCALIZE[31942]</param>
							<param name="resourcetype" value="studios"/>
							<param name="itemvisibility" value="System.HasAddon(script.image.resource.select)"/>
						</include>
						<include content="CustomImageResourceSettingItem">
							<param name="itemid" value="5"/>
							<param name="itemlabel">$LOCALIZE[31941]</param>
							<param name="resourcetype" value="moviegenreicons"/>
							<param name="itemvisibility" value="System.HasAddon(script.image.resource.select)"/>
						</include>
						<include content="CustomImageResourceSettingItem">
							<param name="itemid" value="6"/>
							<param name="itemlabel">$LOCALIZE[31943]</param>
							<param name="resourcetype" value="recordlabels"/>
							<param name="itemvisibility" value="System.HasAddon(script.image.resource.select)"/>
						</include>
						<include content="CustomImageResourceSettingItem">
							<param name="itemid" value="7"/>
							<param name="itemlabel">$LOCALIZE[31944]</param>
							<param name="resourcetype" value="musicgenreicons"/>
							<param name="itemvisibility" value="System.HasAddon(script.image.resource.select)"/>
						</include>
					</content>
				</control>
				<!--9000 9-->
				<control type="panel" id="9109">
					<visible>Container(9000).HasFocus(9)</visible>
					<onright>500</onright>
					<onup>9001</onup>
					<ondown>9001</ondown>
					<pagecontrol></pagecontrol>
					<include>SettingsListCommons</include>
					<content>
						<include content="PlexSettingItem">
							<param name="itemid" value="0"/>
						</include>
						<include content="PlexSettingItem">
							<param name="itemid" value="1"/>
						</include>
						<include content="PlexSettingItem">
							<param name="itemid" value="2"/>
						</include>
						<include content="PlexSettingItem">
							<param name="itemid" value="3"/>
						</include>
						<include content="PlexSettingItem">
							<param name="itemid" value="4"/>
						</include>
						<include content="PlexSettingItem">
							<param name="itemid" value="5"/>
						</include>
						<include content="PlexSettingItem">
							<param name="itemid" value="6"/>
						</include>
						<include content="PlexSettingItem">
							<param name="itemid" value="7"/>
						</include>
						<include content="PlexSettingItem">
							<param name="itemid" value="8"/>
						</include>
						<include content="PlexSettingItem">
							<param name="itemid" value="9"/>
						</include>
						<include content="PlexSettingItem">
							<param name="itemid" value="10"/>
						</include>
						<include content="PlexSettingItem">
							<param name="itemid" value="11"/>
						</include>
						<include content="PlexSettingItem">
							<param name="itemid" value="12"/>
						</include>
						<include content="PlexSettingItem">
							<param name="itemid" value="13"/>
						</include>
						<include content="PlexSettingItem">
							<param name="itemid" value="14"/>
						</include>
						<include content="PlexSettingItem">
							<param name="itemid" value="15"/>
						</include>
						<include content="PlexSettingItem">
							<param name="itemid" value="16"/>
						</include>
						<include content="PlexSettingItem">
							<param name="itemid" value="17"/>
						</include>
						<include content="PlexSettingItem">
							<param name="itemid" value="18"/>
						</include>
						<include content="PlexSettingItem">
							<param name="itemid" value="19"/>
						</include>
						<item id="50" description="Channels enabled">
							<visible>Skin.HasSetting(plexbmc) + !Skin.HasSetting(Channels.Hide)</visible>
							<label>$LOCALIZE[31975]</label>
							<label2>$LOCALIZE[449]</label2>
							<onclick>Skin.ToggleSetting(Channels.Hide)</onclick>
						</item>
						<item id="50" description="Channels disabled">
							<visible>Skin.HasSetting(plexbmc) + Skin.HasSetting(Channels.Hide)</visible>
							<label>[COLOR=Grey]$LOCALIZE[31975][/COLOR]</label>
							<label2>$LOCALIZE[1223]</label2>
							<onclick>Skin.ToggleSetting(Channels.Hide)</onclick>
						</item>
						<item id="51" description="Queue Enabled">
							<visible>!String.IsEmpty(Window(Home).Property(plexbmc.myplex)) + !Skin.HasSetting(Queue.Hide)</visible>
							<label>$LOCALIZE[31010]</label>
							<label2>$LOCALIZE[449]</label2>
							<onclick>Skin.ToggleSetting(Queue.Hide)</onclick>
						</item>
						<item id="51" description="Queue Disabled">
							<visible>!String.IsEmpty(Window(Home).Property(plexbmc.myplex)) + Skin.HasSetting(Queue.Hide)</visible>
							<label>[COLOR=Grey]$LOCALIZE[31010][/COLOR]</label>
							<label2>$LOCALIZE[1223]</label2>
							<onclick>Skin.ToggleSetting(Queue.Hide)</onclick>
						</item>
					</content>
				</control>
				<control type="panel" id="9110">
					<visible>Container(9000).HasFocus(10)</visible>
					<onright>500</onright>
					<onup>9010</onup>
					<ondown>9010</ondown>
					<pagecontrol></pagecontrol>
					<include>SettingsListCommons</include>
					<content>
						<include content="YesNoSettingItem">
							<param name="itemid" value="2"/>
							<param name="itemlabel" value="$LOCALIZE[31986]"/>
							<param name="skinsetting" value="Home_DefaultBG"/>
						</include>
						<include content="YesNoSettingItem">
							<param name="itemid" value="2"/>
							<param name="itemlabel" value="$LOCALIZE[31951]"/>
							<param name="skinsetting" value="Sub_DefaultBG"/>
						</include>
						<include content="YesNoSettingItem">
							<param name="itemid" value="3"/>
							<param name="itemlabel" value="$LOCALIZE[31971]"/>
							<param name="skinsetting" value="Home_FanArtBG"/>
						</include>
						<include content="YesNoSettingItem">
							<param name="itemid" value="4"/>
							<param name="itemlabel" value="$LOCALIZE[31953]"/>
							<param name="skinsetting" value="Sub_FanArtBG"/>
						</include>
						<include content="YesNoSettingItem">
							<param name="itemid" value="5"/>
							<param name="itemlabel" value="$LOCALIZE[31952]"/>
							<param name="skinsetting" value="MusicPlayingFanart"/>
						</include>
						<include content="YesNoSettingItem">
							<param name="itemid" value="6"/>
							<param name="itemlabel" value="$LOCALIZE[31949]"/>
							<param name="skinsetting" value="SkinHelper.EnableExtraFanart"/>
							<param name="itemvisibility" value="System.HasAddon(script.skin.helper.service)"/>
						</include>
						<include content="YesNoSettingItem">
							<param name="itemid" value="10"/>
							<param name="itemlabel" value="$LOCALIZE[31991]"/>
							<param name="skinsetting" value="Show_Player"/>
						</include>
					</content>
				</control>
			</control>
			<control type="group" id="9200">
				<!-- 9100 Middle panel -->
				<!--9000 2-->
				<left>740</left>
				<visible>Container(9000).HasFocus(5)</visible>
				<control type="label">
					<posx>476</posx>
					<posy>110</posy>
					<width>592</width>
					<height>90</height>
					<align>center</align>
					<textcolor>Highlight</textcolor>
					<label>$INFO[Container(9105).ListItem.Property(area),[B]$LOCALIZE[31964][CR],[/B]]</label>
				</control>
				<control type="panel" id="9205">
					<top>220</top>
					<onright>500</onright>
					<onup>9205</onup>
					<ondown>9205</ondown>
					<onleft>9100</onleft>
					<pagecontrol></pagecontrol>
					<include content="SettingsListCommons">
						<param name="listwidth">590</param>
						<param name="listheight">760</param>
					</include>
					<content>
						<include content="YesNoSettingItem">
							<param name="itemid" value="0"/>
							<param name="itemlabel" value="$LOCALIZE[31084]"/>
							<param name="skinsetting" value="Hide.Movies.Shelf.RecentlyAdded"/>
							<param name="itemvisibility" value="Container(9105).HasFocus(3)+ !Skin.HasSetting(Hide.Movies.Shelf) + !Skin.HasSetting(Use_Jarvis_Shelves)"/>
						</include>
						<include content="YesNoSettingItem">
							<param name="itemid" value="1"/>
							<param name="itemlabel" value="$LOCALIZE[31085]"/>
							<param name="skinsetting" value="Hide.Movies.Shelf.Random"/>
							<param name="itemvisibility" value="Container(9105).HasFocus(3)+ !Skin.HasSetting(Hide.Movies.Shelf) + !Skin.HasSetting(Use_Jarvis_Shelves)"/>
						</include>
						<include content="YesNoSettingItem">
							<param name="itemid" value="2"/>
							<param name="itemlabel" value="$LOCALIZE[31088]"/>
							<param name="skinsetting" value="Hide.Movies.Shelf.InProgress"/>
							<param name="itemvisibility" value="Container(9105).HasFocus(3)+ !Skin.HasSetting(Hide.Movies.Shelf) + !Skin.HasSetting(Use_Jarvis_Shelves)"/>
						</include>
						<include content="YesNoSettingItem">
							<param name="itemid" value="10"/>
							<param name="itemlabel" value="$LOCALIZE[31084]"/>
							<param name="skinsetting" value="Hide.TVShow.Shelf.RecentlyAdded"/>
							<param name="itemvisibility" value="Container(9105).HasFocus(4)+ !Skin.HasSetting(Hide.TVShow.Shelf) + !Skin.HasSetting(Use_Jarvis_Shelves)"/>
						</include>
						<include content="YesNoSettingItem">
							<param name="itemid" value="11"/>
							<param name="itemlabel" value="$LOCALIZE[31090]"/>
							<param name="skinsetting" value="Hide.TVShow.Shelf.Unwatched"/>
							<param name="itemvisibility" value="Container(9105).HasFocus(4)+ !Skin.HasSetting(Hide.TVShow.Shelf) + !Skin.HasSetting(Use_Jarvis_Shelves)"/>
						</include>
						<include content="YesNoSettingItem">
							<param name="itemid" value="12"/>
							<param name="itemlabel" value="$LOCALIZE[31089]"/>
							<param name="skinsetting" value="Hide.TVShow.Shelf.InProgress"/>
							<param name="itemvisibility" value="Container(9105).HasFocus(4)+ !Skin.HasSetting(Hide.TVShow.Shelf) + !Skin.HasSetting(Use_Jarvis_Shelves)"/>
						</include>
						<include content="YesNoSettingItem">
							<param name="itemid" value="13"/>
							<param name="itemlabel" value="$LOCALIZE[32041]"/>
							<param name="skinsetting" value="Hide.TVShow.Shelf.NextEpisodes"/>
							<param name="itemvisibility" value="Container(9105).HasFocus(4)+ !Skin.HasSetting(Hide.TVShow.Shelf) + !Skin.HasSetting(Use_Jarvis_Shelves)"/>
						</include>
						<include content="YesNoSettingItem">
							<param name="itemid" value="14"/>
							<param name="itemlabel" value="$LOCALIZE[31106]"/>
							<param name="skinsetting" value="Hide.TVShow.Shelf.InProgressShows"/>
							<param name="itemvisibility" value="Container(9105).HasFocus(4)+ !Skin.HasSetting(Hide.TVShow.Shelf) + !Skin.HasSetting(Use_Jarvis_Shelves)"/>
						</include>
						<include content="YesNoSettingItemAddon">
							<param name="itemid" value="100"/>
							<param name="itemlabel" value="$LOCALIZE[32012]"/>
							<param name="skinsetting" value="Hide.TVShow.Shelf.NextAiringEpisodes"/>
							<param name="addonpath" value="script.skin.helper.widgets"/>
							<param name="itemvisibility" value="Container(9105).HasFocus(4)+ !Skin.HasSetting(Hide.TVShow.Shelf) + !Skin.HasSetting(Use_Jarvis_Shelves)"/>							
						</include>
						<item id="101" description="Configure script.skin.helper.widgets">
							<visible>System.HasAddon(script.skin.helper.widgets) + Container(9105).HasFocus(4)+ !Skin.HasSetting(Hide.TVShow.Shelf) + !Skin.HasSetting(Use_Jarvis_Shelves) + !Skin.HasSetting(Hide.TVShow.Shelf.NextAiringEpisodes)</visible>
							<label> - $LOCALIZE[31964]</label>
							<onclick>Addon.OpenSettings(script.skin.helper.widgets)</onclick>
						</item>
						<include content="YesNoSettingItem">
							<param name="itemid" value="20"/>
							<param name="itemlabel" value="$LOCALIZE[31084]"/>
							<param name="skinsetting" value="Hide.Music.Shelf.RecentlyAddedAlbums"/>
							<param name="itemvisibility" value="Container(9105).HasFocus(6)+ !Skin.HasSetting(Hide.Music.Shelf) + !Skin.HasSetting(Use_Jarvis_Shelves)"/>
						</include>
						<include content="YesNoSettingItem">
							<param name="itemid" value="21"/>
							<param name="itemlabel" value="$LOCALIZE[31091]"/>
							<param name="skinsetting" value="Hide.Music.Shelf.MostPlayedAlbums"/>
							<param name="itemvisibility" value="Container(9105).HasFocus(6)+ !Skin.HasSetting(Hide.Music.Shelf) + !Skin.HasSetting(Use_Jarvis_Shelves)"/>
						</include>
						<include content="YesNoSettingItem">
							<param name="itemid" value="22"/>
							<param name="itemlabel" value="$LOCALIZE[31086]"/>
							<param name="skinsetting" value="Hide.Music.Shelf.RandomAlbums"/>
							<param name="itemvisibility" value="Container(9105).HasFocus(6)+ !Skin.HasSetting(Hide.Music.Shelf) + !Skin.HasSetting(Use_Jarvis_Shelves)"/>
						</include>
						<include content="YesNoSettingItem">
							<param name="itemid" value="23"/>
							<param name="itemlabel" value="$LOCALIZE[31092]"/>
							<param name="skinsetting" value="Hide.Music.Shelf.MostPlayedSongs"/>
							<param name="itemvisibility" value="Container(9105).HasFocus(6)+ !Skin.HasSetting(Hide.Music.Shelf) + !Skin.HasSetting(Use_Jarvis_Shelves)"/>
						</include>
						<include content="YesNoSettingItem">
							<param name="itemid" value="24"/>
							<param name="itemlabel" value="$LOCALIZE[31087]"/>
							<param name="skinsetting" value="Hide.Music.Shelf.RandomArtists"/>
							<param name="itemvisibility" value="Container(9105).HasFocus(6)+ !Skin.HasSetting(Hide.Music.Shelf) + !Skin.HasSetting(Use_Jarvis_Shelves)"/>
						</include>
						<include content="YesNoSettingItem">
							<param name="itemid" value="30"/>
							<param name="itemlabel" value="$LOCALIZE[31084]"/>
							<param name="skinsetting" value="Hide.MusicVideos.Shelf.RecentlyAdded"/>
							<param name="itemvisibility" value="Container(9105).HasFocus(7)+ !Skin.HasSetting(Hide.MusicVideos.Shelf) + !Skin.HasSetting(Use_Jarvis_Shelves)"/>
						</include>
						<include content="YesNoSettingItem">
							<param name="itemid" value="31"/>
							<param name="itemlabel" value="$LOCALIZE[31085]"/>
							<param name="skinsetting" value="Hide.MusicVideos.Shelf.Random"/>
							<param name="itemvisibility" value="Container(9105).HasFocus(7)+ !Skin.HasSetting(Hide.MusicVideos.Shelf) + !Skin.HasSetting(Use_Jarvis_Shelves)"/>
						</include>
						<include content="YesNoSettingItem">
							<param name="itemid" value="32"/>
							<param name="itemlabel" value="$LOCALIZE[31093]"/>
							<param name="skinsetting" value="Hide.MusicVideos.Shelf.Unwatched"/>
							<param name="itemvisibility" value="Container(9105).HasFocus(7)+ !Skin.HasSetting(Hide.MusicVideos.Shelf) + !Skin.HasSetting(Use_Jarvis_Shelves)"/>
						</include>
						<include content="YesNoSettingItem">
							<param name="itemid" value="40"/>
							<param name="itemlabel" value="$LOCALIZE[31094]"/>
							<param name="skinsetting" value="Hide.TV.Shelf.Channels"/>
							<param name="itemvisibility" value="Container(9105).HasFocus(8)+ !Skin.HasSetting(Hide.TV.Shelf) + !Skin.HasSetting(Use_Jarvis_Shelves)"/>
						</include>
						<include content="YesNoSettingItem">
							<param name="itemid" value="41"/>
							<param name="itemlabel" value="$LOCALIZE[31095]"/>
							<param name="skinsetting" value="Hide.TV.Shelf.Recordings"/>
							<param name="itemvisibility" value="Container(9105).HasFocus(8)+ !Skin.HasSetting(Hide.TV.Shelf) + !Skin.HasSetting(Use_Jarvis_Shelves)"/>
						</include>
						<include content="YesNoSettingItem">
							<param name="itemid" value="42"/>
							<param name="itemlabel" value="$LOCALIZE[31102]"/>
							<param name="skinsetting" value="Hide.TV.Widget.NowRecording"/>
							<param name="itemvisibility" value="Container(9105).HasFocus(8)+ !Skin.HasSetting(Hide.TV.Shelf) + !Skin.HasSetting(Use_Jarvis_Shelves)"/>
						</include>
						<include content="YesNoSettingItem">
							<param name="itemid" value="43"/>
							<param name="itemlabel" value="$LOCALIZE[31103]"/>
							<param name="skinsetting" value="Hide.TV.Widget.NextRecording"/>
							<param name="itemvisibility" value="Container(9105).HasFocus(8)+ !Skin.HasSetting(Hide.TV.Shelf) + !Skin.HasSetting(Use_Jarvis_Shelves)"/>
						</include>
						<include content="YesNoSettingItem">
							<param name="itemid" value="50"/>
							<param name="itemlabel" value="$LOCALIZE[31094]"/>
							<param name="skinsetting" value="Hide.Radio.Shelf.Channels"/>
							<param name="itemvisibility" value="Container(9105).HasFocus(9)+ !Skin.HasSetting(Hide.Radio.Shelf) + !Skin.HasSetting(Use_Jarvis_Shelves)"/>
						</include>
						<include content="YesNoSettingItem">
							<param name="itemid" value="51"/>
							<param name="itemlabel" value="$LOCALIZE[31095]"/>
							<param name="skinsetting" value="Hide.Radio.Shelf.Recordings"/>
							<param name="itemvisibility" value="Container(9105).HasFocus(9)+ !Skin.HasSetting(Hide.Radio.Shelf) + !Skin.HasSetting(Use_Jarvis_Shelves)"/>
						</include>
						<include content="YesNoSettingItem">
							<param name="itemid" value="52"/>
							<param name="itemlabel" value="$LOCALIZE[31102]"/>
							<param name="skinsetting" value="Hide.Radio.Widget.NowRecording"/>
							<param name="itemvisibility" value="Container(9105).HasFocus(9)+ !Skin.HasSetting(Hide.Radio.Shelf) + !Skin.HasSetting(Use_Jarvis_Shelves)"/>
						</include>
						<include content="YesNoSettingItem">
							<param name="itemid" value="53"/>
							<param name="itemlabel" value="$LOCALIZE[31103]"/>
							<param name="skinsetting" value="Hide.Radio.Widget.NextRecording"/>
							<param name="itemvisibility" value="Container(9105).HasFocus(9)+ !Skin.HasSetting(Hide.Radio.Shelf) + !Skin.HasSetting(Use_Jarvis_Shelves)"/>
						</include>
						<include content="YesNoSettingItem">
							<param name="itemid" value="60"/>
							<param name="itemlabel" value="$LOCALIZE[31096]"/>
							<param name="skinsetting" value="Shelf.Addons.Videos"/>
							<param name="itemvisibility" value="Container(9105).HasFocus(12)+ !Skin.HasSetting(Shelf.Addons) + !Skin.HasSetting(Use_Jarvis_Shelves)"/>
						</include>
						<include content="YesNoSettingItem">
							<param name="itemid" value="61"/>
							<param name="itemlabel" value="$LOCALIZE[31097]"/>
							<param name="skinsetting" value="Shelf.Addons.Music"/>
							<param name="itemvisibility" value="Container(9105).HasFocus(12)+ !Skin.HasSetting(Shelf.Addons) + !Skin.HasSetting(Use_Jarvis_Shelves)"/>
						</include>
						<include content="YesNoSettingItem">
							<param name="itemid" value="62"/>
							<param name="itemlabel" value="$LOCALIZE[31098]"/>
							<param name="skinsetting" value="Shelf.Addons.Pictures"/>
							<param name="itemvisibility" value="Container(9105).HasFocus(12)+ !Skin.HasSetting(Shelf.Addons) + !Skin.HasSetting(Use_Jarvis_Shelves)"/>
						</include>
						<include content="YesNoSettingItem">
							<param name="itemid" value="63"/>
							<param name="itemlabel" value="$LOCALIZE[31099]"/>
							<param name="skinsetting" value="Shelf.Addons.Programs"/>
							<param name="itemvisibility" value="Container(9105).HasFocus(12)+ !Skin.HasSetting(Shelf.Addons) + !Skin.HasSetting(Use_Jarvis_Shelves)"/>
						</include>
						<include content="YesNoSettingItem">
							<param name="itemid" value="65"/>
							<param name="itemlabel" value="$LOCALIZE[32002]"/>
							<param name="skinsetting" value="Shelf.Addons.Games"/>
							<param name="itemvisibility" value="Container(9105).HasFocus(12)+ !Skin.HasSetting(Shelf.Addons) + !Skin.HasSetting(Use_Jarvis_Shelves)"/>
						</include>						
						<include content="YesNoSettingItem">
							<param name="itemid" value="64"/>
							<param name="itemlabel" value="$LOCALIZE[31100]"/>
							<param name="skinsetting" value="Shelf.Addons.Favourites"/>
							<param name="itemvisibility" value="Container(9105).HasFocus(12)+ !Skin.HasSetting(Shelf.Addons) + !Skin.HasSetting(Use_Jarvis_Shelves)"/>
						</include>
						<item id="70" description="ADDONS">
							<visible>!Skin.HasSetting(Shelf.Addons) + !Skin.HasSetting(Hide.RecentlyAdded) + !Skin.HasSetting(Shelf.Addons.Favourites) + Container(9105).HasFocus(12)</visible>
							<label>$LOCALIZE[24000] 1</label>
							<label2>$INFO[Skin.String(ShelfAddons.1.Label)]</label2>
							<onclick>Skin.SetAddon(ShelfAddons.1.Label,xbmc.addon.video,xbmc.addon.audio,xbmc.addon.image,xbmc.addon.game,xbmc.addon.executable)</onclick>
						</item>
						<item id="71" description="ADDONS">
							<visible>!Skin.HasSetting(Shelf.Addons) + !Skin.HasSetting(Hide.RecentlyAdded) + !Skin.HasSetting(Shelf.Addons.Favourites) + Container(9105).HasFocus(12)</visible>
							<label>$LOCALIZE[24000] 2</label>
							<label2>$INFO[Skin.String(ShelfAddons.2.Label)]</label2>
							<onclick>Skin.SetAddon(ShelfAddons.2.Label,xbmc.addon.video,xbmc.addon.audio,xbmc.addon.image,xbmc.addon.game,xbmc.addon.executable)</onclick>
						</item>
						<item id="72" description="ADDONS">
							<visible>!Skin.HasSetting(Shelf.Addons) + !Skin.HasSetting(Hide.RecentlyAdded) + !Skin.HasSetting(Shelf.Addons.Favourites) + Container(9105).HasFocus(12)</visible>
							<label>$LOCALIZE[24000] 3</label>
							<label2>$INFO[Skin.String(ShelfAddons.3.Label)]</label2>
							<onclick>Skin.SetAddon(ShelfAddons.3.Label,xbmc.addon.video,xbmc.addon.audio,xbmc.addon.image,xbmc.addon.game,xbmc.addon.executable)</onclick>
						</item>
						<item id="73" description="ADDONS">
							<visible>!Skin.HasSetting(Shelf.Addons) + !Skin.HasSetting(Hide.RecentlyAdded) + !Skin.HasSetting(Shelf.Addons.Favourites) + Container(9105).HasFocus(12)</visible>
							<label>$LOCALIZE[24000] 4</label>
							<label2>$INFO[Skin.String(ShelfAddons.4.Label)]</label2>
							<onclick>Skin.SetAddon(ShelfAddons.4.Label,xbmc.addon.video,xbmc.addon.audio,xbmc.addon.image,xbmc.addon.game,xbmc.addon.executable)</onclick>
						</item>
						<item id="74" description="ADDONS">
							<visible>!Skin.HasSetting(Shelf.Addons) + !Skin.HasSetting(Hide.RecentlyAdded) + !Skin.HasSetting(Shelf.Addons.Favourites) + Container(9105).HasFocus(12)</visible>
							<label>$LOCALIZE[24000] 5</label>
							<label2>$INFO[Skin.String(ShelfAddons.5.Label)]</label2>
							<onclick>Skin.SetAddon(ShelfAddons.5.Label,xbmc.addon.video,xbmc.addon.audio,xbmc.addon.image,xbmc.addon.game,xbmc.addon.executable)</onclick>
						</item>
						<item id="75" description="ADDONS">
							<visible>!Skin.HasSetting(Shelf.Addons) + !Skin.HasSetting(Hide.RecentlyAdded) + !Skin.HasSetting(Shelf.Addons.Favourites) + Container(9105).HasFocus(12) + $EXP[SettingsAddon1to5Visibility]</visible>
							<label>$LOCALIZE[24000] 6</label>
							<label2>$INFO[Skin.String(ShelfAddons.6.Label)]</label2>
							<onclick>Skin.SetAddon(ShelfAddons.6.Label,xbmc.addon.video,xbmc.addon.audio,xbmc.addon.image,xbmc.addon.game,xbmc.addon.executable)</onclick>
						</item>
						<item id="76" description="ADDONS">
							<visible>!Skin.HasSetting(Shelf.Addons) + !Skin.HasSetting(Hide.RecentlyAdded) + !Skin.HasSetting(Shelf.Addons.Favourites) + Container(9105).HasFocus(12) + $EXP[SettingsAddon1to5Visibility]</visible>
							<label>$LOCALIZE[24000] 7</label>
							<label2>$INFO[Skin.String(ShelfAddons.7.Label)]</label2>
							<onclick>Skin.SetAddon(ShelfAddons.7.Label,xbmc.addon.video,xbmc.addon.audio,xbmc.addon.image,xbmc.addon.game,xbmc.addon.executable)</onclick>
						</item>
						<item id="77" description="ADDONS">
							<visible>!Skin.HasSetting(Shelf.Addons) + !Skin.HasSetting(Hide.RecentlyAdded) + !Skin.HasSetting(Shelf.Addons.Favourites) + Container(9105).HasFocus(12) + $EXP[SettingsAddon1to5Visibility]</visible>
							<label>$LOCALIZE[24000] 8</label>
							<label2>$INFO[Skin.String(ShelfAddons.8.Label)]</label2>
							<onclick>Skin.SetAddon(ShelfAddons.8.Label,xbmc.addon.video,xbmc.addon.audio,xbmc.addon.image,xbmc.addon.game,xbmc.addon.executable)</onclick>
						</item>
						<item id="78" description="ADDONS">
							<visible>!Skin.HasSetting(Shelf.Addons) + !Skin.HasSetting(Hide.RecentlyAdded) + !Skin.HasSetting(Shelf.Addons.Favourites) + Container(9105).HasFocus(12) + $EXP[SettingsAddon1to5Visibility]</visible>
							<label>$LOCALIZE[24000] 9</label>
							<label2>$INFO[Skin.String(ShelfAddons.9.Label)]</label2>
							<onclick>Skin.SetAddon(ShelfAddons.9.Label,xbmc.addon.video,xbmc.addon.audio,xbmc.addon.image,xbmc.addon.game,xbmc.addon.executable)</onclick>
						</item>
						<item id="79" description="ADDONS">
							<visible>!Skin.HasSetting(Shelf.Addons) + !Skin.HasSetting(Hide.RecentlyAdded) + !Skin.HasSetting(Shelf.Addons.Favourites) + Container(9105).HasFocus(12) + $EXP[SettingsAddon1to5Visibility]</visible>
							<label>$LOCALIZE[24000] 10</label>
							<label2>$INFO[Skin.String(ShelfAddons.10.Label)]</label2>
							<onclick>Skin.SetAddon(ShelfAddons.10.Label,xbmc.addon.video,xbmc.addon.audio,xbmc.addon.image,xbmc.addon.game,xbmc.addon.executable)</onclick>
						</item>
						<include content="YesNoSettingItem">
							<param name="itemid" value="80"/>
							<param name="itemlabel" value="$LOCALIZE[31104]"/>
							<param name="skinsetting" value="Hide.Weather.Shelf.Hourly"/>
							<param name="itemvisibility" value="Container(9105).HasFocus(10)+ !Skin.HasSetting(Hide.Weather.Shelf) + !Skin.HasSetting(Use_Jarvis_Shelves)"/>
						</include>
						<include content="YesNoSettingItem">
							<param name="itemid" value="81"/>
							<param name="itemlabel" value="$LOCALIZE[31105]"/>
							<param name="skinsetting" value="Hide.Weather.Shelf.Daily"/>
							<param name="itemvisibility" value="Container(9105).HasFocus(10)+ !Skin.HasSetting(Hide.Weather.Shelf) + !Skin.HasSetting(Use_Jarvis_Shelves)"/>
						</include>
					</content>
				</control>
			</control>
		</control>
		<control type="scrollbar" id="63">
			<visible>Control.HasFocus(9103)</visible>
			<posx>1155</posx>
			<posy>120</posy>
			<width>36</width>
			<height>860</height>
			<texturesliderbackground></texturesliderbackground>
			<texturesliderbar></texturesliderbar>
			<texturesliderbarfocus></texturesliderbarfocus>
			<textureslidernib border="18">OSD/ScrollbarNibNF.png</textureslidernib>
			<textureslidernibfocus border="18">OSD/ScrollbarNibFO.png</textureslidernibfocus>
			<showonepage>false</showonepage>
			<orientation>vertical</orientation>
			<onleft>9103</onleft>
			<onright>9000</onright>
		</control>
		<control type="scrollbar" id="65">
			<visible>Control.HasFocus(9105)</visible>
			<posx>1155</posx>
			<posy>120</posy>
			<width>36</width>
			<height>860</height>
			<texturesliderbackground></texturesliderbackground>
			<texturesliderbar></texturesliderbar>
			<texturesliderbarfocus></texturesliderbarfocus>
			<textureslidernib border="18">OSD/ScrollbarNibNF.png</textureslidernib>
			<textureslidernibfocus border="18">OSD/ScrollbarNibFO.png</textureslidernibfocus>
			<showonepage>false</showonepage>
			<orientation>vertical</orientation>
			<onleft>9103</onleft>
			<onright>9000</onright>
		</control>
		<control type="group" description="Holiday theme">
			<visible>Skin.HasSetting(holiday)</visible>
			<include>Holiday</include>
		</control>
	</controls>
</window>
