<?xml version="1.0" encoding="UTF-8"?>
<includes>
	<include name="StaticSettings">
		<movement>6</movement>
		<focusposition>5</focusposition>
	</include>

	<include name="NonStaticSettings">
		<movement>0</movement>
		<focusposition>3</focusposition>
	</include>

	<include name="BigVerticalFont">
		<font>MainMenuVerticalBig</font>
		<height>140</height>
	</include>

	<include name="NormalVerticalFont">
		<font>MainMenuVertical</font>
		<height>100</height>
	</include>

	<!-- Fixed/Wrap -->
	<include name="VerticalMenuFixed">
		<control type="fixedlist" id="300">
			<include>VerticalMenuListContent</include>
		</control>
	</include>
	<include name="VerticalMenuWrapped">
		<control type="wraplist" id="300">
			<include>VerticalMenuListContent</include>
		</control>
	</include>


	<include name="VerticalMenuListContent">
		<animation effect="fade" time="200" start="100" end="20" reversible="true" condition="!Control.HasFocus(300)">Conditional</animation>
		<left>30</left>
		<top>60</top>
		<width>380</width>
		<height>960</height>
		<onup>300</onup>
		<ondown>300</ondown>
		<onleft>9001</onleft>
		<onright>700</onright>
		<onback>9001</onback>
		<pagecontrol></pagecontrol>
		<include condition="Skin.HasSetting(StaticVerticalHome)">StaticSettings</include>
		<include condition="!Skin.HasSetting(StaticVerticalHome)">NonStaticSettings</include>
		<scrolltime tween="quadratic" easing="out">200</scrolltime>
		<animation effect="fade" time="200" start="100" end="50" reversible="true" condition="Control.HasFocus(9001)">Conditional</animation>
		<itemlayout height="140" width="380"  condition="Skin.HasSetting(Vertical.BiggerFont)">
			<control type="label">
				<width>380</width>
				<align>right</align>
				<aligny>center</aligny>
				<textcolor>Grey3</textcolor>
				<shadowcolor>ShadowDark</shadowcolor>
				<label>$INFO[ListItem.Label]</label>
				<scroll>false</scroll>
				<include condition="Skin.HasSetting(Vertical.BiggerFont)">BigVerticalFont</include>
			</control>
		</itemlayout>
		<focusedlayout height="140" width="380"  condition="Skin.HasSetting(Vertical.BiggerFont)">
			<control type="label">
				<width>380</width>
				<align>right</align>
				<aligny>center</aligny>
				<textcolor>Highlight</textcolor>
				<shadowcolor>ShadowDark</shadowcolor>
				<label>$INFO[ListItem.Label]</label>
				<include condition="Skin.HasSetting(Vertical.BiggerFont)">BigVerticalFont</include>
			</control>
		</focusedlayout>
		<itemlayout height="80" width="380" condition="!Skin.HasSetting(Vertical.BiggerFont)">
			<control type="label">
				<width>380</width>
				<align>right</align>
				<aligny>center</aligny>
				<textcolor>Grey3</textcolor>
				<shadowcolor>ShadowDark</shadowcolor>
				<label>$INFO[ListItem.Label]</label>
				<scroll>false</scroll>
				<include condition="!Skin.HasSetting(Vertical.BiggerFont)">NormalVerticalFont</include>
			</control>
		</itemlayout>
		<focusedlayout height="80" width="380"  condition="!Skin.HasSetting(Vertical.BiggerFont)">
			<control type="label">
				<width>380</width>
				<align>right</align>
				<aligny>center</aligny>
				<textcolor>Highlight</textcolor>
				<shadowcolor>ShadowDark</shadowcolor>
				<label>$INFO[ListItem.Label]</label>
				<include condition="!Skin.HasSetting(Vertical.BiggerFont)">NormalVerticalFont</include>
			</control>
		</focusedlayout>
		<content>
			<include>skinshortcuts-mainmenu</include>
		</content>
	</include>

	<include name="Vertical_Home_Layout">
		<control type="group" id="700">
            <visible>!Skin.HasSetting(Hide.AllShelves)</visible>
            <animation effect="fade" start="100" end="0" condition="!String.IsEmpty(Container(300).ListItem.Property(widgestHide)) + !ControlGroup(700).HasFocus">Conditional</animation>            
			<top>95</top>
			<left>431</left>
			<include>skinshortcuts-template-shelfgroup2shelvesbackground</include>
			<include>skinshortcuts-template-shelfgroup1</include>
			<include>skinshortcuts-template-shelfgroup2</include>
			<include>skinshortcuts-template-shelfgroup3</include>
			<include>skinshortcuts-template-shelfgroup4</include>
			<include>skinshortcuts-template-shelfgroup5</include>
			<include>skinshortcuts-template-shelfgroup6</include>
			<include>skinshortcuts-template-shelfbackgroundnavigation</include>
            <control type="group">
                <include>PVRRecordingWidgets</include>
			</control>
		</control>
		<control type="group">
			<control type="group" description="Furniture">
				<control type="image" description="Main Left Blade">
					<width>440</width>
					<height>1080</height>
					<texture border="0,0,30,0">common/ViewMenuHome.png</texture>
				</control>
			</control>
			<include condition="Skin.HasSetting(VerticalNavWrap)">VerticalMenuWrapped</include>
			<include condition="!Skin.HasSetting(VerticalNavWrap)">VerticalMenuFixed</include>
		</control>
		<control type="image" description="Sub Left Blade">
			<include>VisibleFadeEffect</include>
			<animation effect="slide" start="0,0" end="389,0" time="250" delay="0" reversible="true" condition="Control.HasFocus(9001)">conditional</animation>
			<posx>-518</posx>
			<width>540</width>
			<height>1080</height>
			<texture border="0,0,30,0">common/ViewMenu.png</texture>
		</control>
		<control type="list" id="9001">
			<visible allowhiddenfocus="true">Control.HasFocus(9001)</visible>
			<include>VisibleFadeEffect</include>
			<animation effect="slide" start="0,0" end="450,0" time="250" delay="0" condition="Control.HasFocus(9001)">conditional</animation>
			<animation effect="fade" time="300" start="100" end="0" delay="0" reversible="true" condition="!Control.HasFocus(9001)">Conditional</animation>
			<animation effect="slide" start="0,0" end="0,60" time="0" delay="0" condition="Integer.IsLess(Container(9001).NumItems,10)">conditional</animation>
			<animation effect="slide" start="0,0" end="0,60" time="0" delay="0" condition="Integer.IsLess(Container(9001).NumItems,8)">conditional</animation>
			<animation effect="slide" start="0,0" end="0,60" time="0" delay="0" condition="Integer.IsLess(Container(9001).NumItems,6)">conditional</animation>
			<posx>-450</posx>
			<posy>210</posy>
			<width>400</width>
			<height>660</height>
            <onleft condition="Control.isVisible(12001)">12001</onleft>
            <onleft condition="!Control.isVisible(12001)">300</onleft>
			<onright>300</onright>
			<onup>9001</onup>
			<ondown>9001</ondown>
			<onback>300</onback>
			<itemlayout width="400" height="60">
				<control type="image">
					<width>400</width>
					<height>60</height>
					<texture border="3">buttons/ButtonNF.png</texture>
				</control>
				<control type="label" description="Main Label">
					<posx>30</posx>
					<width>360</width>
					<height>60</height>
					<label>$INFO[ListItem.Label]</label>
				</control>
			</itemlayout>
			<focusedlayout width="400" height="60">
				<control type="image">
					<width>400</width>
					<height>60</height>
					<texture border="4" colordiffuse="Highlight">img/WhiteRoundedST2.png</texture>
				</control>
				<control type="label" description="Main Label">
					<posx>30</posx>
					<width>360</width>
					<height>60</height>
					<textcolor>Black</textcolor>
					<shadowcolor></shadowcolor>
					<label>$INFO[ListItem.Label]</label>
				</control>
			</focusedlayout>
			<content>
				<include>skinshortcuts-submenu</include>
			</content>
		</control>
	</include>

</includes>